2026-08-13 21:59:39,652 [INFO] __main__ — config 검증 완료 ✓
2026-08-13 21:59:39,652 [INFO] __main__ — ============================================================
2026-08-13 21:59:39,652 [INFO] __main__ — AlphaRadar v3.3.1  |  기준일: 20260814
2026-08-13 21:59:39,652 [INFO] __main__ — S = T×0.3 + S_text×0.4 + D×0.3
2026-08-13 21:59:39,653 [INFO] __main__ — ============================================================
2026-08-13 21:59:39,653 [INFO] __main__ — ▶ Step 0: 유니버스 필터링
2026-08-13 21:59:39,801 [INFO] __main__ — FDR 데이터 수집: 20260208 ~ 20260814
2026-08-13 21:59:42,026 [INFO] __main__ — KOSPI: 942개 | 섹터정보 829개 (DART +829개 보완)
2026-08-13 21:59:42,026 [INFO] __main__ — KOSDAQ: 1821개 | 섹터정보 1821개
2026-08-13 21:59:42,027 [INFO] __main__ — 전체: 2763개
2026-08-13 21:59:43,987 [INFO] __main__ — KIS 토큰 발급 완료
2026-08-13 22:13:56,061 [INFO] __main__ — DART corp_code 매핑: 2197/2248개 (97%)
2026-08-13 22:13:56,061 [INFO] __main__ — 유효 유니버스: 2248개
2026-08-13 22:13:56,072 [INFO] __main__ —   → 2248개
2026-08-13 22:13:56,073 [INFO] __main__ — ▶ Step 1: 신호 탐지
2026-08-13 22:13:56,073 [INFO] __main__ — NaverClient: 3개 키 로드 (DataLab·검색 독립 회전)
2026-08-13 22:13:56,073 [INFO] __main__ — 관심 지수 및 부정 뉴스 비율 조회 중...
2026-08-13 22:13:57,712 [INFO] __main__ — 봇 주가요약 제외 [빛과전자]: 3건
2026-08-13 22:13:57,736 [INFO] __main__ — 봇 주가요약 제외 [대한광통신]: 2건
2026-08-13 22:13:59,134 [INFO] __main__ — 봇 주가요약 제외 [LK삼양]: 1건
2026-08-13 22:13:59,155 [INFO] __main__ — 봇 주가요약 제외 [대원전선]: 2건
2026-08-13 22:14:03,283 [INFO] __main__ — 뉴스 시점 제외 [신스틸]: 3건 (>14일/파싱실패)
2026-08-13 22:14:03,283 [INFO] __main__ — 봇 주가요약 제외 [신스틸]: 1건
2026-08-13 22:14:04,266 [INFO] __main__ — 봇 주가요약 제외 [이브이첨단소재]: 1건
2026-08-13 22:14:06,521 [INFO] __main__ — 봇 주가요약 제외 [레몬헬스케어]: 1건
2026-08-13 22:14:06,952 [INFO] __main__ — 봇 주가요약 제외 [이랜시스]: 1건
2026-08-13 22:14:09,171 [INFO] __main__ — 봇 주가요약 제외 [혜인]: 1건
2026-08-13 22:14:11,891 [INFO] __main__ — 봇 주가요약 제외 [져스텍]: 2건
2026-08-13 22:14:14,943 [INFO] __main__ — 봇 주가요약 제외 [후성]: 1건
2026-08-13 22:14:19,859 [INFO] __main__ — 뉴스 시점 제외 [강동씨앤엘]: 4건 (>14일/파싱실패)
2026-08-13 22:14:19,939 [INFO] __main__ — 봇 주가요약 제외 [남화토건]: 1건
2026-08-13 22:14:20,433 [INFO] __main__ — 봇 주가요약 제외 [코칩]: 1건
2026-08-13 22:14:21,562 [INFO] __main__ — 봇 주가요약 제외 [코스모로보틱스]: 4건
2026-08-13 22:14:22,892 [INFO] __main__ — 봇 주가요약 제외 [우리기술]: 2건
2026-08-13 22:14:23,212 [INFO] __main__ — 봇 주가요약 제외 [폴라리스AI]: 2건
2026-08-13 22:14:24,774 [INFO] __main__ — 봇 주가요약 제외 [보성파워텍]: 1건
2026-08-13 22:14:26,584 [INFO] __main__ — 봇 주가요약 제외 [마키나락스]: 1건
2026-08-13 22:14:28,881 [INFO] __main__ — 뉴스 시점 제외 [맥쿼리인프라]: 3건 (>14일/파싱실패)
2026-08-13 22:14:34,267 [INFO] __main__ — 뉴스 시점 제외 [하이드로리튬]: 7건 (>14일/파싱실패)
2026-08-13 22:14:36,047 [INFO] __main__ — 봇 주가요약 제외 [지투파워]: 1건
2026-08-13 22:14:37,183 [INFO] __main__ — 봇 주가요약 제외 [휴림로봇]: 1건
2026-08-13 22:14:38,828 [INFO] __main__ — 봇 주가요약 제외 [한라캐스트]: 1건
2026-08-13 22:14:39,458 [INFO] __main__ — 봇 주가요약 제외 [삼화콘덴서]: 1건
2026-08-13 22:14:41,115 [INFO] __main__ — 봇 주가요약 제외 [삼성E&A]: 2건
2026-08-13 22:14:42,241 [INFO] __main__ — 뉴스 시점 제외 [부국철강]: 7건 (>14일/파싱실패)
2026-08-13 22:14:43,511 [INFO] __main__ — 봇 주가요약 제외 [흥구석유]: 1건
2026-08-13 22:14:44,342 [INFO] __main__ — 봇 주가요약 제외 [디앤디파마텍]: 1건
2026-08-13 22:14:45,450 [INFO] __main__ — 봇 주가요약 제외 [하나마이크론]: 2건
2026-08-13 22:14:45,801 [INFO] __main__ — 뉴스 시점 제외 [넥스틸]: 6건 (>14일/파싱실패)
2026-08-13 22:14:45,801 [INFO] __main__ — 봇 주가요약 제외 [넥스틸]: 1건
2026-08-13 22:14:46,722 [INFO] __main__ — 뉴스 시점 제외 [삼화전자]: 5건 (>14일/파싱실패)
2026-08-13 22:14:49,322 [INFO] __main__ — 뉴스 시점 제외 [고려산업]: 8건 (>14일/파싱실패)
2026-08-13 22:14:50,616 [INFO] __main__ — 뉴스 시점 제외 [한성크린텍]: 10건 (>14일/파싱실패)
2026-08-13 22:14:51,749 [INFO] __main__ — 뉴스 시점 제외 [에스에이엠티]: 4건 (>14일/파싱실패)
2026-08-13 22:14:53,968 [INFO] __main__ — 봇 주가요약 제외 [지엔씨에너지]: 3건
2026-08-13 22:14:54,012 [INFO] __main__ — 뉴스 시점 제외 [키스트론]: 12건 (>14일/파싱실패)
2026-08-13 22:14:54,014 [INFO] __main__ — 뉴스 시점 제외 [남화산업]: 8건 (>14일/파싱실패)
2026-08-13 22:14:55,260 [INFO] __main__ — 뉴스 시점 제외 [KX하이텍]: 5건 (>14일/파싱실패)
2026-08-13 22:14:57,824 [INFO] __main__ — 봇 주가요약 제외 [현대무벡스]: 3건
2026-08-13 22:14:59,105 [INFO] __main__ — 봇 주가요약 제외 [LG씨엔에스]: 3건
2026-08-13 22:15:00,202 [INFO] __main__ — 뉴스 시점 제외 [보해양조]: 7건 (>14일/파싱실패)
2026-08-13 22:15:00,228 [INFO] __main__ — 뉴스 시점 제외 [피제이메탈]: 9건 (>14일/파싱실패)
2026-08-13 22:15:02,471 [INFO] __main__ — 뉴스 시점 제외 [화신정공]: 6건 (>14일/파싱실패)
2026-08-13 22:15:08,897 [INFO] __main__ — 뉴스 시점 제외 [와이지-원]: 5건 (>14일/파싱실패)
2026-08-13 22:15:16,975 [INFO] __main__ — 봇 주가요약 제외 [셀바스AI]: 5건
2026-08-13 22:15:19,251 [INFO] __main__ — 봇 주가요약 제외 [대덕전자]: 1건
2026-08-13 22:15:20,389 [INFO] __main__ — 봇 주가요약 제외 [기가레인]: 1건
2026-08-13 22:15:22,589 [INFO] __main__ — 봇 주가요약 제외 [에스피지]: 1건
2026-08-13 22:15:22,664 [INFO] __main__ — 봇 주가요약 제외 [엘앤에프]: 2건
2026-08-13 22:15:24,843 [INFO] __main__ — 뉴스 시점 제외 [하이딥]: 8건 (>14일/파싱실패)
2026-08-13 22:15:29,652 [INFO] __main__ — 봇 주가요약 제외 [브이엠]: 1건
2026-08-13 22:15:30,658 [INFO] __main__ — 봇 주가요약 제외 [이노테크]: 1건
2026-08-13 22:15:34,264 [INFO] __main__ — 봇 주가요약 제외 [일승]: 2건
2026-08-13 22:15:36,503 [INFO] __main__ — 봇 주가요약 제외 [티엘비]: 1건
2026-08-13 22:15:38,752 [INFO] __main__ — 봇 주가요약 제외 [OCI홀딩스]: 2건
2026-08-13 22:15:38,771 [INFO] __main__ — 봇 주가요약 제외 [오리엔트바이오]: 1건
2026-08-13 22:15:41,630 [INFO] __main__ — 봇 주가요약 제외 [일진전기]: 2건
2026-08-13 22:15:41,642 [INFO] __main__ — 봇 주가요약 제외 [와이씨]: 5건
2026-08-13 22:15:42,907 [INFO] __main__ — 봇 주가요약 제외 [현대힘스]: 1건
2026-08-13 22:15:44,165 [INFO] __main__ — 봇 주가요약 제외 [이수페타시스]: 1건
2026-08-13 22:15:45,489 [INFO] __main__ — 봇 주가요약 제외 [테크윙]: 2건
2026-08-13 22:15:47,522 [INFO] __main__ — 뉴스 시점 제외 [한일사료]: 11건 (>14일/파싱실패)
2026-08-13 22:15:49,134 [INFO] __main__ — 뉴스 시점 제외 [비투엔]: 11건 (>14일/파싱실패)
2026-08-13 22:15:49,911 [INFO] __main__ — 봇 주가요약 제외 [JYP Ent.]: 2건
2026-08-13 22:15:50,470 [INFO] __main__ — 봇 주가요약 제외 [LS ELECTRIC]: 1건
2026-08-13 22:15:56,398 [INFO] __main__ — 봇 주가요약 제외 [두산로보틱스]: 1건
2026-08-13 22:16:00,849 [INFO] __main__ — 뉴스 시점 제외 [THE E&M]: 13건 (>14일/파싱실패)
2026-08-13 22:16:03,760 [INFO] __main__ — 뉴스 시점 제외 [휴스틸]: 1건 (>14일/파싱실패)
2026-08-13 22:16:05,558 [INFO] __main__ — 뉴스 시점 제외 [KBI동양철관]: 5건 (>14일/파싱실패)
2026-08-13 22:16:08,443 [INFO] __main__ — 봇 주가요약 제외 [디알텍]: 1건
2026-08-13 22:16:10,757 [INFO] __main__ — 뉴스 시점 제외 [서부T&D]: 3건 (>14일/파싱실패)
2026-08-13 22:16:13,178 [INFO] __main__ — 봇 주가요약 제외 [테스]: 1건
2026-08-13 22:16:19,269 [INFO] __main__ — 봇 주가요약 제외 [동진쎄미켐]: 2건
2026-08-13 22:16:21,184 [INFO] __main__ — 뉴스 시점 제외 [HB솔루션]: 6건 (>14일/파싱실패)
2026-08-13 22:16:24,102 [INFO] __main__ — 뉴스 시점 제외 [앤로보틱스]: 10건 (>14일/파싱실패)
2026-08-13 22:16:27,561 [INFO] __main__ — 봇 주가요약 제외 [피에스케이]: 1건
2026-08-13 22:16:28,390 [INFO] __main__ — 뉴스 시점 제외 [로체시스템즈]: 11건 (>14일/파싱실패)
2026-08-13 22:16:28,396 [INFO] __main__ — 봇 주가요약 제외 [리가켐바이오]: 1건
2026-08-13 22:16:33,075 [INFO] __main__ — 봇 주가요약 제외 [두산테스나]: 1건
2026-08-13 22:16:35,364 [INFO] __main__ — 봇 주가요약 제외 [코리아써키트]: 1건
2026-08-13 22:16:36,727 [INFO] __main__ — 뉴스 시점 제외 [퀀텀레일]: 2건 (>14일/파싱실패)
2026-08-13 22:16:37,653 [INFO] __main__ — 뉴스 시점 제외 [우리기술투자]: 7건 (>14일/파싱실패)
2026-08-13 22:16:37,850 [INFO] __main__ — 봇 주가요약 제외 [산일전기]: 1건
2026-08-13 22:16:38,095 [INFO] __main__ — 뉴스 시점 제외 [에스와이스틸텍]: 12건 (>14일/파싱실패)
2026-08-13 22:16:41,577 [INFO] __main__ — 뉴스 시점 제외 [KB스타리츠]: 13건 (>14일/파싱실패)
2026-08-13 22:16:43,828 [INFO] __main__ — 뉴스 시점 제외 [아남전자]: 2건 (>14일/파싱실패)
2026-08-13 22:16:49,647 [INFO] __main__ — 봇 주가요약 제외 [비에이치아이]: 1건
2026-08-13 22:16:50,779 [INFO] __main__ — 뉴스 시점 제외 [수산세보틱스]: 3건 (>14일/파싱실패)
2026-08-13 22:16:51,920 [INFO] __main__ — 봇 주가요약 제외 [삼성에스디에스]: 2건
2026-08-13 22:16:54,157 [INFO] __main__ — 뉴스 시점 제외 [성문전자]: 6건 (>14일/파싱실패)
2026-08-13 22:16:55,582 [INFO] __main__ — 뉴스 시점 제외 [ESR켄달스퀘어리츠]: 6건 (>14일/파싱실패)
2026-08-13 22:16:56,590 [INFO] __main__ — 봇 주가요약 제외 [에이피알]: 1건
2026-08-13 22:17:04,078 [INFO] __main__ — 뉴스 시점 제외 [감성코퍼레이션]: 8건 (>14일/파싱실패)
2026-08-13 22:17:07,443 [INFO] __main__ — 뉴스 시점 제외 [대주산업]: 12건 (>14일/파싱실패)
2026-08-13 22:17:10,774 [INFO] __main__ — 뉴스 시점 제외 [미래에셋증권2우B]: 14건 (>14일/파싱실패)
2026-08-13 22:17:14,294 [INFO] __main__ — 봇 주가요약 제외 [원익QnC]: 1건
2026-08-13 22:17:14,474 [INFO] __main__ — 봇 주가요약 제외 [태웅]: 1건
2026-08-13 22:17:15,183 [INFO] __main__ — 부정 키워드 감지: 26개 종목 (neg_ratio > 0)
2026-08-13 22:17:15,187 [INFO] __main__ — 수급일수충족·합계음수 제외: 148개
2026-08-13 22:17:20,768 [INFO] __main__ — 뉴스 시점 제외 [두산우]: 15건 (>14일/파싱실패)
2026-08-13 22:17:23,257 [INFO] __main__ — 봇 주가요약 제외 [해성디에스]: 1건
2026-08-13 22:17:25,721 [INFO] __main__ — 뉴스 시점 제외 [신한알파리츠]: 14건 (>14일/파싱실패)
2026-08-13 22:17:25,761 [INFO] __main__ — 뉴스 시점 제외 [맵스리얼티]: 15건 (>14일/파싱실패)
2026-08-13 22:17:26,378 [INFO] __main__ — 뉴스 시점 제외 [세아홀딩스]: 5건 (>14일/파싱실패)
2026-08-13 22:17:26,394 [INFO] __main__ — 뉴스 시점 제외 [전진건설로봇]: 7건 (>14일/파싱실패)
2026-08-13 22:17:27,139 [INFO] __main__ — 뉴스 시점 제외 [아모레퍼시픽우]: 14건 (>14일/파싱실패)
2026-08-13 22:17:27,781 [INFO] __main__ — 뉴스 시점 제외 [현대차3우B]: 11건 (>14일/파싱실패)
2026-08-13 22:17:28,385 [INFO] __main__ — 뉴스 시점 제외 [농심홀딩스]: 14건 (>14일/파싱실패)
2026-08-13 22:17:28,964 [INFO] __main__ — 봇 주가요약 제외 [한전산업]: 3건
2026-08-13 22:17:29,005 [INFO] __main__ — 뉴스 시점 제외 [KISCO홀딩스]: 2건 (>14일/파싱실패)
2026-08-13 22:17:30,825 [INFO] __main__ — 봇 주가요약 제외 [서흥]: 1건
2026-08-13 22:17:30,910 [INFO] __main__ — 뉴스 시점 제외 [두산2우B]: 14건 (>14일/파싱실패)
2026-08-13 22:17:32,310 [INFO] __main__ — 뉴스 시점 제외 [서울가스]: 8건 (>14일/파싱실패)
2026-08-13 22:17:33,540 [INFO] __main__ — 뉴스 시점 제외 [코스맥스비티아이]: 1건 (>14일/파싱실패)
2026-08-13 22:17:33,548 [INFO] __main__ — 뉴스 시점 제외 [이지스밸류플러스리츠]: 14건 (>14일/파싱실패)
2026-08-13 22:17:33,957 [INFO] __main__ — 뉴스 시점 제외 [신한서부티엔디리츠]: 10건 (>14일/파싱실패)
2026-08-13 22:17:35,417 [INFO] __main__ — 뉴스 시점 제외 [노루홀딩스]: 12건 (>14일/파싱실패)
2026-08-13 22:17:36,040 [INFO] __main__ — 뉴스 시점 제외 [LG우]: 14건 (>14일/파싱실패)
2026-08-13 22:17:37,279 [INFO] __main__ — 뉴스 시점 제외 [에스엠벡셀]: 5건 (>14일/파싱실패)
2026-08-13 22:17:37,838 [INFO] __main__ — 뉴스 시점 제외 [SYTS]: 7건 (>14일/파싱실패)
2026-08-13 22:17:38,456 [INFO] __main__ — 뉴스 시점 제외 [유수홀딩스]: 10건 (>14일/파싱실패)
2026-08-13 22:17:38,467 [INFO] __main__ — 뉴스 시점 제외 [금호석유화학우]: 15건 (>14일/파싱실패)
2026-08-13 22:17:38,525 [INFO] __main__ — 뉴스 시점 제외 [조선내화]: 12건 (>14일/파싱실패)
2026-08-13 22:17:40,113 [INFO] __main__ — 뉴스 시점 제외 [이구산업]: 10건 (>14일/파싱실패)
2026-08-13 22:17:40,127 [INFO] __main__ — 뉴스 시점 제외 [일진다이아]: 6건 (>14일/파싱실패)
2026-08-13 22:17:40,319 [INFO] __main__ — 뉴스 시점 제외 [한국주철관]: 7건 (>14일/파싱실패)
2026-08-13 22:17:40,759 [INFO] __main__ — 뉴스 시점 제외 [한진중공업홀딩스]: 11건 (>14일/파싱실패)
2026-08-13 22:17:41,050 [INFO] __main__ — 뉴스 시점 제외 [신라교역]: 10건 (>14일/파싱실패)
2026-08-13 22:17:41,825 [INFO] __main__ — 뉴스 시점 제외 [태림포장]: 12건 (>14일/파싱실패)
2026-08-13 22:17:42,892 [INFO] __main__ — 뉴스 시점 제외 [경동인베스트]: 9건 (>14일/파싱실패)
2026-08-13 22:17:42,902 [INFO] __main__ — 뉴스 시점 제외 [대성홀딩스]: 9건 (>14일/파싱실패)
2026-08-13 22:17:43,687 [INFO] __main__ — 뉴스 시점 제외 [DL이앤씨2우(전환)]: 14건 (>14일/파싱실패)
2026-08-13 22:17:44,000 [INFO] __main__ — 뉴스 시점 제외 [동남합성]: 3건 (>14일/파싱실패)
2026-08-13 22:17:44,312 [INFO] __main__ — 뉴스 시점 제외 [삼익악기]: 4건 (>14일/파싱실패)
2026-08-13 22:17:44,467 [INFO] __main__ — 뉴스 시점 제외 [아시아나IDT]: 10건 (>14일/파싱실패)
2026-08-13 22:17:45,078 [INFO] __main__ — 뉴스 시점 제외 [황금에스티]: 3건 (>14일/파싱실패)
2026-08-13 22:17:45,246 [INFO] __main__ — 뉴스 시점 제외 [영보화학]: 14건 (>14일/파싱실패)
2026-08-13 22:17:45,251 [INFO] __main__ — 뉴스 시점 제외 [NI스틸]: 14건 (>14일/파싱실패)
2026-08-13 22:17:45,683 [INFO] __main__ — 뉴스 시점 제외 [DKME]: 13건 (>14일/파싱실패)
2026-08-13 22:17:45,875 [INFO] __main__ — 뉴스 시점 제외 [DRB동일]: 10건 (>14일/파싱실패)
2026-08-13 22:17:46,491 [INFO] __main__ — 뉴스 시점 제외 [유한양행우]: 15건 (>14일/파싱실패)
2026-08-13 22:17:46,646 [INFO] __main__ — 뉴스 시점 제외 [SK이노베이션우]: 12건 (>14일/파싱실패)
2026-08-13 22:17:47,054 [INFO] __main__ — 뉴스 시점 제외 [CS홀딩스]: 14건 (>14일/파싱실패)
2026-08-13 22:17:47,254 [INFO] __main__ — 뉴스 시점 제외 [사조오양]: 8건 (>14일/파싱실패)
2026-08-13 22:17:47,880 [INFO] __main__ — 뉴스 시점 제외 [화천기공]: 12건 (>14일/파싱실패)
2026-08-13 22:17:48,673 [INFO] __main__ — 뉴스 시점 제외 [아모레퍼시픽홀딩스우]: 14건 (>14일/파싱실패)
2026-08-13 22:17:48,910 [INFO] __main__ — 뉴스 시점 제외 [NH프라임리츠]: 13건 (>14일/파싱실패)
2026-08-13 22:17:49,267 [INFO] __main__ — 뉴스 시점 제외 [한국내화]: 13건 (>14일/파싱실패)
2026-08-13 22:17:49,883 [INFO] __main__ — 뉴스 시점 제외 [태경케미컬]: 8건 (>14일/파싱실패)
2026-08-13 22:17:50,930 [INFO] __main__ — 뉴스 시점 제외 [보락]: 2건 (>14일/파싱실패)
2026-08-13 22:17:51,125 [INFO] __main__ — 뉴스 시점 제외 [BYC우]: 9건 (>14일/파싱실패)
2026-08-13 22:17:51,301 [INFO] __main__ — 뉴스 시점 제외 [기신정기]: 15건 (>14일/파싱실패)
2026-08-13 22:17:51,739 [INFO] __main__ — 뉴스 시점 제외 [DL이앤씨우]: 15건 (>14일/파싱실패)
2026-08-13 22:17:51,914 [INFO] __main__ — 뉴스 시점 제외 [롯데칠성우]: 15건 (>14일/파싱실패)
2026-08-13 22:17:52,523 [INFO] __main__ — 뉴스 시점 제외 [상신브레이크]: 5건 (>14일/파싱실패)
2026-08-13 22:17:53,131 [INFO] __main__ — 뉴스 시점 제외 [한화솔루션우]: 10건 (>14일/파싱실패)
2026-08-13 22:17:53,142 [INFO] __main__ — 뉴스 시점 제외 [DYP]: 12건 (>14일/파싱실패)
2026-08-13 22:17:53,410 [INFO] __main__ — 뉴스 시점 제외 [문배철강]: 11건 (>14일/파싱실패)
2026-08-13 22:17:54,393 [INFO] __main__ — 뉴스 시점 제외 [DL우]: 15건 (>14일/파싱실패)
2026-08-13 22:17:54,812 [INFO] __main__ — 뉴스 시점 제외 [우진플라임]: 10건 (>14일/파싱실패)
2026-08-13 22:17:55,154 [INFO] __main__ — 뉴스 시점 제외 [화인베스틸]: 10건 (>14일/파싱실패)
2026-08-13 22:17:55,775 [INFO] __main__ — 뉴스 시점 제외 [동일제강]: 9건 (>14일/파싱실패)
2026-08-13 22:17:56,667 [INFO] __main__ — 봇 주가요약 제외 [ISC]: 1건
2026-08-13 22:17:57,465 [INFO] __main__ — 봇 주가요약 제외 [유일로보틱스]: 1건
2026-08-13 22:17:57,656 [INFO] __main__ — 뉴스 시점 제외 [이엔에프테크놀로지]: 4건 (>14일/파싱실패)
2026-08-13 22:18:03,045 [INFO] __main__ — 뉴스 시점 제외 [한국알콜]: 6건 (>14일/파싱실패)
2026-08-13 22:18:03,499 [INFO] __main__ — 봇 주가요약 제외 [씨앤씨인터내셔널]: 1건
2026-08-13 22:18:05,366 [INFO] __main__ — 뉴스 시점 제외 [리파인]: 12건 (>14일/파싱실패)
2026-08-13 22:18:05,990 [INFO] __main__ — 뉴스 시점 제외 [대원산업]: 5건 (>14일/파싱실패)
2026-08-13 22:18:07,923 [INFO] __main__ — 뉴스 시점 제외 [베뉴지]: 13건 (>14일/파싱실패)
2026-08-13 22:18:08,549 [INFO] __main__ — 뉴스 시점 제외 [해성산업]: 9건 (>14일/파싱실패)
2026-08-13 22:18:09,422 [INFO] __main__ — 봇 주가요약 제외 [제일일렉트릭]: 1건
2026-08-13 22:18:09,644 [INFO] __main__ — 뉴스 시점 제외 [슈피겐코리아]: 2건 (>14일/파싱실패)
2026-08-13 22:18:11,832 [INFO] __main__ — 뉴스 시점 제외 [나우IB]: 3건 (>14일/파싱실패)
2026-08-13 22:18:12,127 [INFO] __main__ — 뉴스 시점 제외 [이엘씨]: 1건 (>14일/파싱실패)
2026-08-13 22:18:12,544 [INFO] __main__ — 뉴스 시점 제외 [동방메디컬]: 2건 (>14일/파싱실패)
2026-08-13 22:18:14,365 [INFO] __main__ — 뉴스 시점 제외 [유아이엘]: 12건 (>14일/파싱실패)
2026-08-13 22:18:15,629 [INFO] __main__ — 뉴스 시점 제외 [케이엔더블유]: 14건 (>14일/파싱실패)
2026-08-13 22:18:15,649 [INFO] __main__ — 뉴스 시점 제외 [옵투스제약]: 10건 (>14일/파싱실패)
2026-08-13 22:18:15,930 [INFO] __main__ — 뉴스 시점 제외 [우리손에프앤지]: 12건 (>14일/파싱실패)
2026-08-13 22:18:18,877 [INFO] __main__ — 뉴스 시점 제외 [스톰테크]: 12건 (>14일/파싱실패)
2026-08-13 22:18:19,509 [INFO] __main__ — 뉴스 시점 제외 [일지테크]: 6건 (>14일/파싱실패)
2026-08-13 22:18:19,550 [INFO] __main__ — 뉴스 시점 제외 [동국S&C]: 5건 (>14일/파싱실패)
2026-08-13 22:18:19,798 [INFO] __main__ — 뉴스 시점 제외 [대림제지]: 12건 (>14일/파싱실패)
2026-08-13 22:18:20,132 [INFO] __main__ — 뉴스 시점 제외 [제닉스로보틱스]: 12건 (>14일/파싱실패)
2026-08-13 22:18:21,408 [INFO] __main__ — 뉴스 시점 제외 [대한뉴팜]: 11건 (>14일/파싱실패)
2026-08-13 22:18:21,636 [INFO] __main__ — 뉴스 시점 제외 [나이스디앤비]: 5건 (>14일/파싱실패)
2026-08-13 22:18:22,024 [INFO] __main__ — 뉴스 시점 제외 [포커스에이아이]: 8건 (>14일/파싱실패)
2026-08-13 22:18:23,261 [INFO] __main__ — 뉴스 시점 제외 [삼현철강]: 11건 (>14일/파싱실패)
2026-08-13 22:18:23,553 [INFO] __main__ — 뉴스 시점 제외 [엔브이에이치코리아]: 14건 (>14일/파싱실패)
2026-08-13 22:18:24,795 [INFO] __main__ — 뉴스 시점 제외 [아이디피]: 11건 (>14일/파싱실패)
2026-08-13 22:18:25,161 [INFO] __main__ — 뉴스 시점 제외 [양지사]: 14건 (>14일/파싱실패)
2026-08-13 22:18:25,423 [INFO] __main__ — 뉴스 시점 제외 [라이온켐텍]: 6건 (>14일/파싱실패)
2026-08-13 22:18:25,786 [INFO] __main__ — 뉴스 시점 제외 [시공테크]: 4건 (>14일/파싱실패)
2026-08-13 22:18:27,052 [INFO] __main__ — 뉴스 시점 제외 [레뷰코퍼레이션]: 9건 (>14일/파싱실패)
2026-08-13 22:18:27,304 [INFO] __main__ — 뉴스 시점 제외 [샌즈랩]: 6건 (>14일/파싱실패)
2026-08-13 22:18:27,694 [INFO] __main__ — 뉴스 시점 제외 [해성에어로보틱스]: 9건 (>14일/파싱실패)
2026-08-13 22:18:27,928 [INFO] __main__ — 뉴스 시점 제외 [푸드웰]: 12건 (>14일/파싱실패)
2026-08-13 22:18:28,297 [INFO] __main__ — 뉴스 시점 제외 [동일금속]: 11건 (>14일/파싱실패)
2026-08-13 22:18:28,312 [INFO] __main__ — 뉴스 시점 제외 [스마트레이더시스템]: 7건 (>14일/파싱실패)
2026-08-13 22:18:28,917 [INFO] __main__ — 뉴스 시점 제외 [셀바이오휴먼텍]: 8건 (>14일/파싱실패)
2026-08-13 22:18:29,583 [INFO] __main__ — 뉴스 시점 제외 [나래나노텍]: 11건 (>14일/파싱실패)
2026-08-13 22:18:29,816 [INFO] __main__ — 뉴스 시점 제외 [고바이오랩]: 1건 (>14일/파싱실패)
2026-08-13 22:18:30,201 [INFO] __main__ — 뉴스 시점 제외 [유비벨록스]: 9건 (>14일/파싱실패)
2026-08-13 22:18:31,055 [INFO] __main__ — 뉴스 시점 제외 [이건홀딩스]: 6건 (>14일/파싱실패)
2026-08-13 22:18:31,421 [INFO] __main__ — 뉴스 시점 제외 [디알젬]: 10건 (>14일/파싱실패)
2026-08-13 22:18:32,689 [INFO] __main__ — 뉴스 시점 제외 [토탈소프트]: 9건 (>14일/파싱실패)
2026-08-13 22:18:32,835 [INFO] __main__ — 뉴스 시점 제외 [코렌텍]: 12건 (>14일/파싱실패)
2026-08-13 22:18:33,919 [INFO] __main__ — 뉴스 시점 제외 [알피바이오]: 8건 (>14일/파싱실패)
2026-08-13 22:18:34,319 [INFO] __main__ — 뉴스 시점 제외 [엠투엔]: 10건 (>14일/파싱실패)
2026-08-13 22:18:34,534 [INFO] __main__ — 뉴스 시점 제외 [디티씨]: 1건 (>14일/파싱실패)
2026-08-13 22:18:35,008 [INFO] __main__ — 뉴스 시점 제외 [삼진식품]: 14건 (>14일/파싱실패)
2026-08-13 22:18:35,132 [INFO] __main__ — 뉴스 시점 제외 [홈캐스트]: 13건 (>14일/파싱실패)
2026-08-13 22:18:35,755 [INFO] __main__ — 뉴스 시점 제외 [경창산업]: 7건 (>14일/파싱실패)
2026-08-13 22:18:36,866 [INFO] __main__ — 뉴스 시점 제외 [프로이천]: 10건 (>14일/파싱실패)
2026-08-13 22:18:37,155 [INFO] __main__ — 봇 주가요약 제외 [에이텀]: 1건
2026-08-13 22:18:37,489 [INFO] __main__ — 뉴스 시점 제외 [HB인베스트먼트]: 5건 (>14일/파싱실패)
2026-08-13 22:18:37,772 [INFO] __main__ — 뉴스 시점 제외 [제이피아이헬스케어]: 4건 (>14일/파싱실패)
2026-08-13 22:18:37,828 [INFO] __main__ — 뉴스 시점 제외 [비아이매트릭스]: 13건 (>14일/파싱실패)
2026-08-13 22:18:38,109 [INFO] __main__ — 뉴스 시점 제외 [셀로맥스사이언스]: 9건 (>14일/파싱실패)
2026-08-13 22:18:38,397 [INFO] __main__ — 뉴스 시점 제외 [YW]: 15건 (>14일/파싱실패)
2026-08-13 22:18:40,902 [INFO] __main__ — 뉴스 시점 제외 [한국팩키지]: 13건 (>14일/파싱실패)
2026-08-13 22:18:41,517 [INFO] __main__ — 뉴스 시점 제외 [상신전자]: 8건 (>14일/파싱실패)
2026-08-13 22:18:41,538 [INFO] __main__ — 뉴스 시점 제외 [쓰리에이로직스]: 12건 (>14일/파싱실패)
2026-08-13 22:18:41,844 [INFO] __main__ — 뉴스 시점 제외 [서진오토모티브]: 15건 (>14일/파싱실패)
2026-08-13 22:18:42,768 [INFO] __main__ — 뉴스 시점 제외 [보라티알]: 10건 (>14일/파싱실패)
2026-08-13 22:18:42,777 [INFO] __main__ — 뉴스 시점 제외 [지슨]: 4건 (>14일/파싱실패)
2026-08-13 22:18:43,093 [INFO] __main__ — 뉴스 시점 제외 [고려제약]: 4건 (>14일/파싱실패)
2026-08-13 22:18:43,383 [INFO] __main__ — 뉴스 시점 제외 [콜마바이오텍]: 10건 (>14일/파싱실패)
2026-08-13 22:18:43,713 [INFO] __main__ — 뉴스 시점 제외 [케일럼]: 14건 (>14일/파싱실패)
2026-08-13 22:18:44,001 [INFO] __main__ — 뉴스 시점 제외 [DH오토리드]: 13건 (>14일/파싱실패)
2026-08-13 22:18:44,479 [INFO] __main__ — 뉴스 시점 제외 [서연탑메탈]: 9건 (>14일/파싱실패)
2026-08-13 22:18:44,639 [INFO] __main__ — 뉴스 시점 제외 [백금T&A]: 4건 (>14일/파싱실패)
2026-08-13 22:18:45,108 [INFO] __main__ — 뉴스 시점 제외 [바이오톡스텍]: 4건 (>14일/파싱실패)
2026-08-13 22:18:45,267 [INFO] __main__ — 뉴스 시점 제외 [아세아텍]: 2건 (>14일/파싱실패)
2026-08-13 22:18:46,654 [INFO] __main__ — 뉴스 시점 제외 [에코캡]: 10건 (>14일/파싱실패)
2026-08-13 22:18:46,669 [INFO] __main__ — 뉴스 시점 제외 [유니온바이오메트릭스]: 8건 (>14일/파싱실패)
2026-08-13 22:18:47,450 [INFO] __main__ — 뉴스 시점 제외 [베노티앤알]: 3건 (>14일/파싱실패)
2026-08-13 22:18:47,455 [INFO] __main__ — 뉴스 시점 제외 [코셈]: 14건 (>14일/파싱실패)
2026-08-13 22:18:48,218 [INFO] __main__ — 뉴스 시점 제외 [솔디펜스]: 4건 (>14일/파싱실패)
2026-08-13 22:18:48,864 [INFO] __main__ — 뉴스 시점 제외 [오브젠]: 11건 (>14일/파싱실패)
2026-08-13 22:18:49,621 [INFO] __main__ — 뉴스 시점 제외 [다산디엠씨]: 12건 (>14일/파싱실패)
2026-08-13 22:18:49,642 [INFO] __main__ — 뉴스 시점 제외 [제이엔비]: 12건 (>14일/파싱실패)
2026-08-13 22:18:50,260 [INFO] __main__ — 뉴스 시점 제외 [케이씨티]: 7건 (>14일/파싱실패)
2026-08-13 22:18:50,897 [INFO] __main__ — 뉴스 시점 제외 [큐캐피탈]: 1건 (>14일/파싱실패)
2026-08-13 22:18:51,529 [INFO] __main__ — 뉴스 시점 제외 [멤레이비티]: 13건 (>14일/파싱실패)
2026-08-13 22:18:51,655 [INFO] __main__ — 뉴스 시점 제외 [에스프리즘]: 12건 (>14일/파싱실패)
2026-08-13 22:18:52,274 [INFO] __main__ — 뉴스 시점 제외 [에스에이티]: 14건 (>14일/파싱실패)
2026-08-13 22:18:52,933 [INFO] __main__ — 뉴스 시점 제외 [파인디지털]: 10건 (>14일/파싱실패)
2026-08-13 22:18:52,959 [INFO] __main__ — 뉴스 시점 제외 [시큐브]: 8건 (>14일/파싱실패)
2026-08-13 22:18:53,646 [INFO] __main__ — POOL_A 후보 부정뉴스 2차 조회: 454개
2026-08-13 22:18:53,650 [INFO] __main__ — POOL_A: 905개 (A:488 B:243 동시:174) | 부정게이트 제외:7
  대형:79 중형:191 소형:635
2026-08-13 22:18:53,657 [INFO] __main__ — 대조군 표본(무신호): 40개 / 모집단 1343개 → pool_history
2026-08-13 22:18:53,661 [INFO] __main__ —   → POOL_A: 905개
2026-08-13 22:18:53,661 [INFO] __main__ — ▶ Step 2: 하드 필터링
2026-08-13 22:18:53,662 [INFO] __main__ — 하드 필터 제거: 883개 | 과열배제 128 | 이격도상한 80 | 이격도하한 21 | MA추세 601 | RSI과열 7 | 거래대금 46
2026-08-13 22:18:53,664 [INFO] __main__ — 과열 gated 기록: 128개 → gated_tickers
2026-08-13 22:18:53,666 [INFO] __main__ — 대조군 표본(필터탈락): 188개 / 모집단 883개 → pool_history
2026-08-13 22:18:53,667 [INFO] __main__ — POOL_B: 22개 | 대형:0 중형:7 소형:15
2026-08-13 22:18:53,667 [INFO] __main__ —   → POOL_B: 22개
2026-08-13 22:18:53,667 [INFO] __main__ — ▶ Step 3: 스코어링 (FinBERT 감성 분석)
2026-08-13 22:18:53,667 [INFO] __main__ — NaverClient: 3개 키 로드 (DataLab·검색 독립 회전)
2026-08-13 22:18:53,667 [INFO] __main__ — 텍스트 신규 수집: 22종목 (캐시 적중 0종목)
2026-08-13 22:18:54,204 [INFO] __main__ — 봇 주가요약 제외 [대원전선]: 2건
2026-08-13 22:18:54,209 [INFO] __main__ — 봇 주가요약 제외 [SK이터닉스]: 2건
2026-08-13 22:18:54,213 [INFO] __main__ — 뉴스 시점 제외 [이수화학]: 24건 (>14일/파싱실패)
2026-08-13 22:18:58,241 [INFO] __main__ — 뉴스 시점 제외 [삼화전자]: 20건 (>14일/파싱실패)
2026-08-13 22:18:58,243 [INFO] __main__ — 봇 주가요약 제외 [심텍]: 2건
2026-08-13 22:19:02,345 [INFO] __main__ — 봇 주가요약 제외 [피에스케이]: 2건
2026-08-13 22:19:02,347 [INFO] __main__ — 봇 주가요약 제외 [테스]: 1건
2026-08-13 22:19:02,524 [INFO] __main__ — 봇 주가요약 제외 [브이엠]: 3건
2026-08-13 22:19:06,330 [INFO] __main__ — 뉴스 시점 제외 [에스에이엠티]: 19건 (>14일/파싱실패)
2026-08-13 22:19:06,495 [INFO] __main__ — 뉴스 시점 제외 [한국알콜]: 21건 (>14일/파싱실패)
2026-08-13 22:19:10,117 [INFO] __main__ — 봇 주가요약 제외 [마녀공장]: 2건
2026-08-13 22:19:18,176 [INFO] __main__ — 뉴스 시점 제외 [청담글로벌]: 18건 (>14일/파싱실패)
2026-08-13 22:19:21,636 [INFO] __main__ — 뉴스 시점 제외 [데이타솔루션]: 16건 (>14일/파싱실패)
2026-08-13 22:19:24,859 [INFO] __main__ — 기사 보존(수집): 179건 (22종목) → news_articles
2026-08-13 22:19:24,861 [INFO] __main__ — 공시 보존(수집): 48건 (22종목) → dart_filings
2026-08-13 22:19:24,862 [INFO] __main__ — 수집 완료: 뉴스 179건 | 공시 48건
2026-08-13 22:19:24,862 [INFO] __main__ — FinBERT 감성 분석 (finbert 모드)...
2026-08-13 22:19:24,862 [INFO] __main__ — FinBERT 로딩: snunlp/KR-FinBert-SC (CPU, batch=8)
2026-08-13 22:19:25,026 [INFO] httpx — HTTP Request: GET https://huggingface.co/api/agent-harnesses "HTTP/1.1 200 OK"
2026-08-13 22:19:25,092 [INFO] httpx — HTTP Request: HEAD https://huggingface.co/snunlp/KR-FinBert-SC/resolve/main/config.json "HTTP/1.1 307 Temporary Redirect"
2026-08-13 22:19:25,093 [WARNING] huggingface_hub.utils._http — Warning: You are sending unauthenticated requests to the HF Hub. Please set a HF_TOKEN to enable higher rate limits and faster downloads.
2026-08-13 22:19:25,115 [INFO] httpx — HTTP Request: HEAD https://huggingface.co/api/resolve-cache/models/snunlp/KR-FinBert-SC/f8586286cc3161fb648e9fee09a456069fd846d0/config.json "HTTP/1.1 200 OK"
2026-08-13 22:19:25,212 [INFO] httpx — HTTP Request: HEAD https://huggingface.co/snunlp/KR-FinBert-SC/resolve/main/model.safetensors "HTTP/1.1 404 Not Found"
2026-08-13 22:19:25,281 [INFO] httpx — HTTP Request: GET https://huggingface.co/api/models/snunlp/KR-FinBert-SC "HTTP/1.1 200 OK"
2026-08-13 22:19:25,359 [INFO] httpx — HTTP Request: GET https://huggingface.co/api/models/snunlp/KR-FinBert-SC/commits/main "HTTP/1.1 200 OK"
2026-08-13 22:19:25,430 [INFO] httpx — HTTP Request: GET https://huggingface.co/api/models/snunlp/KR-FinBert-SC/discussions?p=0 "HTTP/1.1 200 OK"
2026-08-13 22:19:25,431 [INFO] httpx — HTTP Request: GET https://huggingface.co/api/models/snunlp/KR-FinBert-SC/tree/main/additional_chat_templates?recursive=false&expand=false "HTTP/1.1 404 Not Found"
2026-08-13 22:19:25,497 [INFO] httpx — HTTP Request: GET https://huggingface.co/api/models/snunlp/KR-FinBert-SC/tree/main?recursive=true&expand=false "HTTP/1.1 200 OK"
2026-08-13 22:19:25,519 [INFO] httpx — HTTP Request: GET https://huggingface.co/api/models/snunlp/KR-FinBert-SC/commits/refs%2Fpr%2F3 "HTTP/1.1 200 OK"
2026-08-13 22:19:25,580 [INFO] httpx — HTTP Request: HEAD https://huggingface.co/snunlp/KR-FinBert-SC/resolve/refs%2Fpr%2F3/model.safetensors.index.json "HTTP/1.1 404 Not Found"
2026-08-13 22:19:25,581 [INFO] httpx — HTTP Request: HEAD https://huggingface.co/snunlp/KR-FinBert-SC/resolve/main/processor_config.json "HTTP/1.1 404 Not Found"
2026-08-13 22:19:25,648 [INFO] httpx — HTTP Request: HEAD https://huggingface.co/snunlp/KR-FinBert-SC/resolve/refs%2Fpr%2F3/model.safetensors "HTTP/1.1 302 Found"
2026-08-13 22:19:25,720 [INFO] httpx — HTTP Request: HEAD https://huggingface.co/snunlp/KR-FinBert-SC/resolve/main/video_preprocessor_config.json "HTTP/1.1 404 Not Found"
2026-08-13 22:19:25,820 [INFO] httpx — HTTP Request: HEAD https://huggingface.co/snunlp/KR-FinBert-SC/resolve/main/preprocessor_config.json "HTTP/1.1 404 Not Found"
2026-08-13 22:19:25,821 [INFO] __main__ — FinBERT 로드 완료 (CPU)
2026-08-13 22:19:37,675 [INFO] __main__ — Phase A.1: 매핑 신뢰도 < 0.5 → 감성 점수 폐기 20건
2026-08-13 22:19:37,675 [INFO] __main__ — 스코어링: 22개 | 집중:0 | FinBERT:finbert
2026-08-13 22:19:37,692 [INFO] __main__ —   → 22개
2026-08-13 22:19:37,692 [INFO] __main__ — ▶ Step 4: 발송
2026-08-13 22:19:41,101 [INFO] __main__ — DB 기록: 9개 / 전체 to_send 9개
2026-08-13 22:19:41,102 [INFO] __main__ — 발송: 9종목 | 누적 4~10회 2 | 신규 0
2026-08-13 22:19:41,102 [INFO] __main__ — 완료  |  소요: 1201.4초
2026-08-14 10:36:35,685 [INFO] __main__ — config 검증 완료 ✓
2026-08-14 10:36:35,685 [INFO] __main__ — ============================================================
2026-08-14 10:36:35,686 [INFO] __main__ — AlphaRadar v3.3.1  |  기준일: 20260814
2026-08-14 10:36:35,686 [INFO] __main__ — S = T×0.3 + S_text×0.4 + D×0.3
2026-08-14 10:36:35,686 [INFO] __main__ — ============================================================
2026-08-14 10:36:35,686 [INFO] __main__ — ▶ Step 0: 유니버스 필터링
2026-08-14 10:36:35,839 [INFO] __main__ — FDR 데이터 수집: 20260208 ~ 20260814
2026-08-14 10:36:37,196 [INFO] __main__ — KOSPI: 942개 | 섹터정보 829개 (DART +829개 보완)
2026-08-14 10:36:37,197 [INFO] __main__ — KOSDAQ: 1821개 | 섹터정보 1821개
2026-08-14 10:36:37,197 [INFO] __main__ — 전체: 2763개
2026-08-14 10:36:49,017 [WARNING] __main__ — KIS 토큰 발급 실패: HTTPSConnectionPool(host='openapivts.koreainvestment.com', port=29443): Max retries exceeded with url: /oauth2/tokenP (Caused by ConnectTimeoutError(<HTTPSConnection(host='openapivts.koreainvestment.com', port=29443) at 0x7fbfb8cbef90>, 'Connection to openapivts.koreainvestment.com timed out. (connect timeout=10)'))
2026-08-14 10:36:59,118 [WARNING] __main__ — KIS 토큰 발급 실패: HTTPSConnectionPool(host='openapivts.koreainvestment.com', port=29443): Max retries exceeded with url: /oauth2/tokenP (Caused by ConnectTimeoutError(<HTTPSConnection(host='openapivts.koreainvestment.com', port=29443) at 0x7fbfb8cf6d90>, 'Connection to openapivts.koreainvestment.com timed out. (connect timeout=10)'))
2026-08-14 10:37:09,217 [WARNING] __main__ — KIS 토큰 발급 실패: HTTPSConnectionPool(host='openapivts.koreainvestment.com', port=29443): Max retries exceeded with url: /oauth2/tokenP (Caused by ConnectTimeoutError(<HTTPSConnection(host='openapivts.koreainvestment.com', port=29443) at 0x7fbfb8b6b310>, 'Connection to openapivts.koreainvestment.com timed out. (connect timeout=10)'))
2026-08-14 10:37:19,488 [WARNING] __main__ — KIS 토큰 발급 실패: HTTPSConnectionPool(host='openapivts.koreainvestment.com', port=29443): Max retries exceeded with url: /oauth2/tokenP (Caused by ConnectTimeoutError(<HTTPSConnection(host='openapivts.koreainvestment.com', port=29443) at 0x7fbfb8c8f150>, 'Connection to openapivts.koreainvestment.com timed out. (connect timeout=10)'))
2026-08-14 10:37:29,538 [WARNING] __main__ — KIS 토큰 발급 실패: HTTPSConnectionPool(host='openapivts.koreainvestment.com', port=29443): Max retries exceeded with url: /oauth2/tokenP (Caused by ConnectTimeoutError(<HTTPSConnection(host='openapivts.koreainvestment.com', port=29443) at 0x7fbfb8b1c850>, 'Connection to openapivts.koreainvestment.com timed out. (connect timeout=10)'))
2026-08-14 10:37:39,563 [WARNING] __main__ — KIS 토큰 발급 실패: HTTPSConnectionPool(host='openapivts.koreainvestment.com', port=29443): Max retries exceeded with url: /oauth2/tokenP (Caused by ConnectTimeoutError(<HTTPSConnection(host='openapivts.koreainvestment.com', port=29443) at 0x7fbfb8cd2bd0>, 'Connection to openapivts.koreainvestment.com timed out. (connect timeout=10)'))
2026-08-14 10:37:49,578 [WARNING] __main__ — KIS 토큰 발급 실패: HTTPSConnectionPool(host='openapivts.koreainvestment.com', port=29443): Max retries exceeded with url: /oauth2/tokenP (Caused by ConnectTimeoutError(<HTTPSConnection(host='openapivts.koreainvestment.com', port=29443) at 0x7fbfcc6b1850>, 'Connection to openapivts.koreainvestment.com timed out. (connect timeout=10)'))
2026-08-14 10:37:59,626 [WARNING] __main__ — KIS 토큰 발급 실패: HTTPSConnectionPool(host='openapivts.koreainvestment.com', port=29443): Max retries exceeded with url: /oauth2/tokenP (Caused by ConnectTimeoutError(<HTTPSConnection(host='openapivts.koreainvestment.com', port=29443) at 0x7fbfb8b00fd0>, 'Connection to openapivts.koreainvestment.com timed out. (connect timeout=10)'))
2026-08-14 10:38:09,650 [WARNING] __main__ — KIS 토큰 발급 실패: HTTPSConnectionPool(host='openapivts.koreainvestment.com', port=29443): Max retries exceeded with url: /oauth2/tokenP (Caused by ConnectTimeoutError(<HTTPSConnection(host='openapivts.koreainvestment.com', port=29443) at 0x7fbfcd040a90>, 'Connection to openapivts.koreainvestment.com timed out. (connect timeout=10)'))
2026-08-14 10:38:19,673 [WARNING] __main__ — KIS 토큰 발급 실패: HTTPSConnectionPool(host='openapivts.koreainvestment.com', port=29443): Max retries exceeded with url: /oauth2/tokenP (Caused by ConnectTimeoutError(<HTTPSConnection(host='openapivts.koreainvestment.com', port=29443) at 0x7fbfb8c8d650>, 'Connection to openapivts.koreainvestment.com timed out. (connect timeout=10)'))
2026-08-14 10:38:29,694 [WARNING] __main__ — KIS 토큰 발급 실패: HTTPSConnectionPool(host='openapivts.koreainvestment.com', port=29443): Max retries exceeded with url: /oauth2/tokenP (Caused by ConnectTimeoutError(<HTTPSConnection(host='openapivts.koreainvestment.com', port=29443) at 0x7fbfcc420410>, 'Connection to openapivts.koreainvestment.com timed out. (connect timeout=10)'))
2026-08-14 10:38:39,791 [WARNING] __main__ — KIS 토큰 발급 실패: HTTPSConnectionPool(host='openapivts.koreainvestment.com', port=29443): Max retries exceeded with url: /oauth2/tokenP (Caused by ConnectTimeoutError(<HTTPSConnection(host='openapivts.koreainvestment.com', port=29443) at 0x7fbfcd135190>, 'Connection to openapivts.koreainvestment.com timed out. (connect timeout=10)'))
2026-08-14 10:38:49,890 [WARNING] __main__ — KIS 토큰 발급 실패: HTTPSConnectionPool(host='openapivts.koreainvestment.com', port=29443): Max retries exceeded with url: /oauth2/tokenP (Caused by ConnectTimeoutError(<HTTPSConnection(host='openapivts.koreainvestment.com', port=29443) at 0x7fbff3d09450>, 'Connection to openapivts.koreainvestment.com timed out. (connect timeout=10)'))
2026-08-14 10:38:59,909 [WARNING] __main__ — KIS 토큰 발급 실패: HTTPSConnectionPool(host='openapivts.koreainvestment.com', port=29443): Max retries exceeded with url: /oauth2/tokenP (Caused by ConnectTimeoutError(<HTTPSConnection(host='openapivts.koreainvestment.com', port=29443) at 0x7fbfcc4f8310>, 'Connection to openapivts.koreainvestment.com timed out. (connect timeout=10)'))
2026-08-14 10:39:10,022 [WARNING] __main__ — KIS 토큰 발급 실패: HTTPSConnectionPool(host='openapivts.koreainvestment.com', port=29443): Max retries exceeded with url: /oauth2/tokenP (Caused by ConnectTimeoutError(<HTTPSConnection(host='openapivts.koreainvestment.com', port=29443) at 0x7fbfcc164850>, 'Connection to openapivts.koreainvestment.com timed out. (connect timeout=10)'))
2026-08-14 10:39:20,045 [WARNING] __main__ — KIS 토큰 발급 실패: HTTPSConnectionPool(host='openapivts.koreainvestment.com', port=29443): Max retries exceeded with url: /oauth2/tokenP (Caused by ConnectTimeoutError(<HTTPSConnection(host='openapivts.koreainvestment.com', port=29443) at 0x7fbfcd134590>, 'Connection to openapivts.koreainvestment.com timed out. (connect timeout=10)'))
2026-08-14 10:39:30,058 [WARNING] __main__ — KIS 토큰 발급 실패: HTTPSConnectionPool(host='openapivts.koreainvestment.com', port=29443): Max retries exceeded with url: /oauth2/tokenP (Caused by ConnectTimeoutError(<HTTPSConnection(host='openapivts.koreainvestment.com', port=29443) at 0x7fbfb8cf4750>, 'Connection to openapivts.koreainvestment.com timed out. (connect timeout=10)'))
2026-08-14 10:39:40,076 [WARNING] __main__ — KIS 토큰 발급 실패: HTTPSConnectionPool(host='openapivts.koreainvestment.com', port=29443): Max retries exceeded with url: /oauth2/tokenP (Caused by ConnectTimeoutError(<HTTPSConnection(host='openapivts.koreainvestment.com', port=29443) at 0x7fbfb8c8fc50>, 'Connection to openapivts.koreainvestment.com timed out. (connect timeout=10)'))
2026-08-14 10:39:50,101 [WARNING] __main__ — KIS 토큰 발급 실패: HTTPSConnectionPool(host='openapivts.koreainvestment.com', port=29443): Max retries exceeded with url: /oauth2/tokenP (Caused by ConnectTimeoutError(<HTTPSConnection(host='openapivts.koreainvestment.com', port=29443) at 0x7fbfb8b20250>, 'Connection to openapivts.koreainvestment.com timed out. (connect timeout=10)'))
2026-08-14 10:40:00,194 [WARNING] __main__ — KIS 토큰 발급 실패: HTTPSConnectionPool(host='openapivts.koreainvestment.com', port=29443): Max retries exceeded with url: /oauth2/tokenP (Caused by ConnectTimeoutError(<HTTPSConnection(host='openapivts.koreainvestment.com', port=29443) at 0x7fbfcc64d5d0>, 'Connection to openapivts.koreainvestment.com timed out. (connect timeout=10)'))
2026-08-14 10:40:10,215 [WARNING] __main__ — KIS 토큰 발급 실패: HTTPSConnectionPool(host='openapivts.koreainvestment.com', port=29443): Max retries exceeded with url: /oauth2/tokenP (Caused by ConnectTimeoutError(<HTTPSConnection(host='openapivts.koreainvestment.com', port=29443) at 0x7fbfcf676090>, 'Connection to openapivts.koreainvestment.com timed out. (connect timeout=10)'))
2026-08-14 10:40:20,234 [WARNING] __main__ — KIS 토큰 발급 실패: HTTPSConnectionPool(host='openapivts.koreainvestment.com', port=29443): Max retries exceeded with url: /oauth2/tokenP (Caused by ConnectTimeoutError(<HTTPSConnection(host='openapivts.koreainvestment.com', port=29443) at 0x7fbfb8b22950>, 'Connection to openapivts.koreainvestment.com timed out. (connect timeout=10)'))
2026-08-14 10:40:30,334 [WARNING] __main__ — KIS 토큰 발급 실패: HTTPSConnectionPool(host='openapivts.koreainvestment.com', port=29443): Max retries exceeded with url: /oauth2/tokenP (Caused by ConnectTimeoutError(<HTTPSConnection(host='openapivts.koreainvestment.com', port=29443) at 0x7fbfb8cc3490>, 'Connection to openapivts.koreainvestment.com timed out. (connect timeout=10)'))
2026-08-14 10:40:40,357 [WARNING] __main__ — KIS 토큰 발급 실패: HTTPSConnectionPool(host='openapivts.koreainvestment.com', port=29443): Max retries exceeded with url: /oauth2/tokenP (Caused by ConnectTimeoutError(<HTTPSConnection(host='openapivts.koreainvestment.com', port=29443) at 0x7fbfcc165790>, 'Connection to openapivts.koreainvestment.com timed out. (connect timeout=10)'))
2026-08-14 10:40:50,377 [WARNING] __main__ — KIS 토큰 발급 실패: HTTPSConnectionPool(host='openapivts.koreainvestment.com', port=29443): Max retries exceeded with url: /oauth2/tokenP (Caused by ConnectTimeoutError(<HTTPSConnection(host='openapivts.koreainvestment.com', port=29443) at 0x7fbfb8b6a4d0>, 'Connection to openapivts.koreainvestment.com timed out. (connect timeout=10)'))
2026-08-14 10:41:00,397 [WARNING] __main__ — KIS 토큰 발급 실패: HTTPSConnectionPool(host='openapivts.koreainvestment.com', port=29443): Max retries exceeded with url: /oauth2/tokenP (Caused by ConnectTimeoutError(<HTTPSConnection(host='openapivts.koreainvestment.com', port=29443) at 0x7fbfcc67ba90>, 'Connection to openapivts.koreainvestment.com timed out. (connect timeout=10)'))
2026-08-14 10:41:10,410 [WARNING] __main__ — KIS 토큰 발급 실패: HTTPSConnectionPool(host='openapivts.koreainvestment.com', port=29443): Max retries exceeded with url: /oauth2/tokenP (Caused by ConnectTimeoutError(<HTTPSConnection(host='openapivts.koreainvestment.com', port=29443) at 0x7fbfcc4c1ad0>, 'Connection to openapivts.koreainvestment.com timed out. (connect timeout=10)'))
2026-08-14 10:41:20,424 [WARNING] __main__ — KIS 토큰 발급 실패: HTTPSConnectionPool(host='openapivts.koreainvestment.com', port=29443): Max retries exceeded with url: /oauth2/tokenP (Caused by ConnectTimeoutError(<HTTPSConnection(host='openapivts.koreainvestment.com', port=29443) at 0x7fbfcc5a9d10>, 'Connection to openapivts.koreainvestment.com timed out. (connect timeout=10)'))
2026-08-14 10:41:30,443 [WARNING] __main__ — KIS 토큰 발급 실패: HTTPSConnectionPool(host='openapivts.koreainvestment.com', port=29443): Max retries exceeded with url: /oauth2/tokenP (Caused by ConnectTimeoutError(<HTTPSConnection(host='openapivts.koreainvestment.com', port=29443) at 0x7fbfb8b6ea90>, 'Connection to openapivts.koreainvestment.com timed out. (connect timeout=10)'))
2026-08-14 10:41:40,466 [WARNING] __main__ — KIS 토큰 발급 실패: HTTPSConnectionPool(host='openapivts.koreainvestment.com', port=29443): Max retries exceeded with url: /oauth2/tokenP (Caused by ConnectTimeoutError(<HTTPSConnection(host='openapivts.koreainvestment.com', port=29443) at 0x7fbfcc4f82d0>, 'Connection to openapivts.koreainvestment.com timed out. (connect timeout=10)'))
2026-08-14 10:41:50,565 [WARNING] __main__ — KIS 토큰 발급 실패: HTTPSConnectionPool(host='openapivts.koreainvestment.com', port=29443): Max retries exceeded with url: /oauth2/tokenP (Caused by ConnectTimeoutError(<HTTPSConnection(host='openapivts.koreainvestment.com', port=29443) at 0x7fbfb8cc10d0>, 'Connection to openapivts.koreainvestment.com timed out. (connect timeout=10)'))
2026-08-14 10:42:00,585 [WARNING] __main__ — KIS 토큰 발급 실패: HTTPSConnectionPool(host='openapivts.koreainvestment.com', port=29443): Max retries exceeded with url: /oauth2/tokenP (Caused by ConnectTimeoutError(<HTTPSConnection(host='openapivts.koreainvestment.com', port=29443) at 0x7fbfcd1dd350>, 'Connection to openapivts.koreainvestment.com timed out. (connect timeout=10)'))
2026-08-14 10:42:10,610 [WARNING] __main__ — KIS 토큰 발급 실패: HTTPSConnectionPool(host='openapivts.koreainvestment.com', port=29443): Max retries exceeded with url: /oauth2/tokenP (Caused by ConnectTimeoutError(<HTTPSConnection(host='openapivts.koreainvestment.com', port=29443) at 0x7fbfb8cbc5d0>, 'Connection to openapivts.koreainvestment.com timed out. (connect timeout=10)'))
2026-08-14 10:42:20,638 [WARNING] __main__ — KIS 토큰 발급 실패: HTTPSConnectionPool(host='openapivts.koreainvestment.com', port=29443): Max retries exceeded with url: /oauth2/tokenP (Caused by ConnectTimeoutError(<HTTPSConnection(host='openapivts.koreainvestment.com', port=29443) at 0x7fbfcd1bb310>, 'Connection to openapivts.koreainvestment.com timed out. (connect timeout=10)'))
2026-08-14 10:42:30,687 [WARNING] __main__ — KIS 토큰 발급 실패: HTTPSConnectionPool(host='openapivts.koreainvestment.com', port=29443): Max retries exceeded with url: /oauth2/tokenP (Caused by ConnectTimeoutError(<HTTPSConnection(host='openapivts.koreainvestment.com', port=29443) at 0x7fbfb8cd02d0>, 'Connection to openapivts.koreainvestment.com timed out. (connect timeout=10)'))
2026-08-14 10:42:40,699 [WARNING] __main__ — KIS 토큰 발급 실패: HTTPSConnectionPool(host='openapivts.koreainvestment.com', port=29443): Max retries exceeded with url: /oauth2/tokenP (Caused by ConnectTimeoutError(<HTTPSConnection(host='openapivts.koreainvestment.com', port=29443) at 0x7fbfb8b98ad0>, 'Connection to openapivts.koreainvestment.com timed out. (connect timeout=10)'))
2026-08-14 10:42:50,721 [WARNING] __main__ — KIS 토큰 발급 실패: HTTPSConnectionPool(host='openapivts.koreainvestment.com', port=29443): Max retries exceeded with url: /oauth2/tokenP (Caused by ConnectTimeoutError(<HTTPSConnection(host='openapivts.koreainvestment.com', port=29443) at 0x7fbfb8cc2ed0>, 'Connection to openapivts.koreainvestment.com timed out. (connect timeout=10)'))
2026-08-14 10:43:00,771 [WARNING] __main__ — KIS 토큰 발급 실패: HTTPSConnectionPool(host='openapivts.koreainvestment.com', port=29443): Max retries exceeded with url: /oauth2/tokenP (Caused by ConnectTimeoutError(<HTTPSConnection(host='openapivts.koreainvestment.com', port=29443) at 0x7fbfcd105c90>, 'Connection to openapivts.koreainvestment.com timed out. (connect timeout=10)'))
2026-08-14 10:43:10,874 [WARNING] __main__ — KIS 토큰 발급 실패: HTTPSConnectionPool(host='openapivts.koreainvestment.com', port=29443): Max retries exceeded with url: /oauth2/tokenP (Caused by ConnectTimeoutError(<HTTPSConnection(host='openapivts.koreainvestment.com', port=29443) at 0x7fbfb8b00310>, 'Connection to openapivts.koreainvestment.com timed out. (connect timeout=10)'))
2026-08-14 10:43:20,894 [WARNING] __main__ — KIS 토큰 발급 실패: HTTPSConnectionPool(host='openapivts.koreainvestment.com', port=29443): Max retries exceeded with url: /oauth2/tokenP (Caused by ConnectTimeoutError(<HTTPSConnection(host='openapivts.koreainvestment.com', port=29443) at 0x7fbfcf661490>, 'Connection to openapivts.koreainvestment.com timed out. (connect timeout=10)'))
2026-08-14 10:43:30,914 [WARNING] __main__ — KIS 토큰 발급 실패: HTTPSConnectionPool(host='openapivts.koreainvestment.com', port=29443): Max retries exceeded with url: /oauth2/tokenP (Caused by ConnectTimeoutError(<HTTPSConnection(host='openapivts.koreainvestment.com', port=29443) at 0x7fbfb8a065d0>, 'Connection to openapivts.koreainvestment.com timed out. (connect timeout=10)'))
2026-08-14 10:43:40,935 [WARNING] __main__ — KIS 토큰 발급 실패: HTTPSConnectionPool(host='openapivts.koreainvestment.com', port=29443): Max retries exceeded with url: /oauth2/tokenP (Caused by ConnectTimeoutError(<HTTPSConnection(host='openapivts.koreainvestment.com', port=29443) at 0x7fbfcc5ed510>, 'Connection to openapivts.koreainvestment.com timed out. (connect timeout=10)'))
2026-08-14 10:43:50,959 [WARNING] __main__ — KIS 토큰 발급 실패: HTTPSConnectionPool(host='openapivts.koreainvestment.com', port=29443): Max retries exceeded with url: /oauth2/tokenP (Caused by ConnectTimeoutError(<HTTPSConnection(host='openapivts.koreainvestment.com', port=29443) at 0x7fbfb8cd48d0>, 'Connection to openapivts.koreainvestment.com timed out. (connect timeout=10)'))
2026-08-14 10:44:00,975 [WARNING] __main__ — KIS 토큰 발급 실패: HTTPSConnectionPool(host='openapivts.koreainvestment.com', port=29443): Max retries exceeded with url: /oauth2/tokenP (Caused by ConnectTimeoutError(<HTTPSConnection(host='openapivts.koreainvestment.com', port=29443) at 0x7fbfb8c71a50>, 'Connection to openapivts.koreainvestment.com timed out. (connect timeout=10)'))
2026-08-14 10:44:11,001 [WARNING] __main__ — KIS 토큰 발급 실패: HTTPSConnectionPool(host='openapivts.koreainvestment.com', port=29443): Max retries exceeded with url: /oauth2/tokenP (Caused by ConnectTimeoutError(<HTTPSConnection(host='openapivts.koreainvestment.com', port=29443) at 0x7fbfb8cf5b10>, 'Connection to openapivts.koreainvestment.com timed out. (connect timeout=10)'))
2026-08-14 10:44:21,101 [WARNING] __main__ — KIS 토큰 발급 실패: HTTPSConnectionPool(host='openapivts.koreainvestment.com', port=29443): Max retries exceeded with url: /oauth2/tokenP (Caused by ConnectTimeoutError(<HTTPSConnection(host='openapivts.koreainvestment.com', port=29443) at 0x7fbfb8cbc4d0>, 'Connection to openapivts.koreainvestment.com timed out. (connect timeout=10)'))
2026-08-14 10:44:31,114 [WARNING] __main__ — KIS 토큰 발급 실패: HTTPSConnectionPool(host='openapivts.koreainvestment.com', port=29443): Max retries exceeded with url: /oauth2/tokenP (Caused by ConnectTimeoutError(<HTTPSConnection(host='openapivts.koreainvestment.com', port=29443) at 0x7fbfcc445490>, 'Connection to openapivts.koreainvestment.com timed out. (connect timeout=10)'))
2026-08-14 10:44:41,143 [WARNING] __main__ — KIS 토큰 발급 실패: HTTPSConnectionPool(host='openapivts.koreainvestment.com', port=29443): Max retries exceeded with url: /oauth2/tokenP (Caused by ConnectTimeoutError(<HTTPSConnection(host='openapivts.koreainvestment.com', port=29443) at 0x7fbfcc137b10>, 'Connection to openapivts.koreainvestment.com timed out. (connect timeout=10)'))
2026-08-14 10:44:51,168 [WARNING] __main__ — KIS 토큰 발급 실패: HTTPSConnectionPool(host='openapivts.koreainvestment.com', port=29443): Max retries exceeded with url: /oauth2/tokenP (Caused by ConnectTimeoutError(<HTTPSConnection(host='openapivts.koreainvestment.com', port=29443) at 0x7fbfb8a04bd0>, 'Connection to openapivts.koreainvestment.com timed out. (connect timeout=10)'))
2026-08-14 10:45:01,222 [WARNING] __main__ — KIS 토큰 발급 실패: HTTPSConnectionPool(host='openapivts.koreainvestment.com', port=29443): Max retries exceeded with url: /oauth2/tokenP (Caused by ConnectTimeoutError(<HTTPSConnection(host='openapivts.koreainvestment.com', port=29443) at 0x7fbfb8cc0190>, 'Connection to openapivts.koreainvestment.com timed out. (connect timeout=10)'))
2026-08-14 10:45:11,242 [WARNING] __main__ — KIS 토큰 발급 실패: HTTPSConnectionPool(host='openapivts.koreainvestment.com', port=29443): Max retries exceeded with url: /oauth2/tokenP (Caused by ConnectTimeoutError(<HTTPSConnection(host='openapivts.koreainvestment.com', port=29443) at 0x7fbfb8b1ff90>, 'Connection to openapivts.koreainvestment.com timed out. (connect timeout=10)'))
2026-08-14 10:45:21,342 [WARNING] __main__ — KIS 토큰 발급 실패: HTTPSConnectionPool(host='openapivts.koreainvestment.com', port=29443): Max retries exceeded with url: /oauth2/tokenP (Caused by ConnectTimeoutError(<HTTPSConnection(host='openapivts.koreainvestment.com', port=29443) at 0x7fbfb8cbf290>, 'Connection to openapivts.koreainvestment.com timed out. (connect timeout=10)'))
2026-08-14 10:45:31,355 [WARNING] __main__ — KIS 토큰 발급 실패: HTTPSConnectionPool(host='openapivts.koreainvestment.com', port=29443): Max retries exceeded with url: /oauth2/tokenP (Caused by ConnectTimeoutError(<HTTPSConnection(host='openapivts.koreainvestment.com', port=29443) at 0x7fbfb8cf4910>, 'Connection to openapivts.koreainvestment.com timed out. (connect timeout=10)'))
2026-08-14 10:45:41,381 [WARNING] __main__ — KIS 토큰 발급 실패: HTTPSConnectionPool(host='openapivts.koreainvestment.com', port=29443): Max retries exceeded with url: /oauth2/tokenP (Caused by ConnectTimeoutError(<HTTPSConnection(host='openapivts.koreainvestment.com', port=29443) at 0x7fbfcd16f350>, 'Connection to openapivts.koreainvestment.com timed out. (connect timeout=10)'))
2026-08-14 10:45:51,399 [WARNING] __main__ — KIS 토큰 발급 실패: HTTPSConnectionPool(host='openapivts.koreainvestment.com', port=29443): Max retries exceeded with url: /oauth2/tokenP (Caused by ConnectTimeoutError(<HTTPSConnection(host='openapivts.koreainvestment.com', port=29443) at 0x7fbfcc166c90>, 'Connection to openapivts.koreainvestment.com timed out. (connect timeout=10)'))
2026-08-14 10:46:01,424 [WARNING] __main__ — KIS 토큰 발급 실패: HTTPSConnectionPool(host='openapivts.koreainvestment.com', port=29443): Max retries exceeded with url: /oauth2/tokenP (Caused by ConnectTimeoutError(<HTTPSConnection(host='openapivts.koreainvestment.com', port=29443) at 0x7fbfcc15b8d0>, 'Connection to openapivts.koreainvestment.com timed out. (connect timeout=10)'))
2026-08-14 10:46:11,522 [WARNING] __main__ — KIS 토큰 발급 실패: HTTPSConnectionPool(host='openapivts.koreainvestment.com', port=29443): Max retries exceeded with url: /oauth2/tokenP (Caused by ConnectTimeoutError(<HTTPSConnection(host='openapivts.koreainvestment.com', port=29443) at 0x7fbfcc158f50>, 'Connection to openapivts.koreainvestment.com timed out. (connect timeout=10)'))
2026-08-14 10:46:21,583 [WARNING] __main__ — KIS 토큰 발급 실패: HTTPSConnectionPool(host='openapivts.koreainvestment.com', port=29443): Max retries exceeded with url: /oauth2/tokenP (Caused by ConnectTimeoutError(<HTTPSConnection(host='openapivts.koreainvestment.com', port=29443) at 0x7fbfcc67ab50>, 'Connection to openapivts.koreainvestment.com timed out. (connect timeout=10)'))
2026-08-14 10:46:31,683 [WARNING] __main__ — KIS 토큰 발급 실패: HTTPSConnectionPool(host='openapivts.koreainvestment.com', port=29443): Max retries exceeded with url: /oauth2/tokenP (Caused by ConnectTimeoutError(<HTTPSConnection(host='openapivts.koreainvestment.com', port=29443) at 0x7fbfb8b1f950>, 'Connection to openapivts.koreainvestment.com timed out. (connect timeout=10)'))
2026-08-14 10:46:41,783 [WARNING] __main__ — KIS 토큰 발급 실패: HTTPSConnectionPool(host='openapivts.koreainvestment.com', port=29443): Max retries exceeded with url: /oauth2/tokenP (Caused by ConnectTimeoutError(<HTTPSConnection(host='openapivts.koreainvestment.com', port=29443) at 0x7fbfb8cd2890>, 'Connection to openapivts.koreainvestment.com timed out. (connect timeout=10)'))
2026-08-14 10:46:51,840 [WARNING] __main__ — KIS 토큰 발급 실패: HTTPSConnectionPool(host='openapivts.koreainvestment.com', port=29443): Max retries exceeded with url: /oauth2/tokenP (Caused by ConnectTimeoutError(<HTTPSConnection(host='openapivts.koreainvestment.com', port=29443) at 0x7fbfcc1815d0>, 'Connection to openapivts.koreainvestment.com timed out. (connect timeout=10)'))
2026-08-14 10:47:01,930 [WARNING] __main__ — KIS 토큰 발급 실패: HTTPSConnectionPool(host='openapivts.koreainvestment.com', port=29443): Max retries exceeded with url: /oauth2/tokenP (Caused by ConnectTimeoutError(<HTTPSConnection(host='openapivts.koreainvestment.com', port=29443) at 0x7fbfb8b6b650>, 'Connection to openapivts.koreainvestment.com timed out. (connect timeout=10)'))
2026-08-14 10:47:11,981 [WARNING] __main__ — KIS 토큰 발급 실패: HTTPSConnectionPool(host='openapivts.koreainvestment.com', port=29443): Max retries exceeded with url: /oauth2/tokenP (Caused by ConnectTimeoutError(<HTTPSConnection(host='openapivts.koreainvestment.com', port=29443) at 0x7fbfb8a05750>, 'Connection to openapivts.koreainvestment.com timed out. (connect timeout=10)'))
2026-08-14 10:47:22,031 [WARNING] __main__ — KIS 토큰 발급 실패: HTTPSConnectionPool(host='openapivts.koreainvestment.com', port=29443): Max retries exceeded with url: /oauth2/tokenP (Caused by ConnectTimeoutError(<HTTPSConnection(host='openapivts.koreainvestment.com', port=29443) at 0x7fbfb8b6a0d0>, 'Connection to openapivts.koreainvestment.com timed out. (connect timeout=10)'))
2026-08-14 10:47:32,081 [WARNING] __main__ — KIS 토큰 발급 실패: HTTPSConnectionPool(host='openapivts.koreainvestment.com', port=29443): Max retries exceeded with url: /oauth2/tokenP (Caused by ConnectTimeoutError(<HTTPSConnection(host='openapivts.koreainvestment.com', port=29443) at 0x7fbfcf680b10>, 'Connection to openapivts.koreainvestment.com timed out. (connect timeout=10)'))
2026-08-14 10:47:42,102 [WARNING] __main__ — KIS 토큰 발급 실패: HTTPSConnectionPool(host='openapivts.koreainvestment.com', port=29443): Max retries exceeded with url: /oauth2/tokenP (Caused by ConnectTimeoutError(<HTTPSConnection(host='openapivts.koreainvestment.com', port=29443) at 0x7fbfb8cbfd50>, 'Connection to openapivts.koreainvestment.com timed out. (connect timeout=10)'))
2026-08-14 10:47:52,163 [WARNING] __main__ — KIS 토큰 발급 실패: HTTPSConnectionPool(host='openapivts.koreainvestment.com', port=29443): Max retries exceeded with url: /oauth2/tokenP (Caused by ConnectTimeoutError(<HTTPSConnection(host='openapivts.koreainvestment.com', port=29443) at 0x7fbfcc171350>, 'Connection to openapivts.koreainvestment.com timed out. (connect timeout=10)'))
2026-08-14 10:48:02,208 [WARNING] __main__ — KIS 토큰 발급 실패: HTTPSConnectionPool(host='openapivts.koreainvestment.com', port=29443): Max retries exceeded with url: /oauth2/tokenP (Caused by ConnectTimeoutError(<HTTPSConnection(host='openapivts.koreainvestment.com', port=29443) at 0x7fbfcc182ed0>, 'Connection to openapivts.koreainvestment.com timed out. (connect timeout=10)'))
2026-08-14 10:48:12,227 [WARNING] __main__ — KIS 토큰 발급 실패: HTTPSConnectionPool(host='openapivts.koreainvestment.com', port=29443): Max retries exceeded with url: /oauth2/tokenP (Caused by ConnectTimeoutError(<HTTPSConnection(host='openapivts.koreainvestment.com', port=29443) at 0x7fbfcc18cbd0>, 'Connection to openapivts.koreainvestment.com timed out. (connect timeout=10)'))
2026-08-14 10:48:22,324 [WARNING] __main__ — KIS 토큰 발급 실패: HTTPSConnectionPool(host='openapivts.koreainvestment.com', port=29443): Max retries exceeded with url: /oauth2/tokenP (Caused by ConnectTimeoutError(<HTTPSConnection(host='openapivts.koreainvestment.com', port=29443) at 0x7fbfb8c84b10>, 'Connection to openapivts.koreainvestment.com timed out. (connect timeout=10)'))
2026-08-14 10:48:32,349 [WARNING] __main__ — KIS 토큰 발급 실패: HTTPSConnectionPool(host='openapivts.koreainvestment.com', port=29443): Max retries exceeded with url: /oauth2/tokenP (Caused by ConnectTimeoutError(<HTTPSConnection(host='openapivts.koreainvestment.com', port=29443) at 0x7fbfcc158dd0>, 'Connection to openapivts.koreainvestment.com timed out. (connect timeout=10)'))
2026-08-14 10:48:42,373 [WARNING] __main__ — KIS 토큰 발급 실패: HTTPSConnectionPool(host='openapivts.koreainvestment.com', port=29443): Max retries exceeded with url: /oauth2/tokenP (Caused by ConnectTimeoutError(<HTTPSConnection(host='openapivts.koreainvestment.com', port=29443) at 0x7fbfcc4ca090>, 'Connection to openapivts.koreainvestment.com timed out. (connect timeout=10)'))
2026-08-14 10:48:52,469 [WARNING] __main__ — KIS 토큰 발급 실패: HTTPSConnectionPool(host='openapivts.koreainvestment.com', port=29443): Max retries exceeded with url: /oauth2/tokenP (Caused by ConnectTimeoutError(<HTTPSConnection(host='openapivts.koreainvestment.com', port=29443) at 0x7fbfcc445250>, 'Connection to openapivts.koreainvestment.com timed out. (connect timeout=10)'))
2026-08-14 10:49:02,517 [WARNING] __main__ — KIS 토큰 발급 실패: HTTPSConnectionPool(host='openapivts.koreainvestment.com', port=29443): Max retries exceeded with url: /oauth2/tokenP (Caused by ConnectTimeoutError(<HTTPSConnection(host='openapivts.koreainvestment.com', port=29443) at 0x7fbfb8c8e950>, 'Connection to openapivts.koreainvestment.com timed out. (connect timeout=10)'))
2026-08-14 10:49:12,631 [WARNING] __main__ — KIS 토큰 발급 실패: HTTPSConnectionPool(host='openapivts.koreainvestment.com', port=29443): Max retries exceeded with url: /oauth2/tokenP (Caused by ConnectTimeoutError(<HTTPSConnection(host='openapivts.koreainvestment.com', port=29443) at 0x7fbfb8cd6990>, 'Connection to openapivts.koreainvestment.com timed out. (connect timeout=10)'))
2026-08-14 10:49:22,660 [WARNING] __main__ — KIS 토큰 발급 실패: HTTPSConnectionPool(host='openapivts.koreainvestment.com', port=29443): Max retries exceeded with url: /oauth2/tokenP (Caused by ConnectTimeoutError(<HTTPSConnection(host='openapivts.koreainvestment.com', port=29443) at 0x7fbfb8b6b690>, 'Connection to openapivts.koreainvestment.com timed out. (connect timeout=10)'))
2026-08-14 10:49:32,681 [WARNING] __main__ — KIS 토큰 발급 실패: HTTPSConnectionPool(host='openapivts.koreainvestment.com', port=29443): Max retries exceeded with url: /oauth2/tokenP (Caused by ConnectTimeoutError(<HTTPSConnection(host='openapivts.koreainvestment.com', port=29443) at 0x7fbfb8b6d6d0>, 'Connection to openapivts.koreainvestment.com timed out. (connect timeout=10)'))
2026-08-14 10:49:42,699 [WARNING] __main__ — KIS 토큰 발급 실패: HTTPSConnectionPool(host='openapivts.koreainvestment.com', port=29443): Max retries exceeded with url: /oauth2/tokenP (Caused by ConnectTimeoutError(<HTTPSConnection(host='openapivts.koreainvestment.com', port=29443) at 0x7fbfcd119a50>, 'Connection to openapivts.koreainvestment.com timed out. (connect timeout=10)'))
2026-08-14 10:49:52,796 [WARNING] __main__ — KIS 토큰 발급 실패: HTTPSConnectionPool(host='openapivts.koreainvestment.com', port=29443): Max retries exceeded with url: /oauth2/tokenP (Caused by ConnectTimeoutError(<HTTPSConnection(host='openapivts.koreainvestment.com', port=29443) at 0x7fbfb8c70490>, 'Connection to openapivts.koreainvestment.com timed out. (connect timeout=10)'))
2026-08-14 10:50:02,818 [WARNING] __main__ — KIS 토큰 발급 실패: HTTPSConnectionPool(host='openapivts.koreainvestment.com', port=29443): Max retries exceeded with url: /oauth2/tokenP (Caused by ConnectTimeoutError(<HTTPSConnection(host='openapivts.koreainvestment.com', port=29443) at 0x7fbfb8cd0250>, 'Connection to openapivts.koreainvestment.com timed out. (connect timeout=10)'))
2026-08-14 10:50:12,841 [WARNING] __main__ — KIS 토큰 발급 실패: HTTPSConnectionPool(host='openapivts.koreainvestment.com', port=29443): Max retries exceeded with url: /oauth2/tokenP (Caused by ConnectTimeoutError(<HTTPSConnection(host='openapivts.koreainvestment.com', port=29443) at 0x7fbfb8b996d0>, 'Connection to openapivts.koreainvestment.com timed out. (connect timeout=10)'))
2026-08-14 10:50:22,858 [WARNING] __main__ — KIS 토큰 발급 실패: HTTPSConnectionPool(host='openapivts.koreainvestment.com', port=29443): Max retries exceeded with url: /oauth2/tokenP (Caused by ConnectTimeoutError(<HTTPSConnection(host='openapivts.koreainvestment.com', port=29443) at 0x7fbfb8b6e990>, 'Connection to openapivts.koreainvestment.com timed out. (connect timeout=10)'))
2026-08-14 10:50:32,904 [WARNING] __main__ — KIS 토큰 발급 실패: HTTPSConnectionPool(host='openapivts.koreainvestment.com', port=29443): Max retries exceeded with url: /oauth2/tokenP (Caused by ConnectTimeoutError(<HTTPSConnection(host='openapivts.koreainvestment.com', port=29443) at 0x7fbfb8b22110>, 'Connection to openapivts.koreainvestment.com timed out. (connect timeout=10)'))
2026-08-14 10:50:42,927 [WARNING] __main__ — KIS 토큰 발급 실패: HTTPSConnectionPool(host='openapivts.koreainvestment.com', port=29443): Max retries exceeded with url: /oauth2/tokenP (Caused by ConnectTimeoutError(<HTTPSConnection(host='openapivts.koreainvestment.com', port=29443) at 0x7fbfb8c72e50>, 'Connection to openapivts.koreainvestment.com timed out. (connect timeout=10)'))
2026-08-14 10:50:52,949 [WARNING] __main__ — KIS 토큰 발급 실패: HTTPSConnectionPool(host='openapivts.koreainvestment.com', port=29443): Max retries exceeded with url: /oauth2/tokenP (Caused by ConnectTimeoutError(<HTTPSConnection(host='openapivts.koreainvestment.com', port=29443) at 0x7fbfb8b693d0>, 'Connection to openapivts.koreainvestment.com timed out. (connect timeout=10)'))
2026-08-14 10:51:02,964 [WARNING] __main__ — KIS 토큰 발급 실패: HTTPSConnectionPool(host='openapivts.koreainvestment.com', port=29443): Max retries exceeded with url: /oauth2/tokenP (Caused by ConnectTimeoutError(<HTTPSConnection(host='openapivts.koreainvestment.com', port=29443) at 0x7fbfb8a05350>, 'Connection to openapivts.koreainvestment.com timed out. (connect timeout=10)'))
2026-08-14 10:51:12,975 [WARNING] __main__ — KIS 토큰 발급 실패: HTTPSConnectionPool(host='openapivts.koreainvestment.com', port=29443): Max retries exceeded with url: /oauth2/tokenP (Caused by ConnectTimeoutError(<HTTPSConnection(host='openapivts.koreainvestment.com', port=29443) at 0x7fbfb8cc1810>, 'Connection to openapivts.koreainvestment.com timed out. (connect timeout=10)'))
2026-08-14 10:51:22,997 [WARNING] __main__ — KIS 토큰 발급 실패: HTTPSConnectionPool(host='openapivts.koreainvestment.com', port=29443): Max retries exceeded with url: /oauth2/tokenP (Caused by ConnectTimeoutError(<HTTPSConnection(host='openapivts.koreainvestment.com', port=29443) at 0x7fbfb8c947d0>, 'Connection to openapivts.koreainvestment.com timed out. (connect timeout=10)'))
2026-08-14 10:51:33,016 [WARNING] __main__ — KIS 토큰 발급 실패: HTTPSConnectionPool(host='openapivts.koreainvestment.com', port=29443): Max retries exceeded with url: /oauth2/tokenP (Caused by ConnectTimeoutError(<HTTPSConnection(host='openapivts.koreainvestment.com', port=29443) at 0x7fbfb8c85490>, 'Connection to openapivts.koreainvestment.com timed out. (connect timeout=10)'))
2026-08-14 10:51:43,114 [WARNING] __main__ — KIS 토큰 발급 실패: HTTPSConnectionPool(host='openapivts.koreainvestment.com', port=29443): Max retries exceeded with url: /oauth2/tokenP (Caused by ConnectTimeoutError(<HTTPSConnection(host='openapivts.koreainvestment.com', port=29443) at 0x7fbfb8cd3190>, 'Connection to openapivts.koreainvestment.com timed out. (connect timeout=10)'))
2026-08-14 10:51:53,138 [WARNING] __main__ — KIS 토큰 발급 실패: HTTPSConnectionPool(host='openapivts.koreainvestment.com', port=29443): Max retries exceeded with url: /oauth2/tokenP (Caused by ConnectTimeoutError(<HTTPSConnection(host='openapivts.koreainvestment.com', port=29443) at 0x7fbfb8a072d0>, 'Connection to openapivts.koreainvestment.com timed out. (connect timeout=10)'))
2026-08-14 10:52:03,159 [WARNING] __main__ — KIS 토큰 발급 실패: HTTPSConnectionPool(host='openapivts.koreainvestment.com', port=29443): Max retries exceeded with url: /oauth2/tokenP (Caused by ConnectTimeoutError(<HTTPSConnection(host='openapivts.koreainvestment.com', port=29443) at 0x7fbfcc151990>, 'Connection to openapivts.koreainvestment.com timed out. (connect timeout=10)'))
2026-08-14 10:52:13,181 [WARNING] __main__ — KIS 토큰 발급 실패: HTTPSConnectionPool(host='openapivts.koreainvestment.com', port=29443): Max retries exceeded with url: /oauth2/tokenP (Caused by ConnectTimeoutError(<HTTPSConnection(host='openapivts.koreainvestment.com', port=29443) at 0x7fbfb8cc3e90>, 'Connection to openapivts.koreainvestment.com timed out. (connect timeout=10)'))
2026-08-14 10:52:23,201 [WARNING] __main__ — KIS 토큰 발급 실패: HTTPSConnectionPool(host='openapivts.koreainvestment.com', port=29443): Max retries exceeded with url: /oauth2/tokenP (Caused by ConnectTimeoutError(<HTTPSConnection(host='openapivts.koreainvestment.com', port=29443) at 0x7fbfb8cbc210>, 'Connection to openapivts.koreainvestment.com timed out. (connect timeout=10)'))
2026-08-14 10:52:33,290 [WARNING] __main__ — KIS 토큰 발급 실패: HTTPSConnectionPool(host='openapivts.koreainvestment.com', port=29443): Max retries exceeded with url: /oauth2/tokenP (Caused by ConnectTimeoutError(<HTTPSConnection(host='openapivts.koreainvestment.com', port=29443) at 0x7fbfcc152290>, 'Connection to openapivts.koreainvestment.com timed out. (connect timeout=10)'))
2026-08-14 10:52:43,312 [WARNING] __main__ — KIS 토큰 발급 실패: HTTPSConnectionPool(host='openapivts.koreainvestment.com', port=29443): Max retries exceeded with url: /oauth2/tokenP (Caused by ConnectTimeoutError(<HTTPSConnection(host='openapivts.koreainvestment.com', port=29443) at 0x7fbfb8cbc610>, 'Connection to openapivts.koreainvestment.com timed out. (connect timeout=10)'))
2026-08-14 10:52:53,330 [WARNING] __main__ — KIS 토큰 발급 실패: HTTPSConnectionPool(host='openapivts.koreainvestment.com', port=29443): Max retries exceeded with url: /oauth2/tokenP (Caused by ConnectTimeoutError(<HTTPSConnection(host='openapivts.koreainvestment.com', port=29443) at 0x7fbfcc4e8110>, 'Connection to openapivts.koreainvestment.com timed out. (connect timeout=10)'))
2026-08-14 10:53:03,363 [WARNING] __main__ — KIS 토큰 발급 실패: HTTPSConnectionPool(host='openapivts.koreainvestment.com', port=29443): Max retries exceeded with url: /oauth2/tokenP (Caused by ConnectTimeoutError(<HTTPSConnection(host='openapivts.koreainvestment.com', port=29443) at 0x7fbfccf2ae50>, 'Connection to openapivts.koreainvestment.com timed out. (connect timeout=10)'))
2026-08-14 10:53:13,384 [WARNING] __main__ — KIS 토큰 발급 실패: HTTPSConnectionPool(host='openapivts.koreainvestment.com', port=29443): Max retries exceeded with url: /oauth2/tokenP (Caused by ConnectTimeoutError(<HTTPSConnection(host='openapivts.koreainvestment.com', port=29443) at 0x7fbfb8cd2210>, 'Connection to openapivts.koreainvestment.com timed out. (connect timeout=10)'))
2026-08-14 10:53:23,404 [WARNING] __main__ — KIS 토큰 발급 실패: HTTPSConnectionPool(host='openapivts.koreainvestment.com', port=29443): Max retries exceeded with url: /oauth2/tokenP (Caused by ConnectTimeoutError(<HTTPSConnection(host='openapivts.koreainvestment.com', port=29443) at 0x7fbfcc150550>, 'Connection to openapivts.koreainvestment.com timed out. (connect timeout=10)'))
2026-08-14 10:53:33,427 [WARNING] __main__ — KIS 토큰 발급 실패: HTTPSConnectionPool(host='openapivts.koreainvestment.com', port=29443): Max retries exceeded with url: /oauth2/tokenP (Caused by ConnectTimeoutError(<HTTPSConnection(host='openapivts.koreainvestment.com', port=29443) at 0x7fbfb8c70490>, 'Connection to openapivts.koreainvestment.com timed out. (connect timeout=10)'))
2026-08-14 10:53:43,475 [WARNING] __main__ — KIS 토큰 발급 실패: HTTPSConnectionPool(host='openapivts.koreainvestment.com', port=29443): Max retries exceeded with url: /oauth2/tokenP (Caused by ConnectTimeoutError(<HTTPSConnection(host='openapivts.koreainvestment.com', port=29443) at 0x7fbfcc4eb9d0>, 'Connection to openapivts.koreainvestment.com timed out. (connect timeout=10)'))
2026-08-14 10:53:53,494 [WARNING] __main__ — KIS 토큰 발급 실패: HTTPSConnectionPool(host='openapivts.koreainvestment.com', port=29443): Max retries exceeded with url: /oauth2/tokenP (Caused by ConnectTimeoutError(<HTTPSConnection(host='openapivts.koreainvestment.com', port=29443) at 0x7fbfcc5ecd10>, 'Connection to openapivts.koreainvestment.com timed out. (connect timeout=10)'))
2026-08-14 10:54:03,513 [WARNING] __main__ — KIS 토큰 발급 실패: HTTPSConnectionPool(host='openapivts.koreainvestment.com', port=29443): Max retries exceeded with url: /oauth2/tokenP (Caused by ConnectTimeoutError(<HTTPSConnection(host='openapivts.koreainvestment.com', port=29443) at 0x7fbfcc150490>, 'Connection to openapivts.koreainvestment.com timed out. (connect timeout=10)'))
2026-08-14 10:54:13,614 [WARNING] __main__ — KIS 토큰 발급 실패: HTTPSConnectionPool(host='openapivts.koreainvestment.com', port=29443): Max retries exceeded with url: /oauth2/tokenP (Caused by ConnectTimeoutError(<HTTPSConnection(host='openapivts.koreainvestment.com', port=29443) at 0x7fbfcc17bc90>, 'Connection to openapivts.koreainvestment.com timed out. (connect timeout=10)'))
2026-08-14 10:54:23,636 [WARNING] __main__ — KIS 토큰 발급 실패: HTTPSConnectionPool(host='openapivts.koreainvestment.com', port=29443): Max retries exceeded with url: /oauth2/tokenP (Caused by ConnectTimeoutError(<HTTPSConnection(host='openapivts.koreainvestment.com', port=29443) at 0x7fbfb8cd0910>, 'Connection to openapivts.koreainvestment.com timed out. (connect timeout=10)'))
2026-08-14 10:54:33,663 [WARNING] __main__ — KIS 토큰 발급 실패: HTTPSConnectionPool(host='openapivts.koreainvestment.com', port=29443): Max retries exceeded with url: /oauth2/tokenP (Caused by ConnectTimeoutError(<HTTPSConnection(host='openapivts.koreainvestment.com', port=29443) at 0x7fbfcc18e350>, 'Connection to openapivts.koreainvestment.com timed out. (connect timeout=10)'))
2026-08-14 10:54:43,689 [WARNING] __main__ — KIS 토큰 발급 실패: HTTPSConnectionPool(host='openapivts.koreainvestment.com', port=29443): Max retries exceeded with url: /oauth2/tokenP (Caused by ConnectTimeoutError(<HTTPSConnection(host='openapivts.koreainvestment.com', port=29443) at 0x7fbfcc15b7d0>, 'Connection to openapivts.koreainvestment.com timed out. (connect timeout=10)'))
2026-08-14 10:54:53,721 [WARNING] __main__ — KIS 토큰 발급 실패: HTTPSConnectionPool(host='openapivts.koreainvestment.com', port=29443): Max retries exceeded with url: /oauth2/tokenP (Caused by ConnectTimeoutError(<HTTPSConnection(host='openapivts.koreainvestment.com', port=29443) at 0x7fbfb8cf7990>, 'Connection to openapivts.koreainvestment.com timed out. (connect timeout=10)'))
2026-08-14 10:55:03,742 [WARNING] __main__ — KIS 토큰 발급 실패: HTTPSConnectionPool(host='openapivts.koreainvestment.com', port=29443): Max retries exceeded with url: /oauth2/tokenP (Caused by ConnectTimeoutError(<HTTPSConnection(host='openapivts.koreainvestment.com', port=29443) at 0x7fbfcc137e10>, 'Connection to openapivts.koreainvestment.com timed out. (connect timeout=10)'))
2026-08-14 10:55:13,764 [WARNING] __main__ — KIS 토큰 발급 실패: HTTPSConnectionPool(host='openapivts.koreainvestment.com', port=29443): Max retries exceeded with url: /oauth2/tokenP (Caused by ConnectTimeoutError(<HTTPSConnection(host='openapivts.koreainvestment.com', port=29443) at 0x7fbfcc4f8650>, 'Connection to openapivts.koreainvestment.com timed out. (connect timeout=10)'))
2026-08-14 10:55:23,784 [WARNING] __main__ — KIS 토큰 발급 실패: HTTPSConnectionPool(host='openapivts.koreainvestment.com', port=29443): Max retries exceeded with url: /oauth2/tokenP (Caused by ConnectTimeoutError(<HTTPSConnection(host='openapivts.koreainvestment.com', port=29443) at 0x7fbfb8b21e50>, 'Connection to openapivts.koreainvestment.com timed out. (connect timeout=10)'))
2026-08-14 10:55:33,836 [WARNING] __main__ — KIS 토큰 발급 실패: HTTPSConnectionPool(host='openapivts.koreainvestment.com', port=29443): Max retries exceeded with url: /oauth2/tokenP (Caused by ConnectTimeoutError(<HTTPSConnection(host='openapivts.koreainvestment.com', port=29443) at 0x7fbfb8c95b10>, 'Connection to openapivts.koreainvestment.com timed out. (connect timeout=10)'))
2026-08-14 10:55:43,856 [WARNING] __main__ — KIS 토큰 발급 실패: HTTPSConnectionPool(host='openapivts.koreainvestment.com', port=29443): Max retries exceeded with url: /oauth2/tokenP (Caused by ConnectTimeoutError(<HTTPSConnection(host='openapivts.koreainvestment.com', port=29443) at 0x7fbfcc170b90>, 'Connection to openapivts.koreainvestment.com timed out. (connect timeout=10)'))
2026-08-14 10:55:53,958 [WARNING] __main__ — KIS 토큰 발급 실패: HTTPSConnectionPool(host='openapivts.koreainvestment.com', port=29443): Max retries exceeded with url: /oauth2/tokenP (Caused by ConnectTimeoutError(<HTTPSConnection(host='openapivts.koreainvestment.com', port=29443) at 0x7fbfb8c846d0>, 'Connection to openapivts.koreainvestment.com timed out. (connect timeout=10)'))
2026-08-14 10:56:03,984 [WARNING] __main__ — KIS 토큰 발급 실패: HTTPSConnectionPool(host='openapivts.koreainvestment.com', port=29443): Max retries exceeded with url: /oauth2/tokenP (Caused by ConnectTimeoutError(<HTTPSConnection(host='openapivts.koreainvestment.com', port=29443) at 0x7fbfb8c96450>, 'Connection to openapivts.koreainvestment.com timed out. (connect timeout=10)'))
2026-08-14 10:56:14,002 [WARNING] __main__ — KIS 토큰 발급 실패: HTTPSConnectionPool(host='openapivts.koreainvestment.com', port=29443): Max retries exceeded with url: /oauth2/tokenP (Caused by ConnectTimeoutError(<HTTPSConnection(host='openapivts.koreainvestment.com', port=29443) at 0x7fbfcfd08650>, 'Connection to openapivts.koreainvestment.com timed out. (connect timeout=10)'))
2026-08-14 10:56:24,022 [WARNING] __main__ — KIS 토큰 발급 실패: HTTPSConnectionPool(host='openapivts.koreainvestment.com', port=29443): Max retries exceeded with url: /oauth2/tokenP (Caused by ConnectTimeoutError(<HTTPSConnection(host='openapivts.koreainvestment.com', port=29443) at 0x7fbfb8b6cf50>, 'Connection to openapivts.koreainvestment.com timed out. (connect timeout=10)'))
2026-08-14 10:56:34,058 [WARNING] __main__ — KIS 토큰 발급 실패: HTTPSConnectionPool(host='openapivts.koreainvestment.com', port=29443): Max retries exceeded with url: /oauth2/tokenP (Caused by ConnectTimeoutError(<HTTPSConnection(host='openapivts.koreainvestment.com', port=29443) at 0x7fbfb8cd4f90>, 'Connection to openapivts.koreainvestment.com timed out. (connect timeout=10)'))
2026-08-14 10:56:44,079 [WARNING] __main__ — KIS 토큰 발급 실패: HTTPSConnectionPool(host='openapivts.koreainvestment.com', port=29443): Max retries exceeded with url: /oauth2/tokenP (Caused by ConnectTimeoutError(<HTTPSConnection(host='openapivts.koreainvestment.com', port=29443) at 0x7fbfb8c8d010>, 'Connection to openapivts.koreainvestment.com timed out. (connect timeout=10)'))
2026-08-14 10:56:54,125 [WARNING] __main__ — KIS 토큰 발급 실패: HTTPSConnectionPool(host='openapivts.koreainvestment.com', port=29443): Max retries exceeded with url: /oauth2/tokenP (Caused by ConnectTimeoutError(<HTTPSConnection(host='openapivts.koreainvestment.com', port=29443) at 0x7fbfcc445050>, 'Connection to openapivts.koreainvestment.com timed out. (connect timeout=10)'))
2026-08-14 10:57:04,216 [WARNING] __main__ — KIS 토큰 발급 실패: HTTPSConnectionPool(host='openapivts.koreainvestment.com', port=29443): Max retries exceeded with url: /oauth2/tokenP (Caused by ConnectTimeoutError(<HTTPSConnection(host='openapivts.koreainvestment.com', port=29443) at 0x7fbfb8cbdd50>, 'Connection to openapivts.koreainvestment.com timed out. (connect timeout=10)'))
2026-08-14 10:57:14,318 [WARNING] __main__ — KIS 토큰 발급 실패: HTTPSConnectionPool(host='openapivts.koreainvestment.com', port=29443): Max retries exceeded with url: /oauth2/tokenP (Caused by ConnectTimeoutError(<HTTPSConnection(host='openapivts.koreainvestment.com', port=29443) at 0x7fbfb8b21150>, 'Connection to openapivts.koreainvestment.com timed out. (connect timeout=10)'))
2026-08-14 10:57:24,336 [WARNING] __main__ — KIS 토큰 발급 실패: HTTPSConnectionPool(host='openapivts.koreainvestment.com', port=29443): Max retries exceeded with url: /oauth2/tokenP (Caused by ConnectTimeoutError(<HTTPSConnection(host='openapivts.koreainvestment.com', port=29443) at 0x7fbfcf677490>, 'Connection to openapivts.koreainvestment.com timed out. (connect timeout=10)'))
2026-08-14 10:57:34,359 [WARNING] __main__ — KIS 토큰 발급 실패: HTTPSConnectionPool(host='openapivts.koreainvestment.com', port=29443): Max retries exceeded with url: /oauth2/tokenP (Caused by ConnectTimeoutError(<HTTPSConnection(host='openapivts.koreainvestment.com', port=29443) at 0x7fbfb8cd19d0>, 'Connection to openapivts.koreainvestment.com timed out. (connect timeout=10)'))
2026-08-14 10:57:44,378 [WARNING] __main__ — KIS 토큰 발급 실패: HTTPSConnectionPool(host='openapivts.koreainvestment.com', port=29443): Max retries exceeded with url: /oauth2/tokenP (Caused by ConnectTimeoutError(<HTTPSConnection(host='openapivts.koreainvestment.com', port=29443) at 0x7fbfb8c5e950>, 'Connection to openapivts.koreainvestment.com timed out. (connect timeout=10)'))
2026-08-14 10:57:54,397 [WARNING] __main__ — KIS 토큰 발급 실패: HTTPSConnectionPool(host='openapivts.koreainvestment.com', port=29443): Max retries exceeded with url: /oauth2/tokenP (Caused by ConnectTimeoutError(<HTTPSConnection(host='openapivts.koreainvestment.com', port=29443) at 0x7fbfb8cf6ed0>, 'Connection to openapivts.koreainvestment.com timed out. (connect timeout=10)'))
2026-08-14 10:58:04,415 [WARNING] __main__ — KIS 토큰 발급 실패: HTTPSConnectionPool(host='openapivts.koreainvestment.com', port=29443): Max retries exceeded with url: /oauth2/tokenP (Caused by ConnectTimeoutError(<HTTPSConnection(host='openapivts.koreainvestment.com', port=29443) at 0x7fbfb8b1c590>, 'Connection to openapivts.koreainvestment.com timed out. (connect timeout=10)'))
2026-08-14 10:58:14,434 [WARNING] __main__ — KIS 토큰 발급 실패: HTTPSConnectionPool(host='openapivts.koreainvestment.com', port=29443): Max retries exceeded with url: /oauth2/tokenP (Caused by ConnectTimeoutError(<HTTPSConnection(host='openapivts.koreainvestment.com', port=29443) at 0x7fbfb8c86d50>, 'Connection to openapivts.koreainvestment.com timed out. (connect timeout=10)'))
2026-08-14 10:58:24,461 [WARNING] __main__ — KIS 토큰 발급 실패: HTTPSConnectionPool(host='openapivts.koreainvestment.com', port=29443): Max retries exceeded with url: /oauth2/tokenP (Caused by ConnectTimeoutError(<HTTPSConnection(host='openapivts.koreainvestment.com', port=29443) at 0x7fbfb8cf6390>, 'Connection to openapivts.koreainvestment.com timed out. (connect timeout=10)'))
2026-08-14 10:58:34,520 [WARNING] __main__ — KIS 토큰 발급 실패: HTTPSConnectionPool(host='openapivts.koreainvestment.com', port=29443): Max retries exceeded with url: /oauth2/tokenP (Caused by ConnectTimeoutError(<HTTPSConnection(host='openapivts.koreainvestment.com', port=29443) at 0x7fbfcc166490>, 'Connection to openapivts.koreainvestment.com timed out. (connect timeout=10)'))
2026-08-14 10:58:44,569 [WARNING] __main__ — KIS 토큰 발급 실패: HTTPSConnectionPool(host='openapivts.koreainvestment.com', port=29443): Max retries exceeded with url: /oauth2/tokenP (Caused by ConnectTimeoutError(<HTTPSConnection(host='openapivts.koreainvestment.com', port=29443) at 0x7fbfb8b68350>, 'Connection to openapivts.koreainvestment.com timed out. (connect timeout=10)'))
2026-08-14 10:58:54,619 [WARNING] __main__ — KIS 토큰 발급 실패: HTTPSConnectionPool(host='openapivts.koreainvestment.com', port=29443): Max retries exceeded with url: /oauth2/tokenP (Caused by ConnectTimeoutError(<HTTPSConnection(host='openapivts.koreainvestment.com', port=29443) at 0x7fbfb8c954d0>, 'Connection to openapivts.koreainvestment.com timed out. (connect timeout=10)'))
2026-08-14 10:59:04,643 [WARNING] __main__ — KIS 토큰 발급 실패: HTTPSConnectionPool(host='openapivts.koreainvestment.com', port=29443): Max retries exceeded with url: /oauth2/tokenP (Caused by ConnectTimeoutError(<HTTPSConnection(host='openapivts.koreainvestment.com', port=29443) at 0x7fbfccf40290>, 'Connection to openapivts.koreainvestment.com timed out. (connect timeout=10)'))
2026-08-14 10:59:14,670 [WARNING] __main__ — KIS 토큰 발급 실패: HTTPSConnectionPool(host='openapivts.koreainvestment.com', port=29443): Max retries exceeded with url: /oauth2/tokenP (Caused by ConnectTimeoutError(<HTTPSConnection(host='openapivts.koreainvestment.com', port=29443) at 0x7fbfcc167850>, 'Connection to openapivts.koreainvestment.com timed out. (connect timeout=10)'))
2026-08-14 10:59:24,696 [WARNING] __main__ — KIS 토큰 발급 실패: HTTPSConnectionPool(host='openapivts.koreainvestment.com', port=29443): Max retries exceeded with url: /oauth2/tokenP (Caused by ConnectTimeoutError(<HTTPSConnection(host='openapivts.koreainvestment.com', port=29443) at 0x7fbfcc18cf50>, 'Connection to openapivts.koreainvestment.com timed out. (connect timeout=10)'))
2026-08-14 10:59:34,748 [WARNING] __main__ — KIS 토큰 발급 실패: HTTPSConnectionPool(host='openapivts.koreainvestment.com', port=29443): Max retries exceeded with url: /oauth2/tokenP (Caused by ConnectTimeoutError(<HTTPSConnection(host='openapivts.koreainvestment.com', port=29443) at 0x7fbfcc1653d0>, 'Connection to openapivts.koreainvestment.com timed out. (connect timeout=10)'))
2026-08-14 10:59:44,774 [WARNING] __main__ — KIS 토큰 발급 실패: HTTPSConnectionPool(host='openapivts.koreainvestment.com', port=29443): Max retries exceeded with url: /oauth2/tokenP (Caused by ConnectTimeoutError(<HTTPSConnection(host='openapivts.koreainvestment.com', port=29443) at 0x7fbfb8a0a210>, 'Connection to openapivts.koreainvestment.com timed out. (connect timeout=10)'))
2026-08-14 10:59:54,817 [WARNING] __main__ — KIS 토큰 발급 실패: HTTPSConnectionPool(host='openapivts.koreainvestment.com', port=29443): Max retries exceeded with url: /oauth2/tokenP (Caused by ConnectTimeoutError(<HTTPSConnection(host='openapivts.koreainvestment.com', port=29443) at 0x7fbfb8b68fd0>, 'Connection to openapivts.koreainvestment.com timed out. (connect timeout=10)'))
2026-08-14 11:00:04,865 [WARNING] __main__ — KIS 토큰 발급 실패: HTTPSConnectionPool(host='openapivts.koreainvestment.com', port=29443): Max retries exceeded with url: /oauth2/tokenP (Caused by ConnectTimeoutError(<HTTPSConnection(host='openapivts.koreainvestment.com', port=29443) at 0x7fbfb8c94b90>, 'Connection to openapivts.koreainvestment.com timed out. (connect timeout=10)'))
2026-08-14 11:00:14,891 [WARNING] __main__ — KIS 토큰 발급 실패: HTTPSConnectionPool(host='openapivts.koreainvestment.com', port=29443): Max retries exceeded with url: /oauth2/tokenP (Caused by ConnectTimeoutError(<HTTPSConnection(host='openapivts.koreainvestment.com', port=29443) at 0x7fbfb8c71d90>, 'Connection to openapivts.koreainvestment.com timed out. (connect timeout=10)'))
2026-08-14 11:00:24,906 [WARNING] __main__ — KIS 토큰 발급 실패: HTTPSConnectionPool(host='openapivts.koreainvestment.com', port=29443): Max retries exceeded with url: /oauth2/tokenP (Caused by ConnectTimeoutError(<HTTPSConnection(host='openapivts.koreainvestment.com', port=29443) at 0x7fbfcce9b990>, 'Connection to openapivts.koreainvestment.com timed out. (connect timeout=10)'))
2026-08-14 11:00:34,930 [WARNING] __main__ — KIS 토큰 발급 실패: HTTPSConnectionPool(host='openapivts.koreainvestment.com', port=29443): Max retries exceeded with url: /oauth2/tokenP (Caused by ConnectTimeoutError(<HTTPSConnection(host='openapivts.koreainvestment.com', port=29443) at 0x7fbfb8b6acd0>, 'Connection to openapivts.koreainvestment.com timed out. (connect timeout=10)'))
2026-08-14 11:00:44,989 [WARNING] __main__ — KIS 토큰 발급 실패: HTTPSConnectionPool(host='openapivts.koreainvestment.com', port=29443): Max retries exceeded with url: /oauth2/tokenP (Caused by ConnectTimeoutError(<HTTPSConnection(host='openapivts.koreainvestment.com', port=29443) at 0x7fbfb8b1dbd0>, 'Connection to openapivts.koreainvestment.com timed out. (connect timeout=10)'))
2026-08-14 11:00:55,009 [WARNING] __main__ — KIS 토큰 발급 실패: HTTPSConnectionPool(host='openapivts.koreainvestment.com', port=29443): Max retries exceeded with url: /oauth2/tokenP (Caused by ConnectTimeoutError(<HTTPSConnection(host='openapivts.koreainvestment.com', port=29443) at 0x7fbfb8cbd410>, 'Connection to openapivts.koreainvestment.com timed out. (connect timeout=10)'))
2026-08-14 11:01:05,042 [WARNING] __main__ — KIS 토큰 발급 실패: HTTPSConnectionPool(host='openapivts.koreainvestment.com', port=29443): Max retries exceeded with url: /oauth2/tokenP (Caused by ConnectTimeoutError(<HTTPSConnection(host='openapivts.koreainvestment.com', port=29443) at 0x7fbfb8c8ddd0>, 'Connection to openapivts.koreainvestment.com timed out. (connect timeout=10)'))
2026-08-14 11:01:15,141 [WARNING] __main__ — KIS 토큰 발급 실패: HTTPSConnectionPool(host='openapivts.koreainvestment.com', port=29443): Max retries exceeded with url: /oauth2/tokenP (Caused by ConnectTimeoutError(<HTTPSConnection(host='openapivts.koreainvestment.com', port=29443) at 0x7fbfb8b6f190>, 'Connection to openapivts.koreainvestment.com timed out. (connect timeout=10)'))
2026-08-14 11:01:25,166 [WARNING] __main__ — KIS 토큰 발급 실패: HTTPSConnectionPool(host='openapivts.koreainvestment.com', port=29443): Max retries exceeded with url: /oauth2/tokenP (Caused by ConnectTimeoutError(<HTTPSConnection(host='openapivts.koreainvestment.com', port=29443) at 0x7fbfb8b2ac50>, 'Connection to openapivts.koreainvestment.com timed out. (connect timeout=10)'))
2026-08-14 11:01:35,216 [WARNING] __main__ — KIS 토큰 발급 실패: HTTPSConnectionPool(host='openapivts.koreainvestment.com', port=29443): Max retries exceeded with url: /oauth2/tokenP (Caused by ConnectTimeoutError(<HTTPSConnection(host='openapivts.koreainvestment.com', port=29443) at 0x7fbfb8b99210>, 'Connection to openapivts.koreainvestment.com timed out. (connect timeout=10)'))
2026-08-14 11:01:45,315 [WARNING] __main__ — KIS 토큰 발급 실패: HTTPSConnectionPool(host='openapivts.koreainvestment.com', port=29443): Max retries exceeded with url: /oauth2/tokenP (Caused by ConnectTimeoutError(<HTTPSConnection(host='openapivts.koreainvestment.com', port=29443) at 0x7fbfb8a047d0>, 'Connection to openapivts.koreainvestment.com timed out. (connect timeout=10)'))
2026-08-14 11:01:55,414 [WARNING] __main__ — KIS 토큰 발급 실패: HTTPSConnectionPool(host='openapivts.koreainvestment.com', port=29443): Max retries exceeded with url: /oauth2/tokenP (Caused by ConnectTimeoutError(<HTTPSConnection(host='openapivts.koreainvestment.com', port=29443) at 0x7fbfb8c8d190>, 'Connection to openapivts.koreainvestment.com timed out. (connect timeout=10)'))
2026-08-14 11:02:05,427 [WARNING] __main__ — KIS 토큰 발급 실패: HTTPSConnectionPool(host='openapivts.koreainvestment.com', port=29443): Max retries exceeded with url: /oauth2/tokenP (Caused by ConnectTimeoutError(<HTTPSConnection(host='openapivts.koreainvestment.com', port=29443) at 0x7fbfb8b6ed10>, 'Connection to openapivts.koreainvestment.com timed out. (connect timeout=10)'))
2026-08-14 11:02:15,478 [WARNING] __main__ — KIS 토큰 발급 실패: HTTPSConnectionPool(host='openapivts.koreainvestment.com', port=29443): Max retries exceeded with url: /oauth2/tokenP (Caused by ConnectTimeoutError(<HTTPSConnection(host='openapivts.koreainvestment.com', port=29443) at 0x7fbfb8cc0bd0>, 'Connection to openapivts.koreainvestment.com timed out. (connect timeout=10)'))
2026-08-14 11:02:25,504 [WARNING] __main__ — KIS 토큰 발급 실패: HTTPSConnectionPool(host='openapivts.koreainvestment.com', port=29443): Max retries exceeded with url: /oauth2/tokenP (Caused by ConnectTimeoutError(<HTTPSConnection(host='openapivts.koreainvestment.com', port=29443) at 0x7fbfb8b02210>, 'Connection to openapivts.koreainvestment.com timed out. (connect timeout=10)'))
2026-08-14 11:02:35,522 [WARNING] __main__ — KIS 토큰 발급 실패: HTTPSConnectionPool(host='openapivts.koreainvestment.com', port=29443): Max retries exceeded with url: /oauth2/tokenP (Caused by ConnectTimeoutError(<HTTPSConnection(host='openapivts.koreainvestment.com', port=29443) at 0x7fbfcc151790>, 'Connection to openapivts.koreainvestment.com timed out. (connect timeout=10)'))
2026-08-14 11:02:45,541 [WARNING] __main__ — KIS 토큰 발급 실패: HTTPSConnectionPool(host='openapivts.koreainvestment.com', port=29443): Max retries exceeded with url: /oauth2/tokenP (Caused by ConnectTimeoutError(<HTTPSConnection(host='openapivts.koreainvestment.com', port=29443) at 0x7fbfcd198690>, 'Connection to openapivts.koreainvestment.com timed out. (connect timeout=10)'))
2026-08-14 11:02:55,562 [WARNING] __main__ — KIS 토큰 발급 실패: HTTPSConnectionPool(host='openapivts.koreainvestment.com', port=29443): Max retries exceeded with url: /oauth2/tokenP (Caused by ConnectTimeoutError(<HTTPSConnection(host='openapivts.koreainvestment.com', port=29443) at 0x7fbfb8b01e50>, 'Connection to openapivts.koreainvestment.com timed out. (connect timeout=10)'))
2026-08-14 11:03:05,596 [WARNING] __main__ — KIS 토큰 발급 실패: HTTPSConnectionPool(host='openapivts.koreainvestment.com', port=29443): Max retries exceeded with url: /oauth2/tokenP (Caused by ConnectTimeoutError(<HTTPSConnection(host='openapivts.koreainvestment.com', port=29443) at 0x7fbfcc150750>, 'Connection to openapivts.koreainvestment.com timed out. (connect timeout=10)'))
2026-08-14 11:03:15,618 [WARNING] __main__ — KIS 토큰 발급 실패: HTTPSConnectionPool(host='openapivts.koreainvestment.com', port=29443): Max retries exceeded with url: /oauth2/tokenP (Caused by ConnectTimeoutError(<HTTPSConnection(host='openapivts.koreainvestment.com', port=29443) at 0x7fbfb8cd78d0>, 'Connection to openapivts.koreainvestment.com timed out. (connect timeout=10)'))
2026-08-14 11:03:25,641 [WARNING] __main__ — KIS 토큰 발급 실패: HTTPSConnectionPool(host='openapivts.koreainvestment.com', port=29443): Max retries exceeded with url: /oauth2/tokenP (Caused by ConnectTimeoutError(<HTTPSConnection(host='openapivts.koreainvestment.com', port=29443) at 0x7fbfcc170710>, 'Connection to openapivts.koreainvestment.com timed out. (connect timeout=10)'))
2026-08-14 11:03:35,660 [WARNING] __main__ — KIS 토큰 발급 실패: HTTPSConnectionPool(host='openapivts.koreainvestment.com', port=29443): Max retries exceeded with url: /oauth2/tokenP (Caused by ConnectTimeoutError(<HTTPSConnection(host='openapivts.koreainvestment.com', port=29443) at 0x7fbfb8b23190>, 'Connection to openapivts.koreainvestment.com timed out. (connect timeout=10)'))
2026-08-14 11:03:45,683 [WARNING] __main__ — KIS 토큰 발급 실패: HTTPSConnectionPool(host='openapivts.koreainvestment.com', port=29443): Max retries exceeded with url: /oauth2/tokenP (Caused by ConnectTimeoutError(<HTTPSConnection(host='openapivts.koreainvestment.com', port=29443) at 0x7fbfb8cd4a90>, 'Connection to openapivts.koreainvestment.com timed out. (connect timeout=10)'))
2026-08-14 11:03:55,697 [WARNING] __main__ — KIS 토큰 발급 실패: HTTPSConnectionPool(host='openapivts.koreainvestment.com', port=29443): Max retries exceeded with url: /oauth2/tokenP (Caused by ConnectTimeoutError(<HTTPSConnection(host='openapivts.koreainvestment.com', port=29443) at 0x7fbfb8cbe250>, 'Connection to openapivts.koreainvestment.com timed out. (connect timeout=10)'))
2026-08-14 11:04:05,719 [WARNING] __main__ — KIS 토큰 발급 실패: HTTPSConnectionPool(host='openapivts.koreainvestment.com', port=29443): Max retries exceeded with url: /oauth2/tokenP (Caused by ConnectTimeoutError(<HTTPSConnection(host='openapivts.koreainvestment.com', port=29443) at 0x7fbfb8a09510>, 'Connection to openapivts.koreainvestment.com timed out. (connect timeout=10)'))
2026-08-14 11:04:15,737 [WARNING] __main__ — KIS 토큰 발급 실패: HTTPSConnectionPool(host='openapivts.koreainvestment.com', port=29443): Max retries exceeded with url: /oauth2/tokenP (Caused by ConnectTimeoutError(<HTTPSConnection(host='openapivts.koreainvestment.com', port=29443) at 0x7fbfb8b69790>, 'Connection to openapivts.koreainvestment.com timed out. (connect timeout=10)'))
2026-08-14 11:04:25,760 [WARNING] __main__ — KIS 토큰 발급 실패: HTTPSConnectionPool(host='openapivts.koreainvestment.com', port=29443): Max retries exceeded with url: /oauth2/tokenP (Caused by ConnectTimeoutError(<HTTPSConnection(host='openapivts.koreainvestment.com', port=29443) at 0x7fbfcc58db50>, 'Connection to openapivts.koreainvestment.com timed out. (connect timeout=10)'))
2026-08-14 11:04:35,773 [WARNING] __main__ — KIS 토큰 발급 실패: HTTPSConnectionPool(host='openapivts.koreainvestment.com', port=29443): Max retries exceeded with url: /oauth2/tokenP (Caused by ConnectTimeoutError(<HTTPSConnection(host='openapivts.koreainvestment.com', port=29443) at 0x7fbfb8b1d210>, 'Connection to openapivts.koreainvestment.com timed out. (connect timeout=10)'))
2026-08-14 11:04:45,787 [WARNING] __main__ — KIS 토큰 발급 실패: HTTPSConnectionPool(host='openapivts.koreainvestment.com', port=29443): Max retries exceeded with url: /oauth2/tokenP (Caused by ConnectTimeoutError(<HTTPSConnection(host='openapivts.koreainvestment.com', port=29443) at 0x7fbfcc183690>, 'Connection to openapivts.koreainvestment.com timed out. (connect timeout=10)'))
2026-08-14 11:04:55,802 [WARNING] __main__ — KIS 토큰 발급 실패: HTTPSConnectionPool(host='openapivts.koreainvestment.com', port=29443): Max retries exceeded with url: /oauth2/tokenP (Caused by ConnectTimeoutError(<HTTPSConnection(host='openapivts.koreainvestment.com', port=29443) at 0x7fbfb8cd6d10>, 'Connection to openapivts.koreainvestment.com timed out. (connect timeout=10)'))
2026-08-14 11:05:05,817 [WARNING] __main__ — KIS 토큰 발급 실패: HTTPSConnectionPool(host='openapivts.koreainvestment.com', port=29443): Max retries exceeded with url: /oauth2/tokenP (Caused by ConnectTimeoutError(<HTTPSConnection(host='openapivts.koreainvestment.com', port=29443) at 0x7fbfb8b28550>, 'Connection to openapivts.koreainvestment.com timed out. (connect timeout=10)'))
2026-08-14 11:05:15,840 [WARNING] __main__ — KIS 토큰 발급 실패: HTTPSConnectionPool(host='openapivts.koreainvestment.com', port=29443): Max retries exceeded with url: /oauth2/tokenP (Caused by ConnectTimeoutError(<HTTPSConnection(host='openapivts.koreainvestment.com', port=29443) at 0x7fbfb8c704d0>, 'Connection to openapivts.koreainvestment.com timed out. (connect timeout=10)'))
2026-08-14 11:05:25,862 [WARNING] __main__ — KIS 토큰 발급 실패: HTTPSConnectionPool(host='openapivts.koreainvestment.com', port=29443): Max retries exceeded with url: /oauth2/tokenP (Caused by ConnectTimeoutError(<HTTPSConnection(host='openapivts.koreainvestment.com', port=29443) at 0x7fbfcc58e110>, 'Connection to openapivts.koreainvestment.com timed out. (connect timeout=10)'))
2026-08-14 11:05:35,882 [WARNING] __main__ — KIS 토큰 발급 실패: HTTPSConnectionPool(host='openapivts.koreainvestment.com', port=29443): Max retries exceeded with url: /oauth2/tokenP (Caused by ConnectTimeoutError(<HTTPSConnection(host='openapivts.koreainvestment.com', port=29443) at 0x7fbfcd106b50>, 'Connection to openapivts.koreainvestment.com timed out. (connect timeout=10)'))
2026-08-14 11:05:45,901 [WARNING] __main__ — KIS 토큰 발급 실패: HTTPSConnectionPool(host='openapivts.koreainvestment.com', port=29443): Max retries exceeded with url: /oauth2/tokenP (Caused by ConnectTimeoutError(<HTTPSConnection(host='openapivts.koreainvestment.com', port=29443) at 0x7fbfb8cbdf90>, 'Connection to openapivts.koreainvestment.com timed out. (connect timeout=10)'))
2026-08-14 11:05:56,108 [WARNING] __main__ — KIS 토큰 발급 실패: HTTPSConnectionPool(host='openapivts.koreainvestment.com', port=29443): Max retries exceeded with url: /oauth2/tokenP (Caused by ConnectTimeoutError(<HTTPSConnection(host='openapivts.koreainvestment.com', port=29443) at 0x7fbfb8a09d50>, 'Connection to openapivts.koreainvestment.com timed out. (connect timeout=10)'))
2026-08-14 11:06:06,129 [WARNING] __main__ — KIS 토큰 발급 실패: HTTPSConnectionPool(host='openapivts.koreainvestment.com', port=29443): Max retries exceeded with url: /oauth2/tokenP (Caused by ConnectTimeoutError(<HTTPSConnection(host='openapivts.koreainvestment.com', port=29443) at 0x7fbfcc153d10>, 'Connection to openapivts.koreainvestment.com timed out. (connect timeout=10)'))
2026-08-14 11:06:16,150 [WARNING] __main__ — KIS 토큰 발급 실패: HTTPSConnectionPool(host='openapivts.koreainvestment.com', port=29443): Max retries exceeded with url: /oauth2/tokenP (Caused by ConnectTimeoutError(<HTTPSConnection(host='openapivts.koreainvestment.com', port=29443) at 0x7fbfcc198bd0>, 'Connection to openapivts.koreainvestment.com timed out. (connect timeout=10)'))
2026-08-14 11:06:26,170 [WARNING] __main__ — KIS 토큰 발급 실패: HTTPSConnectionPool(host='openapivts.koreainvestment.com', port=29443): Max retries exceeded with url: /oauth2/tokenP (Caused by ConnectTimeoutError(<HTTPSConnection(host='openapivts.koreainvestment.com', port=29443) at 0x7fbfcc18f310>, 'Connection to openapivts.koreainvestment.com timed out. (connect timeout=10)'))
2026-08-14 11:06:36,220 [WARNING] __main__ — KIS 토큰 발급 실패: HTTPSConnectionPool(host='openapivts.koreainvestment.com', port=29443): Max retries exceeded with url: /oauth2/tokenP (Caused by ConnectTimeoutError(<HTTPSConnection(host='openapivts.koreainvestment.com', port=29443) at 0x7fbfb8b2bd10>, 'Connection to openapivts.koreainvestment.com timed out. (connect timeout=10)'))
2026-08-14 11:06:46,245 [WARNING] __main__ — KIS 토큰 발급 실패: HTTPSConnectionPool(host='openapivts.koreainvestment.com', port=29443): Max retries exceeded with url: /oauth2/tokenP (Caused by ConnectTimeoutError(<HTTPSConnection(host='openapivts.koreainvestment.com', port=29443) at 0x7fbfb8a0b350>, 'Connection to openapivts.koreainvestment.com timed out. (connect timeout=10)'))
2026-08-14 11:06:56,267 [WARNING] __main__ — KIS 토큰 발급 실패: HTTPSConnectionPool(host='openapivts.koreainvestment.com', port=29443): Max retries exceeded with url: /oauth2/tokenP (Caused by ConnectTimeoutError(<HTTPSConnection(host='openapivts.koreainvestment.com', port=29443) at 0x7fbfcc151a10>, 'Connection to openapivts.koreainvestment.com timed out. (connect timeout=10)'))
2026-08-14 11:07:06,366 [WARNING] __main__ — KIS 토큰 발급 실패: HTTPSConnectionPool(host='openapivts.koreainvestment.com', port=29443): Max retries exceeded with url: /oauth2/tokenP (Caused by ConnectTimeoutError(<HTTPSConnection(host='openapivts.koreainvestment.com', port=29443) at 0x7fbfcd14c250>, 'Connection to openapivts.koreainvestment.com timed out. (connect timeout=10)'))
2026-08-14 11:07:16,391 [WARNING] __main__ — KIS 토큰 발급 실패: HTTPSConnectionPool(host='openapivts.koreainvestment.com', port=29443): Max retries exceeded with url: /oauth2/tokenP (Caused by ConnectTimeoutError(<HTTPSConnection(host='openapivts.koreainvestment.com', port=29443) at 0x7fbfb8cc1910>, 'Connection to openapivts.koreainvestment.com timed out. (connect timeout=10)'))
2026-08-14 11:07:26,421 [WARNING] __main__ — KIS 토큰 발급 실패: HTTPSConnectionPool(host='openapivts.koreainvestment.com', port=29443): Max retries exceeded with url: /oauth2/tokenP (Caused by ConnectTimeoutError(<HTTPSConnection(host='openapivts.koreainvestment.com', port=29443) at 0x7fbfcc178a50>, 'Connection to openapivts.koreainvestment.com timed out. (connect timeout=10)'))
2026-08-14 11:07:36,458 [WARNING] __main__ — KIS 토큰 발급 실패: HTTPSConnectionPool(host='openapivts.koreainvestment.com', port=29443): Max retries exceeded with url: /oauth2/tokenP (Caused by ConnectTimeoutError(<HTTPSConnection(host='openapivts.koreainvestment.com', port=29443) at 0x7fbfccf84410>, 'Connection to openapivts.koreainvestment.com timed out. (connect timeout=10)'))
2026-08-14 11:07:46,508 [WARNING] __main__ — KIS 토큰 발급 실패: HTTPSConnectionPool(host='openapivts.koreainvestment.com', port=29443): Max retries exceeded with url: /oauth2/tokenP (Caused by ConnectTimeoutError(<HTTPSConnection(host='openapivts.koreainvestment.com', port=29443) at 0x7fbfb8cc0650>, 'Connection to openapivts.koreainvestment.com timed out. (connect timeout=10)'))
2026-08-14 11:07:56,530 [WARNING] __main__ — KIS 토큰 발급 실패: HTTPSConnectionPool(host='openapivts.koreainvestment.com', port=29443): Max retries exceeded with url: /oauth2/tokenP (Caused by ConnectTimeoutError(<HTTPSConnection(host='openapivts.koreainvestment.com', port=29443) at 0x7fbfb8a0ba50>, 'Connection to openapivts.koreainvestment.com timed out. (connect timeout=10)'))
2026-08-14 11:08:06,591 [WARNING] __main__ — KIS 토큰 발급 실패: HTTPSConnectionPool(host='openapivts.koreainvestment.com', port=29443): Max retries exceeded with url: /oauth2/tokenP (Caused by ConnectTimeoutError(<HTTPSConnection(host='openapivts.koreainvestment.com', port=29443) at 0x7fbfb8cd0610>, 'Connection to openapivts.koreainvestment.com timed out. (connect timeout=10)'))
2026-08-14 11:08:16,611 [WARNING] __main__ — KIS 토큰 발급 실패: HTTPSConnectionPool(host='openapivts.koreainvestment.com', port=29443): Max retries exceeded with url: /oauth2/tokenP (Caused by ConnectTimeoutError(<HTTPSConnection(host='openapivts.koreainvestment.com', port=29443) at 0x7fbfcc1a4190>, 'Connection to openapivts.koreainvestment.com timed out. (connect timeout=10)'))
2026-08-14 11:08:26,637 [WARNING] __main__ — KIS 토큰 발급 실패: HTTPSConnectionPool(host='openapivts.koreainvestment.com', port=29443): Max retries exceeded with url: /oauth2/tokenP (Caused by ConnectTimeoutError(<HTTPSConnection(host='openapivts.koreainvestment.com', port=29443) at 0x7fbfb8cd2e10>, 'Connection to openapivts.koreainvestment.com timed out. (connect timeout=10)'))
2026-08-14 11:08:36,660 [WARNING] __main__ — KIS 토큰 발급 실패: HTTPSConnectionPool(host='openapivts.koreainvestment.com', port=29443): Max retries exceeded with url: /oauth2/tokenP (Caused by ConnectTimeoutError(<HTTPSConnection(host='openapivts.koreainvestment.com', port=29443) at 0x7fbfb8b6a7d0>, 'Connection to openapivts.koreainvestment.com timed out. (connect timeout=10)'))
2026-08-14 11:08:46,719 [WARNING] __main__ — KIS 토큰 발급 실패: HTTPSConnectionPool(host='openapivts.koreainvestment.com', port=29443): Max retries exceeded with url: /oauth2/tokenP (Caused by ConnectTimeoutError(<HTTPSConnection(host='openapivts.koreainvestment.com', port=29443) at 0x7fbfcc178610>, 'Connection to openapivts.koreainvestment.com timed out. (connect timeout=10)'))
2026-08-14 11:08:56,812 [WARNING] __main__ — KIS 토큰 발급 실패: HTTPSConnectionPool(host='openapivts.koreainvestment.com', port=29443): Max retries exceeded with url: /oauth2/tokenP (Caused by ConnectTimeoutError(<HTTPSConnection(host='openapivts.koreainvestment.com', port=29443) at 0x7fbfb8cc1e10>, 'Connection to openapivts.koreainvestment.com timed out. (connect timeout=10)'))
2026-08-14 11:09:06,829 [WARNING] __main__ — KIS 토큰 발급 실패: HTTPSConnectionPool(host='openapivts.koreainvestment.com', port=29443): Max retries exceeded with url: /oauth2/tokenP (Caused by ConnectTimeoutError(<HTTPSConnection(host='openapivts.koreainvestment.com', port=29443) at 0x7fbfb8b2b250>, 'Connection to openapivts.koreainvestment.com timed out. (connect timeout=10)'))
2026-08-14 11:09:16,851 [WARNING] __main__ — KIS 토큰 발급 실패: HTTPSConnectionPool(host='openapivts.koreainvestment.com', port=29443): Max retries exceeded with url: /oauth2/tokenP (Caused by ConnectTimeoutError(<HTTPSConnection(host='openapivts.koreainvestment.com', port=29443) at 0x7fbfcc178850>, 'Connection to openapivts.koreainvestment.com timed out. (connect timeout=10)'))
2026-08-14 11:09:26,901 [WARNING] __main__ — KIS 토큰 발급 실패: HTTPSConnectionPool(host='openapivts.koreainvestment.com', port=29443): Max retries exceeded with url: /oauth2/tokenP (Caused by ConnectTimeoutError(<HTTPSConnection(host='openapivts.koreainvestment.com', port=29443) at 0x7fbfb8b6e590>, 'Connection to openapivts.koreainvestment.com timed out. (connect timeout=10)'))
2026-08-14 11:09:36,999 [WARNING] __main__ — KIS 토큰 발급 실패: HTTPSConnectionPool(host='openapivts.koreainvestment.com', port=29443): Max retries exceeded with url: /oauth2/tokenP (Caused by ConnectTimeoutError(<HTTPSConnection(host='openapivts.koreainvestment.com', port=29443) at 0x7fbfcc179750>, 'Connection to openapivts.koreainvestment.com timed out. (connect timeout=10)'))
2026-08-14 11:09:47,018 [WARNING] __main__ — KIS 토큰 발급 실패: HTTPSConnectionPool(host='openapivts.koreainvestment.com', port=29443): Max retries exceeded with url: /oauth2/tokenP (Caused by ConnectTimeoutError(<HTTPSConnection(host='openapivts.koreainvestment.com', port=29443) at 0x7fbfcc159a90>, 'Connection to openapivts.koreainvestment.com timed out. (connect timeout=10)'))
2026-08-14 11:09:57,043 [WARNING] __main__ — KIS 토큰 발급 실패: HTTPSConnectionPool(host='openapivts.koreainvestment.com', port=29443): Max retries exceeded with url: /oauth2/tokenP (Caused by ConnectTimeoutError(<HTTPSConnection(host='openapivts.koreainvestment.com', port=29443) at 0x7fbfcce79f50>, 'Connection to openapivts.koreainvestment.com timed out. (connect timeout=10)'))
2026-08-14 11:10:07,139 [WARNING] __main__ — KIS 토큰 발급 실패: HTTPSConnectionPool(host='openapivts.koreainvestment.com', port=29443): Max retries exceeded with url: /oauth2/tokenP (Caused by ConnectTimeoutError(<HTTPSConnection(host='openapivts.koreainvestment.com', port=29443) at 0x7fbfcc152750>, 'Connection to openapivts.koreainvestment.com timed out. (connect timeout=10)'))
2026-08-14 11:10:17,159 [WARNING] __main__ — KIS 토큰 발급 실패: HTTPSConnectionPool(host='openapivts.koreainvestment.com', port=29443): Max retries exceeded with url: /oauth2/tokenP (Caused by ConnectTimeoutError(<HTTPSConnection(host='openapivts.koreainvestment.com', port=29443) at 0x7fbfb8b3ac10>, 'Connection to openapivts.koreainvestment.com timed out. (connect timeout=10)'))
2026-08-14 11:10:27,178 [WARNING] __main__ — KIS 토큰 발급 실패: HTTPSConnectionPool(host='openapivts.koreainvestment.com', port=29443): Max retries exceeded with url: /oauth2/tokenP (Caused by ConnectTimeoutError(<HTTPSConnection(host='openapivts.koreainvestment.com', port=29443) at 0x7fbfb8c8e1d0>, 'Connection to openapivts.koreainvestment.com timed out. (connect timeout=10)'))
2026-08-14 11:10:37,228 [WARNING] __main__ — KIS 토큰 발급 실패: HTTPSConnectionPool(host='openapivts.koreainvestment.com', port=29443): Max retries exceeded with url: /oauth2/tokenP (Caused by ConnectTimeoutError(<HTTPSConnection(host='openapivts.koreainvestment.com', port=29443) at 0x7fbfb8b9bf90>, 'Connection to openapivts.koreainvestment.com timed out. (connect timeout=10)'))
2026-08-14 11:10:47,324 [WARNING] __main__ — KIS 토큰 발급 실패: HTTPSConnectionPool(host='openapivts.koreainvestment.com', port=29443): Max retries exceeded with url: /oauth2/tokenP (Caused by ConnectTimeoutError(<HTTPSConnection(host='openapivts.koreainvestment.com', port=29443) at 0x7fbfb8b39550>, 'Connection to openapivts.koreainvestment.com timed out. (connect timeout=10)'))
2026-08-14 11:10:57,345 [WARNING] __main__ — KIS 토큰 발급 실패: HTTPSConnectionPool(host='openapivts.koreainvestment.com', port=29443): Max retries exceeded with url: /oauth2/tokenP (Caused by ConnectTimeoutError(<HTTPSConnection(host='openapivts.koreainvestment.com', port=29443) at 0x7fbfb8a04d90>, 'Connection to openapivts.koreainvestment.com timed out. (connect timeout=10)'))
2026-08-14 11:11:07,395 [WARNING] __main__ — KIS 토큰 발급 실패: HTTPSConnectionPool(host='openapivts.koreainvestment.com', port=29443): Max retries exceeded with url: /oauth2/tokenP (Caused by ConnectTimeoutError(<HTTPSConnection(host='openapivts.koreainvestment.com', port=29443) at 0x7fbfb8a0b810>, 'Connection to openapivts.koreainvestment.com timed out. (connect timeout=10)'))
2026-08-14 11:11:17,482 [WARNING] __main__ — KIS 토큰 발급 실패: HTTPSConnectionPool(host='openapivts.koreainvestment.com', port=29443): Max retries exceeded with url: /oauth2/tokenP (Caused by ConnectTimeoutError(<HTTPSConnection(host='openapivts.koreainvestment.com', port=29443) at 0x7fbfb8cc3650>, 'Connection to openapivts.koreainvestment.com timed out. (connect timeout=10)'))
2026-08-14 11:11:27,498 [WARNING] __main__ — KIS 토큰 발급 실패: HTTPSConnectionPool(host='openapivts.koreainvestment.com', port=29443): Max retries exceeded with url: /oauth2/tokenP (Caused by ConnectTimeoutError(<HTTPSConnection(host='openapivts.koreainvestment.com', port=29443) at 0x7fbfb8c97c10>, 'Connection to openapivts.koreainvestment.com timed out. (connect timeout=10)'))
2026-08-14 11:11:37,519 [WARNING] __main__ — KIS 토큰 발급 실패: HTTPSConnectionPool(host='openapivts.koreainvestment.com', port=29443): Max retries exceeded with url: /oauth2/tokenP (Caused by ConnectTimeoutError(<HTTPSConnection(host='openapivts.koreainvestment.com', port=29443) at 0x7fbfb8b2dc10>, 'Connection to openapivts.koreainvestment.com timed out. (connect timeout=10)'))
2026-08-14 11:11:47,538 [WARNING] __main__ — KIS 토큰 발급 실패: HTTPSConnectionPool(host='openapivts.koreainvestment.com', port=29443): Max retries exceeded with url: /oauth2/tokenP (Caused by ConnectTimeoutError(<HTTPSConnection(host='openapivts.koreainvestment.com', port=29443) at 0x7fbfb8a06950>, 'Connection to openapivts.koreainvestment.com timed out. (connect timeout=10)'))
2026-08-14 11:11:57,590 [WARNING] __main__ — KIS 토큰 발급 실패: HTTPSConnectionPool(host='openapivts.koreainvestment.com', port=29443): Max retries exceeded with url: /oauth2/tokenP (Caused by ConnectTimeoutError(<HTTPSConnection(host='openapivts.koreainvestment.com', port=29443) at 0x7fbfb8cd1750>, 'Connection to openapivts.koreainvestment.com timed out. (connect timeout=10)'))
2026-08-14 11:12:07,616 [WARNING] __main__ — KIS 토큰 발급 실패: HTTPSConnectionPool(host='openapivts.koreainvestment.com', port=29443): Max retries exceeded with url: /oauth2/tokenP (Caused by ConnectTimeoutError(<HTTPSConnection(host='openapivts.koreainvestment.com', port=29443) at 0x7fbfb8c715d0>, 'Connection to openapivts.koreainvestment.com timed out. (connect timeout=10)'))
2026-08-14 11:12:17,667 [WARNING] __main__ — KIS 토큰 발급 실패: HTTPSConnectionPool(host='openapivts.koreainvestment.com', port=29443): Max retries exceeded with url: /oauth2/tokenP (Caused by ConnectTimeoutError(<HTTPSConnection(host='openapivts.koreainvestment.com', port=29443) at 0x7fbfcc4eba90>, 'Connection to openapivts.koreainvestment.com timed out. (connect timeout=10)'))
2026-08-14 11:12:27,715 [WARNING] __main__ — KIS 토큰 발급 실패: HTTPSConnectionPool(host='openapivts.koreainvestment.com', port=29443): Max retries exceeded with url: /oauth2/tokenP (Caused by ConnectTimeoutError(<HTTPSConnection(host='openapivts.koreainvestment.com', port=29443) at 0x7fbfb8cd0510>, 'Connection to openapivts.koreainvestment.com timed out. (connect timeout=10)'))
2026-08-14 11:12:37,813 [WARNING] __main__ — KIS 토큰 발급 실패: HTTPSConnectionPool(host='openapivts.koreainvestment.com', port=29443): Max retries exceeded with url: /oauth2/tokenP (Caused by ConnectTimeoutError(<HTTPSConnection(host='openapivts.koreainvestment.com', port=29443) at 0x7fbfb8b50b90>, 'Connection to openapivts.koreainvestment.com timed out. (connect timeout=10)'))
2026-08-14 11:12:47,848 [WARNING] __main__ — KIS 토큰 발급 실패: HTTPSConnectionPool(host='openapivts.koreainvestment.com', port=29443): Max retries exceeded with url: /oauth2/tokenP (Caused by ConnectTimeoutError(<HTTPSConnection(host='openapivts.koreainvestment.com', port=29443) at 0x7fbfcd0825d0>, 'Connection to openapivts.koreainvestment.com timed out. (connect timeout=10)'))
2026-08-14 11:12:57,867 [WARNING] __main__ — KIS 토큰 발급 실패: HTTPSConnectionPool(host='openapivts.koreainvestment.com', port=29443): Max retries exceeded with url: /oauth2/tokenP (Caused by ConnectTimeoutError(<HTTPSConnection(host='openapivts.koreainvestment.com', port=29443) at 0x7fbfb8b99410>, 'Connection to openapivts.koreainvestment.com timed out. (connect timeout=10)'))
2026-08-14 11:13:07,885 [WARNING] __main__ — KIS 토큰 발급 실패: HTTPSConnectionPool(host='openapivts.koreainvestment.com', port=29443): Max retries exceeded with url: /oauth2/tokenP (Caused by ConnectTimeoutError(<HTTPSConnection(host='openapivts.koreainvestment.com', port=29443) at 0x7fbfb8b52710>, 'Connection to openapivts.koreainvestment.com timed out. (connect timeout=10)'))
2026-08-14 11:13:17,982 [WARNING] __main__ — KIS 토큰 발급 실패: HTTPSConnectionPool(host='openapivts.koreainvestment.com', port=29443): Max retries exceeded with url: /oauth2/tokenP (Caused by ConnectTimeoutError(<HTTPSConnection(host='openapivts.koreainvestment.com', port=29443) at 0x7fbfcc173510>, 'Connection to openapivts.koreainvestment.com timed out. (connect timeout=10)'))
2026-08-14 11:13:28,074 [WARNING] __main__ — KIS 토큰 발급 실패: HTTPSConnectionPool(host='openapivts.koreainvestment.com', port=29443): Max retries exceeded with url: /oauth2/tokenP (Caused by ConnectTimeoutError(<HTTPSConnection(host='openapivts.koreainvestment.com', port=29443) at 0x7fbfb8c708d0>, 'Connection to openapivts.koreainvestment.com timed out. (connect timeout=10)'))
2026-08-14 11:13:38,094 [WARNING] __main__ — KIS 토큰 발급 실패: HTTPSConnectionPool(host='openapivts.koreainvestment.com', port=29443): Max retries exceeded with url: /oauth2/tokenP (Caused by ConnectTimeoutError(<HTTPSConnection(host='openapivts.koreainvestment.com', port=29443) at 0x7fbfb8cd2610>, 'Connection to openapivts.koreainvestment.com timed out. (connect timeout=10)'))
2026-08-14 11:13:48,145 [WARNING] __main__ — KIS 토큰 발급 실패: HTTPSConnectionPool(host='openapivts.koreainvestment.com', port=29443): Max retries exceeded with url: /oauth2/tokenP (Caused by ConnectTimeoutError(<HTTPSConnection(host='openapivts.koreainvestment.com', port=29443) at 0x7fbfccfd8d10>, 'Connection to openapivts.koreainvestment.com timed out. (connect timeout=10)'))
2026-08-14 11:13:58,162 [WARNING] __main__ — KIS 토큰 발급 실패: HTTPSConnectionPool(host='openapivts.koreainvestment.com', port=29443): Max retries exceeded with url: /oauth2/tokenP (Caused by ConnectTimeoutError(<HTTPSConnection(host='openapivts.koreainvestment.com', port=29443) at 0x7fbfb8b3b550>, 'Connection to openapivts.koreainvestment.com timed out. (connect timeout=10)'))
2026-08-14 11:14:08,194 [WARNING] __main__ — KIS 토큰 발급 실패: HTTPSConnectionPool(host='openapivts.koreainvestment.com', port=29443): Max retries exceeded with url: /oauth2/tokenP (Caused by ConnectTimeoutError(<HTTPSConnection(host='openapivts.koreainvestment.com', port=29443) at 0x7fbfb8cd6050>, 'Connection to openapivts.koreainvestment.com timed out. (connect timeout=10)'))
2026-08-14 11:14:18,219 [WARNING] __main__ — KIS 토큰 발급 실패: HTTPSConnectionPool(host='openapivts.koreainvestment.com', port=29443): Max retries exceeded with url: /oauth2/tokenP (Caused by ConnectTimeoutError(<HTTPSConnection(host='openapivts.koreainvestment.com', port=29443) at 0x7fbfcce7bbd0>, 'Connection to openapivts.koreainvestment.com timed out. (connect timeout=10)'))
2026-08-14 11:14:28,245 [WARNING] __main__ — KIS 토큰 발급 실패: HTTPSConnectionPool(host='openapivts.koreainvestment.com', port=29443): Max retries exceeded with url: /oauth2/tokenP (Caused by ConnectTimeoutError(<HTTPSConnection(host='openapivts.koreainvestment.com', port=29443) at 0x7fbfb8b2db10>, 'Connection to openapivts.koreainvestment.com timed out. (connect timeout=10)'))
2026-08-14 11:14:38,269 [WARNING] __main__ — KIS 토큰 발급 실패: HTTPSConnectionPool(host='openapivts.koreainvestment.com', port=29443): Max retries exceeded with url: /oauth2/tokenP (Caused by ConnectTimeoutError(<HTTPSConnection(host='openapivts.koreainvestment.com', port=29443) at 0x7fbfb8cbca50>, 'Connection to openapivts.koreainvestment.com timed out. (connect timeout=10)'))
2026-08-14 11:14:48,291 [WARNING] __main__ — KIS 토큰 발급 실패: HTTPSConnectionPool(host='openapivts.koreainvestment.com', port=29443): Max retries exceeded with url: /oauth2/tokenP (Caused by ConnectTimeoutError(<HTTPSConnection(host='openapivts.koreainvestment.com', port=29443) at 0x7fbfb8cd0b10>, 'Connection to openapivts.koreainvestment.com timed out. (connect timeout=10)'))
2026-08-14 11:14:58,310 [WARNING] __main__ — KIS 토큰 발급 실패: HTTPSConnectionPool(host='openapivts.koreainvestment.com', port=29443): Max retries exceeded with url: /oauth2/tokenP (Caused by ConnectTimeoutError(<HTTPSConnection(host='openapivts.koreainvestment.com', port=29443) at 0x7fbfb8b698d0>, 'Connection to openapivts.koreainvestment.com timed out. (connect timeout=10)'))
2026-08-14 11:15:08,330 [WARNING] __main__ — KIS 토큰 발급 실패: HTTPSConnectionPool(host='openapivts.koreainvestment.com', port=29443): Max retries exceeded with url: /oauth2/tokenP (Caused by ConnectTimeoutError(<HTTPSConnection(host='openapivts.koreainvestment.com', port=29443) at 0x7fbfcc1bc8d0>, 'Connection to openapivts.koreainvestment.com timed out. (connect timeout=10)'))
2026-08-14 11:15:18,346 [WARNING] __main__ — KIS 토큰 발급 실패: HTTPSConnectionPool(host='openapivts.koreainvestment.com', port=29443): Max retries exceeded with url: /oauth2/tokenP (Caused by ConnectTimeoutError(<HTTPSConnection(host='openapivts.koreainvestment.com', port=29443) at 0x7fbfb8b98c10>, 'Connection to openapivts.koreainvestment.com timed out. (connect timeout=10)'))
2026-08-14 11:15:28,367 [WARNING] __main__ — KIS 토큰 발급 실패: HTTPSConnectionPool(host='openapivts.koreainvestment.com', port=29443): Max retries exceeded with url: /oauth2/tokenP (Caused by ConnectTimeoutError(<HTTPSConnection(host='openapivts.koreainvestment.com', port=29443) at 0x7fbfb8b69910>, 'Connection to openapivts.koreainvestment.com timed out. (connect timeout=10)'))
2026-08-14 11:15:38,390 [WARNING] __main__ — KIS 토큰 발급 실패: HTTPSConnectionPool(host='openapivts.koreainvestment.com', port=29443): Max retries exceeded with url: /oauth2/tokenP (Caused by ConnectTimeoutError(<HTTPSConnection(host='openapivts.koreainvestment.com', port=29443) at 0x7fbfcc18f5d0>, 'Connection to openapivts.koreainvestment.com timed out. (connect timeout=10)'))
2026-08-14 11:15:48,411 [WARNING] __main__ — KIS 토큰 발급 실패: HTTPSConnectionPool(host='openapivts.koreainvestment.com', port=29443): Max retries exceeded with url: /oauth2/tokenP (Caused by ConnectTimeoutError(<HTTPSConnection(host='openapivts.koreainvestment.com', port=29443) at 0x7fbfb8cbfb90>, 'Connection to openapivts.koreainvestment.com timed out. (connect timeout=10)'))
2026-08-14 11:15:58,434 [WARNING] __main__ — KIS 토큰 발급 실패: HTTPSConnectionPool(host='openapivts.koreainvestment.com', port=29443): Max retries exceeded with url: /oauth2/tokenP (Caused by ConnectTimeoutError(<HTTPSConnection(host='openapivts.koreainvestment.com', port=29443) at 0x7fbfb8cf51d0>, 'Connection to openapivts.koreainvestment.com timed out. (connect timeout=10)'))
2026-08-14 11:16:08,445 [WARNING] __main__ — KIS 토큰 발급 실패: HTTPSConnectionPool(host='openapivts.koreainvestment.com', port=29443): Max retries exceeded with url: /oauth2/tokenP (Caused by ConnectTimeoutError(<HTTPSConnection(host='openapivts.koreainvestment.com', port=29443) at 0x7fbfb8a086d0>, 'Connection to openapivts.koreainvestment.com timed out. (connect timeout=10)'))
2026-08-14 11:16:18,462 [WARNING] __main__ — KIS 토큰 발급 실패: HTTPSConnectionPool(host='openapivts.koreainvestment.com', port=29443): Max retries exceeded with url: /oauth2/tokenP (Caused by ConnectTimeoutError(<HTTPSConnection(host='openapivts.koreainvestment.com', port=29443) at 0x7fbfcc4ea010>, 'Connection to openapivts.koreainvestment.com timed out. (connect timeout=10)'))
2026-08-14 11:16:28,485 [WARNING] __main__ — KIS 토큰 발급 실패: HTTPSConnectionPool(host='openapivts.koreainvestment.com', port=29443): Max retries exceeded with url: /oauth2/tokenP (Caused by ConnectTimeoutError(<HTTPSConnection(host='openapivts.koreainvestment.com', port=29443) at 0x7fbfb8c728d0>, 'Connection to openapivts.koreainvestment.com timed out. (connect timeout=10)'))
2026-08-14 11:16:38,508 [WARNING] __main__ — KIS 토큰 발급 실패: HTTPSConnectionPool(host='openapivts.koreainvestment.com', port=29443): Max retries exceeded with url: /oauth2/tokenP (Caused by ConnectTimeoutError(<HTTPSConnection(host='openapivts.koreainvestment.com', port=29443) at 0x7fbfb8cc1d90>, 'Connection to openapivts.koreainvestment.com timed out. (connect timeout=10)'))
2026-08-14 11:16:48,522 [WARNING] __main__ — KIS 토큰 발급 실패: HTTPSConnectionPool(host='openapivts.koreainvestment.com', port=29443): Max retries exceeded with url: /oauth2/tokenP (Caused by ConnectTimeoutError(<HTTPSConnection(host='openapivts.koreainvestment.com', port=29443) at 0x7fbfb8b2b350>, 'Connection to openapivts.koreainvestment.com timed out. (connect timeout=10)'))
2026-08-14 11:16:58,544 [WARNING] __main__ — KIS 토큰 발급 실패: HTTPSConnectionPool(host='openapivts.koreainvestment.com', port=29443): Max retries exceeded with url: /oauth2/tokenP (Caused by ConnectTimeoutError(<HTTPSConnection(host='openapivts.koreainvestment.com', port=29443) at 0x7fbfb8b1d810>, 'Connection to openapivts.koreainvestment.com timed out. (connect timeout=10)'))
2026-08-14 11:17:08,571 [WARNING] __main__ — KIS 토큰 발급 실패: HTTPSConnectionPool(host='openapivts.koreainvestment.com', port=29443): Max retries exceeded with url: /oauth2/tokenP (Caused by ConnectTimeoutError(<HTTPSConnection(host='openapivts.koreainvestment.com', port=29443) at 0x7fbfcc165a90>, 'Connection to openapivts.koreainvestment.com timed out. (connect timeout=10)'))
2026-08-14 11:17:18,591 [WARNING] __main__ — KIS 토큰 발급 실패: HTTPSConnectionPool(host='openapivts.koreainvestment.com', port=29443): Max retries exceeded with url: /oauth2/tokenP (Caused by ConnectTimeoutError(<HTTPSConnection(host='openapivts.koreainvestment.com', port=29443) at 0x7fbfb8c87990>, 'Connection to openapivts.koreainvestment.com timed out. (connect timeout=10)'))
2026-08-14 11:17:28,614 [WARNING] __main__ — KIS 토큰 발급 실패: HTTPSConnectionPool(host='openapivts.koreainvestment.com', port=29443): Max retries exceeded with url: /oauth2/tokenP (Caused by ConnectTimeoutError(<HTTPSConnection(host='openapivts.koreainvestment.com', port=29443) at 0x7fbfcc458b10>, 'Connection to openapivts.koreainvestment.com timed out. (connect timeout=10)'))
2026-08-14 11:17:38,634 [WARNING] __main__ — KIS 토큰 발급 실패: HTTPSConnectionPool(host='openapivts.koreainvestment.com', port=29443): Max retries exceeded with url: /oauth2/tokenP (Caused by ConnectTimeoutError(<HTTPSConnection(host='openapivts.koreainvestment.com', port=29443) at 0x7fbfcc152e50>, 'Connection to openapivts.koreainvestment.com timed out. (connect timeout=10)'))
2026-08-14 11:17:48,655 [WARNING] __main__ — KIS 토큰 발급 실패: HTTPSConnectionPool(host='openapivts.koreainvestment.com', port=29443): Max retries exceeded with url: /oauth2/tokenP (Caused by ConnectTimeoutError(<HTTPSConnection(host='openapivts.koreainvestment.com', port=29443) at 0x7fbfb8b2a990>, 'Connection to openapivts.koreainvestment.com timed out. (connect timeout=10)'))
2026-08-14 11:17:58,674 [WARNING] __main__ — KIS 토큰 발급 실패: HTTPSConnectionPool(host='openapivts.koreainvestment.com', port=29443): Max retries exceeded with url: /oauth2/tokenP (Caused by ConnectTimeoutError(<HTTPSConnection(host='openapivts.koreainvestment.com', port=29443) at 0x7fbfb8c87010>, 'Connection to openapivts.koreainvestment.com timed out. (connect timeout=10)'))
2026-08-14 11:18:08,689 [WARNING] __main__ — KIS 토큰 발급 실패: HTTPSConnectionPool(host='openapivts.koreainvestment.com', port=29443): Max retries exceeded with url: /oauth2/tokenP (Caused by ConnectTimeoutError(<HTTPSConnection(host='openapivts.koreainvestment.com', port=29443) at 0x7fbfcc4b60d0>, 'Connection to openapivts.koreainvestment.com timed out. (connect timeout=10)'))
2026-08-14 11:18:18,708 [WARNING] __main__ — KIS 토큰 발급 실패: HTTPSConnectionPool(host='openapivts.koreainvestment.com', port=29443): Max retries exceeded with url: /oauth2/tokenP (Caused by ConnectTimeoutError(<HTTPSConnection(host='openapivts.koreainvestment.com', port=29443) at 0x7fbfb8b9aa50>, 'Connection to openapivts.koreainvestment.com timed out. (connect timeout=10)'))
2026-08-14 11:18:28,727 [WARNING] __main__ — KIS 토큰 발급 실패: HTTPSConnectionPool(host='openapivts.koreainvestment.com', port=29443): Max retries exceeded with url: /oauth2/tokenP (Caused by ConnectTimeoutError(<HTTPSConnection(host='openapivts.koreainvestment.com', port=29443) at 0x7fbfcc170bd0>, 'Connection to openapivts.koreainvestment.com timed out. (connect timeout=10)'))
2026-08-14 11:18:38,753 [WARNING] __main__ — KIS 토큰 발급 실패: HTTPSConnectionPool(host='openapivts.koreainvestment.com', port=29443): Max retries exceeded with url: /oauth2/tokenP (Caused by ConnectTimeoutError(<HTTPSConnection(host='openapivts.koreainvestment.com', port=29443) at 0x7fbfb8cd3c50>, 'Connection to openapivts.koreainvestment.com timed out. (connect timeout=10)'))
2026-08-14 11:18:48,780 [WARNING] __main__ — KIS 토큰 발급 실패: HTTPSConnectionPool(host='openapivts.koreainvestment.com', port=29443): Max retries exceeded with url: /oauth2/tokenP (Caused by ConnectTimeoutError(<HTTPSConnection(host='openapivts.koreainvestment.com', port=29443) at 0x7fbfcc18ef90>, 'Connection to openapivts.koreainvestment.com timed out. (connect timeout=10)'))
2026-08-14 11:18:58,806 [WARNING] __main__ — KIS 토큰 발급 실패: HTTPSConnectionPool(host='openapivts.koreainvestment.com', port=29443): Max retries exceeded with url: /oauth2/tokenP (Caused by ConnectTimeoutError(<HTTPSConnection(host='openapivts.koreainvestment.com', port=29443) at 0x7fbfb8cbe4d0>, 'Connection to openapivts.koreainvestment.com timed out. (connect timeout=10)'))
2026-08-14 11:19:08,835 [WARNING] __main__ — KIS 토큰 발급 실패: HTTPSConnectionPool(host='openapivts.koreainvestment.com', port=29443): Max retries exceeded with url: /oauth2/tokenP (Caused by ConnectTimeoutError(<HTTPSConnection(host='openapivts.koreainvestment.com', port=29443) at 0x7fbfb8c962d0>, 'Connection to openapivts.koreainvestment.com timed out. (connect timeout=10)'))
2026-08-14 11:19:18,859 [WARNING] __main__ — KIS 토큰 발급 실패: HTTPSConnectionPool(host='openapivts.koreainvestment.com', port=29443): Max retries exceeded with url: /oauth2/tokenP (Caused by ConnectTimeoutError(<HTTPSConnection(host='openapivts.koreainvestment.com', port=29443) at 0x7fbfcd1992d0>, 'Connection to openapivts.koreainvestment.com timed out. (connect timeout=10)'))
2026-08-14 11:19:28,954 [WARNING] __main__ — KIS 토큰 발급 실패: HTTPSConnectionPool(host='openapivts.koreainvestment.com', port=29443): Max retries exceeded with url: /oauth2/tokenP (Caused by ConnectTimeoutError(<HTTPSConnection(host='openapivts.koreainvestment.com', port=29443) at 0x7fbfb8cbecd0>, 'Connection to openapivts.koreainvestment.com timed out. (connect timeout=10)'))
2026-08-14 11:19:39,000 [WARNING] __main__ — KIS 토큰 발급 실패: HTTPSConnectionPool(host='openapivts.koreainvestment.com', port=29443): Max retries exceeded with url: /oauth2/tokenP (Caused by ConnectTimeoutError(<HTTPSConnection(host='openapivts.koreainvestment.com', port=29443) at 0x7fbfcc1a4e90>, 'Connection to openapivts.koreainvestment.com timed out. (connect timeout=10)'))
2026-08-14 11:19:49,099 [WARNING] __main__ — KIS 토큰 발급 실패: HTTPSConnectionPool(host='openapivts.koreainvestment.com', port=29443): Max retries exceeded with url: /oauth2/tokenP (Caused by ConnectTimeoutError(<HTTPSConnection(host='openapivts.koreainvestment.com', port=29443) at 0x7fbfb8b53650>, 'Connection to openapivts.koreainvestment.com timed out. (connect timeout=10)'))
2026-08-14 11:19:59,150 [WARNING] __main__ — KIS 토큰 발급 실패: HTTPSConnectionPool(host='openapivts.koreainvestment.com', port=29443): Max retries exceeded with url: /oauth2/tokenP (Caused by ConnectTimeoutError(<HTTPSConnection(host='openapivts.koreainvestment.com', port=29443) at 0x7fbfb8c8d6d0>, 'Connection to openapivts.koreainvestment.com timed out. (connect timeout=10)'))
2026-08-14 11:20:09,162 [WARNING] __main__ — KIS 토큰 발급 실패: HTTPSConnectionPool(host='openapivts.koreainvestment.com', port=29443): Max retries exceeded with url: /oauth2/tokenP (Caused by ConnectTimeoutError(<HTTPSConnection(host='openapivts.koreainvestment.com', port=29443) at 0x7fbfb8c95f50>, 'Connection to openapivts.koreainvestment.com timed out. (connect timeout=10)'))
2026-08-14 11:20:19,187 [WARNING] __main__ — KIS 토큰 발급 실패: HTTPSConnectionPool(host='openapivts.koreainvestment.com', port=29443): Max retries exceeded with url: /oauth2/tokenP (Caused by ConnectTimeoutError(<HTTPSConnection(host='openapivts.koreainvestment.com', port=29443) at 0x7fbfb8b39510>, 'Connection to openapivts.koreainvestment.com timed out. (connect timeout=10)'))
2026-08-14 11:20:29,207 [WARNING] __main__ — KIS 토큰 발급 실패: HTTPSConnectionPool(host='openapivts.koreainvestment.com', port=29443): Max retries exceeded with url: /oauth2/tokenP (Caused by ConnectTimeoutError(<HTTPSConnection(host='openapivts.koreainvestment.com', port=29443) at 0x7fbfb8c70a10>, 'Connection to openapivts.koreainvestment.com timed out. (connect timeout=10)'))
2026-08-14 11:20:39,224 [WARNING] __main__ — KIS 토큰 발급 실패: HTTPSConnectionPool(host='openapivts.koreainvestment.com', port=29443): Max retries exceeded with url: /oauth2/tokenP (Caused by ConnectTimeoutError(<HTTPSConnection(host='openapivts.koreainvestment.com', port=29443) at 0x7fbfb8cf6b90>, 'Connection to openapivts.koreainvestment.com timed out. (connect timeout=10)'))
2026-08-14 11:20:49,242 [WARNING] __main__ — KIS 토큰 발급 실패: HTTPSConnectionPool(host='openapivts.koreainvestment.com', port=29443): Max retries exceeded with url: /oauth2/tokenP (Caused by ConnectTimeoutError(<HTTPSConnection(host='openapivts.koreainvestment.com', port=29443) at 0x7fbfb8c85b50>, 'Connection to openapivts.koreainvestment.com timed out. (connect timeout=10)'))
2026-08-14 11:20:59,296 [WARNING] __main__ — KIS 토큰 발급 실패: HTTPSConnectionPool(host='openapivts.koreainvestment.com', port=29443): Max retries exceeded with url: /oauth2/tokenP (Caused by ConnectTimeoutError(<HTTPSConnection(host='openapivts.koreainvestment.com', port=29443) at 0x7fbfb8b38190>, 'Connection to openapivts.koreainvestment.com timed out. (connect timeout=10)'))
2026-08-14 11:21:09,397 [WARNING] __main__ — KIS 토큰 발급 실패: HTTPSConnectionPool(host='openapivts.koreainvestment.com', port=29443): Max retries exceeded with url: /oauth2/tokenP (Caused by ConnectTimeoutError(<HTTPSConnection(host='openapivts.koreainvestment.com', port=29443) at 0x7fbfb8b9aa50>, 'Connection to openapivts.koreainvestment.com timed out. (connect timeout=10)'))
2026-08-14 11:21:19,447 [WARNING] __main__ — KIS 토큰 발급 실패: HTTPSConnectionPool(host='openapivts.koreainvestment.com', port=29443): Max retries exceeded with url: /oauth2/tokenP (Caused by ConnectTimeoutError(<HTTPSConnection(host='openapivts.koreainvestment.com', port=29443) at 0x7fbfcd1df450>, 'Connection to openapivts.koreainvestment.com timed out. (connect timeout=10)'))
2026-08-14 11:21:29,467 [WARNING] __main__ — KIS 토큰 발급 실패: HTTPSConnectionPool(host='openapivts.koreainvestment.com', port=29443): Max retries exceeded with url: /oauth2/tokenP (Caused by ConnectTimeoutError(<HTTPSConnection(host='openapivts.koreainvestment.com', port=29443) at 0x7fbfb8cf4510>, 'Connection to openapivts.koreainvestment.com timed out. (connect timeout=10)'))
2026-08-14 11:21:39,484 [WARNING] __main__ — KIS 토큰 발급 실패: HTTPSConnectionPool(host='openapivts.koreainvestment.com', port=29443): Max retries exceeded with url: /oauth2/tokenP (Caused by ConnectTimeoutError(<HTTPSConnection(host='openapivts.koreainvestment.com', port=29443) at 0x7fbfcc170610>, 'Connection to openapivts.koreainvestment.com timed out. (connect timeout=10)'))
2026-08-14 11:21:49,506 [WARNING] __main__ — KIS 토큰 발급 실패: HTTPSConnectionPool(host='openapivts.koreainvestment.com', port=29443): Max retries exceeded with url: /oauth2/tokenP (Caused by ConnectTimeoutError(<HTTPSConnection(host='openapivts.koreainvestment.com', port=29443) at 0x7fbfb8cbcbd0>, 'Connection to openapivts.koreainvestment.com timed out. (connect timeout=10)'))
2026-08-14 11:21:59,531 [WARNING] __main__ — KIS 토큰 발급 실패: HTTPSConnectionPool(host='openapivts.koreainvestment.com', port=29443): Max retries exceeded with url: /oauth2/tokenP (Caused by ConnectTimeoutError(<HTTPSConnection(host='openapivts.koreainvestment.com', port=29443) at 0x7fbfcc17b8d0>, 'Connection to openapivts.koreainvestment.com timed out. (connect timeout=10)'))
2026-08-14 11:22:09,628 [WARNING] __main__ — KIS 토큰 발급 실패: HTTPSConnectionPool(host='openapivts.koreainvestment.com', port=29443): Max retries exceeded with url: /oauth2/tokenP (Caused by ConnectTimeoutError(<HTTPSConnection(host='openapivts.koreainvestment.com', port=29443) at 0x7fbfb8cd1350>, 'Connection to openapivts.koreainvestment.com timed out. (connect timeout=10)'))
2026-08-14 11:22:19,727 [WARNING] __main__ — KIS 토큰 발급 실패: HTTPSConnectionPool(host='openapivts.koreainvestment.com', port=29443): Max retries exceeded with url: /oauth2/tokenP (Caused by ConnectTimeoutError(<HTTPSConnection(host='openapivts.koreainvestment.com', port=29443) at 0x7fbfb8a06210>, 'Connection to openapivts.koreainvestment.com timed out. (connect timeout=10)'))
2026-08-14 11:22:29,752 [WARNING] __main__ — KIS 토큰 발급 실패: HTTPSConnectionPool(host='openapivts.koreainvestment.com', port=29443): Max retries exceeded with url: /oauth2/tokenP (Caused by ConnectTimeoutError(<HTTPSConnection(host='openapivts.koreainvestment.com', port=29443) at 0x7fbfcd553ed0>, 'Connection to openapivts.koreainvestment.com timed out. (connect timeout=10)'))
2026-08-14 11:22:39,771 [WARNING] __main__ — KIS 토큰 발급 실패: HTTPSConnectionPool(host='openapivts.koreainvestment.com', port=29443): Max retries exceeded with url: /oauth2/tokenP (Caused by ConnectTimeoutError(<HTTPSConnection(host='openapivts.koreainvestment.com', port=29443) at 0x7fbfb8cd6250>, 'Connection to openapivts.koreainvestment.com timed out. (connect timeout=10)'))
2026-08-14 11:22:49,824 [WARNING] __main__ — KIS 토큰 발급 실패: HTTPSConnectionPool(host='openapivts.koreainvestment.com', port=29443): Max retries exceeded with url: /oauth2/tokenP (Caused by ConnectTimeoutError(<HTTPSConnection(host='openapivts.koreainvestment.com', port=29443) at 0x7fbfb8b2cc50>, 'Connection to openapivts.koreainvestment.com timed out. (connect timeout=10)'))
2026-08-14 11:22:59,925 [WARNING] __main__ — KIS 토큰 발급 실패: HTTPSConnectionPool(host='openapivts.koreainvestment.com', port=29443): Max retries exceeded with url: /oauth2/tokenP (Caused by ConnectTimeoutError(<HTTPSConnection(host='openapivts.koreainvestment.com', port=29443) at 0x7fbfb8cbd250>, 'Connection to openapivts.koreainvestment.com timed out. (connect timeout=10)'))
2026-08-14 11:23:09,965 [WARNING] __main__ — KIS 토큰 발급 실패: HTTPSConnectionPool(host='openapivts.koreainvestment.com', port=29443): Max retries exceeded with url: /oauth2/tokenP (Caused by ConnectTimeoutError(<HTTPSConnection(host='openapivts.koreainvestment.com', port=29443) at 0x7fbfb8cd15d0>, 'Connection to openapivts.koreainvestment.com timed out. (connect timeout=10)'))
2026-08-14 11:23:19,986 [WARNING] __main__ — KIS 토큰 발급 실패: HTTPSConnectionPool(host='openapivts.koreainvestment.com', port=29443): Max retries exceeded with url: /oauth2/tokenP (Caused by ConnectTimeoutError(<HTTPSConnection(host='openapivts.koreainvestment.com', port=29443) at 0x7fbfb8c863d0>, 'Connection to openapivts.koreainvestment.com timed out. (connect timeout=10)'))
2026-08-14 11:23:30,086 [WARNING] __main__ — KIS 토큰 발급 실패: HTTPSConnectionPool(host='openapivts.koreainvestment.com', port=29443): Max retries exceeded with url: /oauth2/tokenP (Caused by ConnectTimeoutError(<HTTPSConnection(host='openapivts.koreainvestment.com', port=29443) at 0x7fbfcc167ad0>, 'Connection to openapivts.koreainvestment.com timed out. (connect timeout=10)'))
2026-08-14 11:23:40,120 [WARNING] __main__ — KIS 토큰 발급 실패: HTTPSConnectionPool(host='openapivts.koreainvestment.com', port=29443): Max retries exceeded with url: /oauth2/tokenP (Caused by ConnectTimeoutError(<HTTPSConnection(host='openapivts.koreainvestment.com', port=29443) at 0x7fbfcc151590>, 'Connection to openapivts.koreainvestment.com timed out. (connect timeout=10)'))
2026-08-14 11:23:50,146 [WARNING] __main__ — KIS 토큰 발급 실패: HTTPSConnectionPool(host='openapivts.koreainvestment.com', port=29443): Max retries exceeded with url: /oauth2/tokenP (Caused by ConnectTimeoutError(<HTTPSConnection(host='openapivts.koreainvestment.com', port=29443) at 0x7fbfb8cbe410>, 'Connection to openapivts.koreainvestment.com timed out. (connect timeout=10)'))
2026-08-14 11:24:00,166 [WARNING] __main__ — KIS 토큰 발급 실패: HTTPSConnectionPool(host='openapivts.koreainvestment.com', port=29443): Max retries exceeded with url: /oauth2/tokenP (Caused by ConnectTimeoutError(<HTTPSConnection(host='openapivts.koreainvestment.com', port=29443) at 0x7fbfb8b2c650>, 'Connection to openapivts.koreainvestment.com timed out. (connect timeout=10)'))
2026-08-14 11:24:10,184 [WARNING] __main__ — KIS 토큰 발급 실패: HTTPSConnectionPool(host='openapivts.koreainvestment.com', port=29443): Max retries exceeded with url: /oauth2/tokenP (Caused by ConnectTimeoutError(<HTTPSConnection(host='openapivts.koreainvestment.com', port=29443) at 0x7fbfb8b03290>, 'Connection to openapivts.koreainvestment.com timed out. (connect timeout=10)'))
2026-08-14 11:24:20,207 [WARNING] __main__ — KIS 토큰 발급 실패: HTTPSConnectionPool(host='openapivts.koreainvestment.com', port=29443): Max retries exceeded with url: /oauth2/tokenP (Caused by ConnectTimeoutError(<HTTPSConnection(host='openapivts.koreainvestment.com', port=29443) at 0x7fbfb8c84f10>, 'Connection to openapivts.koreainvestment.com timed out. (connect timeout=10)'))
2026-08-14 11:24:30,229 [WARNING] __main__ — KIS 토큰 발급 실패: HTTPSConnectionPool(host='openapivts.koreainvestment.com', port=29443): Max retries exceeded with url: /oauth2/tokenP (Caused by ConnectTimeoutError(<HTTPSConnection(host='openapivts.koreainvestment.com', port=29443) at 0x7fbfb8b21f90>, 'Connection to openapivts.koreainvestment.com timed out. (connect timeout=10)'))
2026-08-14 11:24:40,254 [WARNING] __main__ — KIS 토큰 발급 실패: HTTPSConnectionPool(host='openapivts.koreainvestment.com', port=29443): Max retries exceeded with url: /oauth2/tokenP (Caused by ConnectTimeoutError(<HTTPSConnection(host='openapivts.koreainvestment.com', port=29443) at 0x7fbfcc166650>, 'Connection to openapivts.koreainvestment.com timed out. (connect timeout=10)'))
2026-08-14 11:24:50,298 [WARNING] __main__ — KIS 토큰 발급 실패: HTTPSConnectionPool(host='openapivts.koreainvestment.com', port=29443): Max retries exceeded with url: /oauth2/tokenP (Caused by ConnectTimeoutError(<HTTPSConnection(host='openapivts.koreainvestment.com', port=29443) at 0x7fbfb8c967d0>, 'Connection to openapivts.koreainvestment.com timed out. (connect timeout=10)'))
2026-08-14 11:25:00,310 [WARNING] __main__ — KIS 토큰 발급 실패: HTTPSConnectionPool(host='openapivts.koreainvestment.com', port=29443): Max retries exceeded with url: /oauth2/tokenP (Caused by ConnectTimeoutError(<HTTPSConnection(host='openapivts.koreainvestment.com', port=29443) at 0x7fbfb8b299d0>, 'Connection to openapivts.koreainvestment.com timed out. (connect timeout=10)'))
2026-08-14 11:25:10,332 [WARNING] __main__ — KIS 토큰 발급 실패: HTTPSConnectionPool(host='openapivts.koreainvestment.com', port=29443): Max retries exceeded with url: /oauth2/tokenP (Caused by ConnectTimeoutError(<HTTPSConnection(host='openapivts.koreainvestment.com', port=29443) at 0x7fbfb8cc3990>, 'Connection to openapivts.koreainvestment.com timed out. (connect timeout=10)'))
2026-08-14 11:25:20,352 [WARNING] __main__ — KIS 토큰 발급 실패: HTTPSConnectionPool(host='openapivts.koreainvestment.com', port=29443): Max retries exceeded with url: /oauth2/tokenP (Caused by ConnectTimeoutError(<HTTPSConnection(host='openapivts.koreainvestment.com', port=29443) at 0x7fbfb8b1ffd0>, 'Connection to openapivts.koreainvestment.com timed out. (connect timeout=10)'))
2026-08-14 11:25:30,371 [WARNING] __main__ — KIS 토큰 발급 실패: HTTPSConnectionPool(host='openapivts.koreainvestment.com', port=29443): Max retries exceeded with url: /oauth2/tokenP (Caused by ConnectTimeoutError(<HTTPSConnection(host='openapivts.koreainvestment.com', port=29443) at 0x7fbfb8b2ab90>, 'Connection to openapivts.koreainvestment.com timed out. (connect timeout=10)'))
2026-08-14 11:25:40,398 [WARNING] __main__ — KIS 토큰 발급 실패: HTTPSConnectionPool(host='openapivts.koreainvestment.com', port=29443): Max retries exceeded with url: /oauth2/tokenP (Caused by ConnectTimeoutError(<HTTPSConnection(host='openapivts.koreainvestment.com', port=29443) at 0x7fbfcf657250>, 'Connection to openapivts.koreainvestment.com timed out. (connect timeout=10)'))
2026-08-14 11:25:50,410 [WARNING] __main__ — KIS 토큰 발급 실패: HTTPSConnectionPool(host='openapivts.koreainvestment.com', port=29443): Max retries exceeded with url: /oauth2/tokenP (Caused by ConnectTimeoutError(<HTTPSConnection(host='openapivts.koreainvestment.com', port=29443) at 0x7fbfcd1992d0>, 'Connection to openapivts.koreainvestment.com timed out. (connect timeout=10)'))
2026-08-14 11:26:00,430 [WARNING] __main__ — KIS 토큰 발급 실패: HTTPSConnectionPool(host='openapivts.koreainvestment.com', port=29443): Max retries exceeded with url: /oauth2/tokenP (Caused by ConnectTimeoutError(<HTTPSConnection(host='openapivts.koreainvestment.com', port=29443) at 0x7fbfb8b382d0>, 'Connection to openapivts.koreainvestment.com timed out. (connect timeout=10)'))
2026-08-14 11:26:10,484 [WARNING] __main__ — KIS 토큰 발급 실패: HTTPSConnectionPool(host='openapivts.koreainvestment.com', port=29443): Max retries exceeded with url: /oauth2/tokenP (Caused by ConnectTimeoutError(<HTTPSConnection(host='openapivts.koreainvestment.com', port=29443) at 0x7fbfb8cd75d0>, 'Connection to openapivts.koreainvestment.com timed out. (connect timeout=10)'))
2026-08-14 11:26:20,504 [WARNING] __main__ — KIS 토큰 발급 실패: HTTPSConnectionPool(host='openapivts.koreainvestment.com', port=29443): Max retries exceeded with url: /oauth2/tokenP (Caused by ConnectTimeoutError(<HTTPSConnection(host='openapivts.koreainvestment.com', port=29443) at 0x7fbfccf846d0>, 'Connection to openapivts.koreainvestment.com timed out. (connect timeout=10)'))
2026-08-14 11:26:30,522 [WARNING] __main__ — KIS 토큰 발급 실패: HTTPSConnectionPool(host='openapivts.koreainvestment.com', port=29443): Max retries exceeded with url: /oauth2/tokenP (Caused by ConnectTimeoutError(<HTTPSConnection(host='openapivts.koreainvestment.com', port=29443) at 0x7fbfcc1738d0>, 'Connection to openapivts.koreainvestment.com timed out. (connect timeout=10)'))
2026-08-14 11:26:40,584 [WARNING] __main__ — KIS 토큰 발급 실패: HTTPSConnectionPool(host='openapivts.koreainvestment.com', port=29443): Max retries exceeded with url: /oauth2/tokenP (Caused by ConnectTimeoutError(<HTTPSConnection(host='openapivts.koreainvestment.com', port=29443) at 0x7fbfb8c85d10>, 'Connection to openapivts.koreainvestment.com timed out. (connect timeout=10)'))
2026-08-14 11:26:50,600 [WARNING] __main__ — KIS 토큰 발급 실패: HTTPSConnectionPool(host='openapivts.koreainvestment.com', port=29443): Max retries exceeded with url: /oauth2/tokenP (Caused by ConnectTimeoutError(<HTTPSConnection(host='openapivts.koreainvestment.com', port=29443) at 0x7fbfb8cd2890>, 'Connection to openapivts.koreainvestment.com timed out. (connect timeout=10)'))
2026-08-14 11:27:00,627 [WARNING] __main__ — KIS 토큰 발급 실패: HTTPSConnectionPool(host='openapivts.koreainvestment.com', port=29443): Max retries exceeded with url: /oauth2/tokenP (Caused by ConnectTimeoutError(<HTTPSConnection(host='openapivts.koreainvestment.com', port=29443) at 0x7fbfb8cf5ed0>, 'Connection to openapivts.koreainvestment.com timed out. (connect timeout=10)'))
2026-08-14 11:27:10,649 [WARNING] __main__ — KIS 토큰 발급 실패: HTTPSConnectionPool(host='openapivts.koreainvestment.com', port=29443): Max retries exceeded with url: /oauth2/tokenP (Caused by ConnectTimeoutError(<HTTPSConnection(host='openapivts.koreainvestment.com', port=29443) at 0x7fbfb8b53410>, 'Connection to openapivts.koreainvestment.com timed out. (connect timeout=10)'))
2026-08-14 11:27:20,699 [WARNING] __main__ — KIS 토큰 발급 실패: HTTPSConnectionPool(host='openapivts.koreainvestment.com', port=29443): Max retries exceeded with url: /oauth2/tokenP (Caused by ConnectTimeoutError(<HTTPSConnection(host='openapivts.koreainvestment.com', port=29443) at 0x7fbfb8cd1150>, 'Connection to openapivts.koreainvestment.com timed out. (connect timeout=10)'))
2026-08-14 11:27:30,749 [WARNING] __main__ — KIS 토큰 발급 실패: HTTPSConnectionPool(host='openapivts.koreainvestment.com', port=29443): Max retries exceeded with url: /oauth2/tokenP (Caused by ConnectTimeoutError(<HTTPSConnection(host='openapivts.koreainvestment.com', port=29443) at 0x7fbfb8b22310>, 'Connection to openapivts.koreainvestment.com timed out. (connect timeout=10)'))
2026-08-14 11:27:40,776 [WARNING] __main__ — KIS 토큰 발급 실패: HTTPSConnectionPool(host='openapivts.koreainvestment.com', port=29443): Max retries exceeded with url: /oauth2/tokenP (Caused by ConnectTimeoutError(<HTTPSConnection(host='openapivts.koreainvestment.com', port=29443) at 0x7fbfb8f10ad0>, 'Connection to openapivts.koreainvestment.com timed out. (connect timeout=10)'))
2026-08-14 11:27:50,955 [WARNING] __main__ — KIS 토큰 발급 실패: HTTPSConnectionPool(host='openapivts.koreainvestment.com', port=29443): Max retries exceeded with url: /oauth2/tokenP (Caused by ConnectTimeoutError(<HTTPSConnection(host='openapivts.koreainvestment.com', port=29443) at 0x7fbfcc3367d0>, 'Connection to openapivts.koreainvestment.com timed out. (connect timeout=10)'))
2026-08-14 11:28:00,994 [WARNING] __main__ — KIS 토큰 발급 실패: HTTPSConnectionPool(host='openapivts.koreainvestment.com', port=29443): Max retries exceeded with url: /oauth2/tokenP (Caused by ConnectTimeoutError(<HTTPSConnection(host='openapivts.koreainvestment.com', port=29443) at 0x7fbfcc17bd10>, 'Connection to openapivts.koreainvestment.com timed out. (connect timeout=10)'))
2026-08-14 11:28:11,045 [WARNING] __main__ — KIS 토큰 발급 실패: HTTPSConnectionPool(host='openapivts.koreainvestment.com', port=29443): Max retries exceeded with url: /oauth2/tokenP (Caused by ConnectTimeoutError(<HTTPSConnection(host='openapivts.koreainvestment.com', port=29443) at 0x7fbfb8cd4f50>, 'Connection to openapivts.koreainvestment.com timed out. (connect timeout=10)'))
2026-08-14 11:28:21,070 [WARNING] __main__ — KIS 토큰 발급 실패: HTTPSConnectionPool(host='openapivts.koreainvestment.com', port=29443): Max retries exceeded with url: /oauth2/tokenP (Caused by ConnectTimeoutError(<HTTPSConnection(host='openapivts.koreainvestment.com', port=29443) at 0x7fbfb8b00f50>, 'Connection to openapivts.koreainvestment.com timed out. (connect timeout=10)'))
2026-08-14 11:28:31,176 [WARNING] __main__ — KIS 토큰 발급 실패: HTTPSConnectionPool(host='openapivts.koreainvestment.com', port=29443): Max retries exceeded with url: /oauth2/tokenP (Caused by ConnectTimeoutError(<HTTPSConnection(host='openapivts.koreainvestment.com', port=29443) at 0x7fbfb8b39d10>, 'Connection to openapivts.koreainvestment.com timed out. (connect timeout=10)'))
2026-08-14 11:28:41,226 [WARNING] __main__ — KIS 토큰 발급 실패: HTTPSConnectionPool(host='openapivts.koreainvestment.com', port=29443): Max retries exceeded with url: /oauth2/tokenP (Caused by ConnectTimeoutError(<HTTPSConnection(host='openapivts.koreainvestment.com', port=29443) at 0x7fbfb8b6d350>, 'Connection to openapivts.koreainvestment.com timed out. (connect timeout=10)'))
2026-08-14 11:28:51,248 [WARNING] __main__ — KIS 토큰 발급 실패: HTTPSConnectionPool(host='openapivts.koreainvestment.com', port=29443): Max retries exceeded with url: /oauth2/tokenP (Caused by ConnectTimeoutError(<HTTPSConnection(host='openapivts.koreainvestment.com', port=29443) at 0x7fbfb8b21690>, 'Connection to openapivts.koreainvestment.com timed out. (connect timeout=10)'))
2026-08-14 11:29:01,268 [WARNING] __main__ — KIS 토큰 발급 실패: HTTPSConnectionPool(host='openapivts.koreainvestment.com', port=29443): Max retries exceeded with url: /oauth2/tokenP (Caused by ConnectTimeoutError(<HTTPSConnection(host='openapivts.koreainvestment.com', port=29443) at 0x7fbfb8b20d50>, 'Connection to openapivts.koreainvestment.com timed out. (connect timeout=10)'))
2026-08-14 11:29:11,327 [WARNING] __main__ — KIS 토큰 발급 실패: HTTPSConnectionPool(host='openapivts.koreainvestment.com', port=29443): Max retries exceeded with url: /oauth2/tokenP (Caused by ConnectTimeoutError(<HTTPSConnection(host='openapivts.koreainvestment.com', port=29443) at 0x7fbfcd01ca50>, 'Connection to openapivts.koreainvestment.com timed out. (connect timeout=10)'))
2026-08-14 11:29:21,426 [WARNING] __main__ — KIS 토큰 발급 실패: HTTPSConnectionPool(host='openapivts.koreainvestment.com', port=29443): Max retries exceeded with url: /oauth2/tokenP (Caused by ConnectTimeoutError(<HTTPSConnection(host='openapivts.koreainvestment.com', port=29443) at 0x7fbfb8a052d0>, 'Connection to openapivts.koreainvestment.com timed out. (connect timeout=10)'))
2026-08-14 11:29:31,450 [WARNING] __main__ — KIS 토큰 발급 실패: HTTPSConnectionPool(host='openapivts.koreainvestment.com', port=29443): Max retries exceeded with url: /oauth2/tokenP (Caused by ConnectTimeoutError(<HTTPSConnection(host='openapivts.koreainvestment.com', port=29443) at 0x7fbfb8cc2bd0>, 'Connection to openapivts.koreainvestment.com timed out. (connect timeout=10)'))
2026-08-14 11:29:41,458 [WARNING] __main__ — KIS 토큰 발급 실패: HTTPSConnectionPool(host='openapivts.koreainvestment.com', port=29443): Max retries exceeded with url: /oauth2/tokenP (Caused by ConnectTimeoutError(<HTTPSConnection(host='openapivts.koreainvestment.com', port=29443) at 0x7fbfcc181a10>, 'Connection to openapivts.koreainvestment.com timed out. (connect timeout=10)'))
2026-08-14 11:29:51,557 [WARNING] __main__ — KIS 토큰 발급 실패: HTTPSConnectionPool(host='openapivts.koreainvestment.com', port=29443): Max retries exceeded with url: /oauth2/tokenP (Caused by ConnectTimeoutError(<HTTPSConnection(host='openapivts.koreainvestment.com', port=29443) at 0x7fbfb8b1c050>, 'Connection to openapivts.koreainvestment.com timed out. (connect timeout=10)'))
2026-08-14 11:30:01,606 [WARNING] __main__ — KIS 토큰 발급 실패: HTTPSConnectionPool(host='openapivts.koreainvestment.com', port=29443): Max retries exceeded with url: /oauth2/tokenP (Caused by ConnectTimeoutError(<HTTPSConnection(host='openapivts.koreainvestment.com', port=29443) at 0x7fbfb8b01a10>, 'Connection to openapivts.koreainvestment.com timed out. (connect timeout=10)'))
2026-08-14 11:30:11,653 [WARNING] __main__ — KIS 토큰 발급 실패: HTTPSConnectionPool(host='openapivts.koreainvestment.com', port=29443): Max retries exceeded with url: /oauth2/tokenP (Caused by ConnectTimeoutError(<HTTPSConnection(host='openapivts.koreainvestment.com', port=29443) at 0x7fbfb8cbde10>, 'Connection to openapivts.koreainvestment.com timed out. (connect timeout=10)'))
2026-08-14 11:30:21,663 [WARNING] __main__ — KIS 토큰 발급 실패: HTTPSConnectionPool(host='openapivts.koreainvestment.com', port=29443): Max retries exceeded with url: /oauth2/tokenP (Caused by ConnectTimeoutError(<HTTPSConnection(host='openapivts.koreainvestment.com', port=29443) at 0x7fbfb8b99a50>, 'Connection to openapivts.koreainvestment.com timed out. (connect timeout=10)'))
2026-08-14 11:30:31,685 [WARNING] __main__ — KIS 토큰 발급 실패: HTTPSConnectionPool(host='openapivts.koreainvestment.com', port=29443): Max retries exceeded with url: /oauth2/tokenP (Caused by ConnectTimeoutError(<HTTPSConnection(host='openapivts.koreainvestment.com', port=29443) at 0x7fbfb8cd72d0>, 'Connection to openapivts.koreainvestment.com timed out. (connect timeout=10)'))
2026-08-14 11:30:41,722 [WARNING] __main__ — KIS 토큰 발급 실패: HTTPSConnectionPool(host='openapivts.koreainvestment.com', port=29443): Max retries exceeded with url: /oauth2/tokenP (Caused by ConnectTimeoutError(<HTTPSConnection(host='openapivts.koreainvestment.com', port=29443) at 0x7fbfcc1b2910>, 'Connection to openapivts.koreainvestment.com timed out. (connect timeout=10)'))
2026-08-14 11:30:51,748 [WARNING] __main__ — KIS 토큰 발급 실패: HTTPSConnectionPool(host='openapivts.koreainvestment.com', port=29443): Max retries exceeded with url: /oauth2/tokenP (Caused by ConnectTimeoutError(<HTTPSConnection(host='openapivts.koreainvestment.com', port=29443) at 0x7fbfcc4eb190>, 'Connection to openapivts.koreainvestment.com timed out. (connect timeout=10)'))
2026-08-14 11:31:01,771 [WARNING] __main__ — KIS 토큰 발급 실패: HTTPSConnectionPool(host='openapivts.koreainvestment.com', port=29443): Max retries exceeded with url: /oauth2/tokenP (Caused by ConnectTimeoutError(<HTTPSConnection(host='openapivts.koreainvestment.com', port=29443) at 0x7fbfb8b207d0>, 'Connection to openapivts.koreainvestment.com timed out. (connect timeout=10)'))
2026-08-14 11:31:11,869 [WARNING] __main__ — KIS 토큰 발급 실패: HTTPSConnectionPool(host='openapivts.koreainvestment.com', port=29443): Max retries exceeded with url: /oauth2/tokenP (Caused by ConnectTimeoutError(<HTTPSConnection(host='openapivts.koreainvestment.com', port=29443) at 0x7fbfb8b98ed0>, 'Connection to openapivts.koreainvestment.com timed out. (connect timeout=10)'))
2026-08-14 11:31:21,895 [WARNING] __main__ — KIS 토큰 발급 실패: HTTPSConnectionPool(host='openapivts.koreainvestment.com', port=29443): Max retries exceeded with url: /oauth2/tokenP (Caused by ConnectTimeoutError(<HTTPSConnection(host='openapivts.koreainvestment.com', port=29443) at 0x7fbfb8b68290>, 'Connection to openapivts.koreainvestment.com timed out. (connect timeout=10)'))
2026-08-14 11:31:31,909 [WARNING] __main__ — KIS 토큰 발급 실패: HTTPSConnectionPool(host='openapivts.koreainvestment.com', port=29443): Max retries exceeded with url: /oauth2/tokenP (Caused by ConnectTimeoutError(<HTTPSConnection(host='openapivts.koreainvestment.com', port=29443) at 0x7fbfb8cd1a90>, 'Connection to openapivts.koreainvestment.com timed out. (connect timeout=10)'))
2026-08-14 11:31:41,931 [WARNING] __main__ — KIS 토큰 발급 실패: HTTPSConnectionPool(host='openapivts.koreainvestment.com', port=29443): Max retries exceeded with url: /oauth2/tokenP (Caused by ConnectTimeoutError(<HTTPSConnection(host='openapivts.koreainvestment.com', port=29443) at 0x7fbfb8cbe590>, 'Connection to openapivts.koreainvestment.com timed out. (connect timeout=10)'))
2026-08-14 11:31:51,980 [WARNING] __main__ — KIS 토큰 발급 실패: HTTPSConnectionPool(host='openapivts.koreainvestment.com', port=29443): Max retries exceeded with url: /oauth2/tokenP (Caused by ConnectTimeoutError(<HTTPSConnection(host='openapivts.koreainvestment.com', port=29443) at 0x7fbfb8b2ae50>, 'Connection to openapivts.koreainvestment.com timed out. (connect timeout=10)'))
2026-08-14 11:32:02,005 [WARNING] __main__ — KIS 토큰 발급 실패: HTTPSConnectionPool(host='openapivts.koreainvestment.com', port=29443): Max retries exceeded with url: /oauth2/tokenP (Caused by ConnectTimeoutError(<HTTPSConnection(host='openapivts.koreainvestment.com', port=29443) at 0x7fbfb8c85250>, 'Connection to openapivts.koreainvestment.com timed out. (connect timeout=10)'))
2026-08-14 11:32:12,025 [WARNING] __main__ — KIS 토큰 발급 실패: HTTPSConnectionPool(host='openapivts.koreainvestment.com', port=29443): Max retries exceeded with url: /oauth2/tokenP (Caused by ConnectTimeoutError(<HTTPSConnection(host='openapivts.koreainvestment.com', port=29443) at 0x7fbfb8b20790>, 'Connection to openapivts.koreainvestment.com timed out. (connect timeout=10)'))
2026-08-14 11:32:22,050 [WARNING] __main__ — KIS 토큰 발급 실패: HTTPSConnectionPool(host='openapivts.koreainvestment.com', port=29443): Max retries exceeded with url: /oauth2/tokenP (Caused by ConnectTimeoutError(<HTTPSConnection(host='openapivts.koreainvestment.com', port=29443) at 0x7fbfcc1b0c10>, 'Connection to openapivts.koreainvestment.com timed out. (connect timeout=10)'))
2026-08-14 11:32:32,071 [WARNING] __main__ — KIS 토큰 발급 실패: HTTPSConnectionPool(host='openapivts.koreainvestment.com', port=29443): Max retries exceeded with url: /oauth2/tokenP (Caused by ConnectTimeoutError(<HTTPSConnection(host='openapivts.koreainvestment.com', port=29443) at 0x7fbfb8f19650>, 'Connection to openapivts.koreainvestment.com timed out. (connect timeout=10)'))
2026-08-14 11:32:42,116 [WARNING] __main__ — KIS 토큰 발급 실패: HTTPSConnectionPool(host='openapivts.koreainvestment.com', port=29443): Max retries exceeded with url: /oauth2/tokenP (Caused by ConnectTimeoutError(<HTTPSConnection(host='openapivts.koreainvestment.com', port=29443) at 0x7fbfb8b53450>, 'Connection to openapivts.koreainvestment.com timed out. (connect timeout=10)'))
2026-08-14 11:32:52,164 [WARNING] __main__ — KIS 토큰 발급 실패: HTTPSConnectionPool(host='openapivts.koreainvestment.com', port=29443): Max retries exceeded with url: /oauth2/tokenP (Caused by ConnectTimeoutError(<HTTPSConnection(host='openapivts.koreainvestment.com', port=29443) at 0x7fbfcc166290>, 'Connection to openapivts.koreainvestment.com timed out. (connect timeout=10)'))
2026-08-14 11:33:02,189 [WARNING] __main__ — KIS 토큰 발급 실패: HTTPSConnectionPool(host='openapivts.koreainvestment.com', port=29443): Max retries exceeded with url: /oauth2/tokenP (Caused by ConnectTimeoutError(<HTTPSConnection(host='openapivts.koreainvestment.com', port=29443) at 0x7fbfb8c8c750>, 'Connection to openapivts.koreainvestment.com timed out. (connect timeout=10)'))
2026-08-14 11:33:12,302 [WARNING] __main__ — KIS 토큰 발급 실패: HTTPSConnectionPool(host='openapivts.koreainvestment.com', port=29443): Max retries exceeded with url: /oauth2/tokenP (Caused by ConnectTimeoutError(<HTTPSConnection(host='openapivts.koreainvestment.com', port=29443) at 0x7fbfcc445250>, 'Connection to openapivts.koreainvestment.com timed out. (connect timeout=10)'))
2026-08-14 11:33:22,341 [WARNING] __main__ — KIS 토큰 발급 실패: HTTPSConnectionPool(host='openapivts.koreainvestment.com', port=29443): Max retries exceeded with url: /oauth2/tokenP (Caused by ConnectTimeoutError(<HTTPSConnection(host='openapivts.koreainvestment.com', port=29443) at 0x7fbfb8b51790>, 'Connection to openapivts.koreainvestment.com timed out. (connect timeout=10)'))
2026-08-14 11:33:32,402 [WARNING] __main__ — KIS 토큰 발급 실패: HTTPSConnectionPool(host='openapivts.koreainvestment.com', port=29443): Max retries exceeded with url: /oauth2/tokenP (Caused by ConnectTimeoutError(<HTTPSConnection(host='openapivts.koreainvestment.com', port=29443) at 0x7fbfb8b1ced0>, 'Connection to openapivts.koreainvestment.com timed out. (connect timeout=10)'))
2026-08-14 11:33:42,428 [WARNING] __main__ — KIS 토큰 발급 실패: HTTPSConnectionPool(host='openapivts.koreainvestment.com', port=29443): Max retries exceeded with url: /oauth2/tokenP (Caused by ConnectTimeoutError(<HTTPSConnection(host='openapivts.koreainvestment.com', port=29443) at 0x7fbfb8a09c90>, 'Connection to openapivts.koreainvestment.com timed out. (connect timeout=10)'))
2026-08-14 11:33:52,450 [WARNING] __main__ — KIS 토큰 발급 실패: HTTPSConnectionPool(host='openapivts.koreainvestment.com', port=29443): Max retries exceeded with url: /oauth2/tokenP (Caused by ConnectTimeoutError(<HTTPSConnection(host='openapivts.koreainvestment.com', port=29443) at 0x7fbfcc15a210>, 'Connection to openapivts.koreainvestment.com timed out. (connect timeout=10)'))
2026-08-14 11:34:02,475 [WARNING] __main__ — KIS 토큰 발급 실패: HTTPSConnectionPool(host='openapivts.koreainvestment.com', port=29443): Max retries exceeded with url: /oauth2/tokenP (Caused by ConnectTimeoutError(<HTTPSConnection(host='openapivts.koreainvestment.com', port=29443) at 0x7fbfb8b50190>, 'Connection to openapivts.koreainvestment.com timed out. (connect timeout=10)'))
2026-08-14 11:34:12,490 [WARNING] __main__ — KIS 토큰 발급 실패: HTTPSConnectionPool(host='openapivts.koreainvestment.com', port=29443): Max retries exceeded with url: /oauth2/tokenP (Caused by ConnectTimeoutError(<HTTPSConnection(host='openapivts.koreainvestment.com', port=29443) at 0x7fbfb8cc2c50>, 'Connection to openapivts.koreainvestment.com timed out. (connect timeout=10)'))
2026-08-14 11:34:22,521 [WARNING] __main__ — KIS 토큰 발급 실패: HTTPSConnectionPool(host='openapivts.koreainvestment.com', port=29443): Max retries exceeded with url: /oauth2/tokenP (Caused by ConnectTimeoutError(<HTTPSConnection(host='openapivts.koreainvestment.com', port=29443) at 0x7fbfcc159310>, 'Connection to openapivts.koreainvestment.com timed out. (connect timeout=10)'))
2026-08-14 11:34:32,541 [WARNING] __main__ — KIS 토큰 발급 실패: HTTPSConnectionPool(host='openapivts.koreainvestment.com', port=29443): Max retries exceeded with url: /oauth2/tokenP (Caused by ConnectTimeoutError(<HTTPSConnection(host='openapivts.koreainvestment.com', port=29443) at 0x7fbfb8cc36d0>, 'Connection to openapivts.koreainvestment.com timed out. (connect timeout=10)'))
2026-08-14 11:34:42,557 [WARNING] __main__ — KIS 토큰 발급 실패: HTTPSConnectionPool(host='openapivts.koreainvestment.com', port=29443): Max retries exceeded with url: /oauth2/tokenP (Caused by ConnectTimeoutError(<HTTPSConnection(host='openapivts.koreainvestment.com', port=29443) at 0x7fbfb8cbe090>, 'Connection to openapivts.koreainvestment.com timed out. (connect timeout=10)'))
2026-08-14 11:34:52,608 [WARNING] __main__ — KIS 토큰 발급 실패: HTTPSConnectionPool(host='openapivts.koreainvestment.com', port=29443): Max retries exceeded with url: /oauth2/tokenP (Caused by ConnectTimeoutError(<HTTPSConnection(host='openapivts.koreainvestment.com', port=29443) at 0x7fbfcc15af10>, 'Connection to openapivts.koreainvestment.com timed out. (connect timeout=10)'))
2026-08-14 11:35:02,627 [WARNING] __main__ — KIS 토큰 발급 실패: HTTPSConnectionPool(host='openapivts.koreainvestment.com', port=29443): Max retries exceeded with url: /oauth2/tokenP (Caused by ConnectTimeoutError(<HTTPSConnection(host='openapivts.koreainvestment.com', port=29443) at 0x7fbfb8b6b210>, 'Connection to openapivts.koreainvestment.com timed out. (connect timeout=10)'))
2026-08-14 11:35:12,724 [WARNING] __main__ — KIS 토큰 발급 실패: HTTPSConnectionPool(host='openapivts.koreainvestment.com', port=29443): Max retries exceeded with url: /oauth2/tokenP (Caused by ConnectTimeoutError(<HTTPSConnection(host='openapivts.koreainvestment.com', port=29443) at 0x7fbfb8b516d0>, 'Connection to openapivts.koreainvestment.com timed out. (connect timeout=10)'))
2026-08-14 11:35:22,820 [WARNING] __main__ — KIS 토큰 발급 실패: HTTPSConnectionPool(host='openapivts.koreainvestment.com', port=29443): Max retries exceeded with url: /oauth2/tokenP (Caused by ConnectTimeoutError(<HTTPSConnection(host='openapivts.koreainvestment.com', port=29443) at 0x7fbfb8cd2690>, 'Connection to openapivts.koreainvestment.com timed out. (connect timeout=10)'))
2026-08-14 11:35:32,868 [WARNING] __main__ — KIS 토큰 발급 실패: HTTPSConnectionPool(host='openapivts.koreainvestment.com', port=29443): Max retries exceeded with url: /oauth2/tokenP (Caused by ConnectTimeoutError(<HTTPSConnection(host='openapivts.koreainvestment.com', port=29443) at 0x7fbfb8cbd790>, 'Connection to openapivts.koreainvestment.com timed out. (connect timeout=10)'))
