2026-06-21 23:55:49,490 [INFO] __main__ — config 검증 완료 ✓
2026-06-21 23:55:49,490 [INFO] __main__ — ============================================================
2026-06-21 23:55:49,490 [INFO] __main__ — AlphaRadar v3.3.1  |  기준일: 20260621
2026-06-21 23:55:49,490 [INFO] __main__ — S = T×0.3 + S_text×0.4 + D×0.3
2026-06-21 23:55:49,490 [INFO] __main__ — ============================================================
2026-06-21 23:55:49,490 [INFO] __main__ — ▶ Step 0: 유니버스 필터링
2026-06-21 23:55:49,664 [INFO] __main__ — 날짜 조정: 20260621 → 20260619
2026-06-21 23:55:49,664 [INFO] __main__ — FDR 데이터 수집: 20251214 ~ 20260619
2026-06-21 23:55:51,308 [INFO] __main__ — KOSPI: 946개 | 섹터정보 836개 (DART +836개 보완)
2026-06-21 23:55:51,309 [INFO] __main__ — KOSDAQ: 1822개 | 섹터정보 1822개
2026-06-21 23:55:51,309 [INFO] __main__ — 전체: 2768개
2026-06-21 23:55:53,178 [WARNING] __main__ — KIS 토큰 발급 실패: ('Connection aborted.', RemoteDisconnected('Remote end closed connection without response'))
2026-06-21 23:55:53,855 [WARNING] __main__ — KIS 토큰 발급 실패: ('Connection aborted.', RemoteDisconnected('Remote end closed connection without response'))
2026-06-21 23:55:54,390 [WARNING] __main__ — KIS 토큰 발급 실패: ('Connection aborted.', RemoteDisconnected('Remote end closed connection without response'))
2026-06-21 23:55:54,914 [WARNING] __main__ — KIS 토큰 발급 실패: ('Connection aborted.', RemoteDisconnected('Remote end closed connection without response'))
2026-06-21 23:55:55,402 [WARNING] __main__ — KIS 토큰 발급 실패: ('Connection aborted.', RemoteDisconnected('Remote end closed connection without response'))
2026-06-21 23:55:55,904 [WARNING] __main__ — KIS 토큰 발급 실패: ('Connection aborted.', RemoteDisconnected('Remote end closed connection without response'))
2026-06-21 23:55:56,525 [WARNING] __main__ — KIS 토큰 발급 실패: ('Connection aborted.', RemoteDisconnected('Remote end closed connection without response'))
2026-06-21 23:55:57,050 [WARNING] __main__ — KIS 토큰 발급 실패: ('Connection aborted.', RemoteDisconnected('Remote end closed connection without response'))
2026-06-21 23:55:57,537 [WARNING] __main__ — KIS 토큰 발급 실패: ('Connection aborted.', RemoteDisconnected('Remote end closed connection without response'))
2026-06-21 23:55:57,992 [WARNING] __main__ — KIS 토큰 발급 실패: ('Connection aborted.', RemoteDisconnected('Remote end closed connection without response'))
2026-06-21 23:55:58,509 [WARNING] __main__ — KIS 토큰 발급 실패: ('Connection aborted.', RemoteDisconnected('Remote end closed connection without response'))
2026-06-21 23:55:58,978 [WARNING] __main__ — KIS 토큰 발급 실패: ('Connection aborted.', RemoteDisconnected('Remote end closed connection without response'))
2026-06-21 23:55:59,479 [WARNING] __main__ — KIS 토큰 발급 실패: ('Connection aborted.', RemoteDisconnected('Remote end closed connection without response'))
2026-06-21 23:55:59,930 [WARNING] __main__ — KIS 토큰 발급 실패: ('Connection aborted.', RemoteDisconnected('Remote end closed connection without response'))
2026-06-21 23:56:00,395 [WARNING] __main__ — KIS 토큰 발급 실패: ('Connection aborted.', RemoteDisconnected('Remote end closed connection without response'))
2026-06-21 23:56:00,852 [WARNING] __main__ — KIS 토큰 발급 실패: ('Connection aborted.', RemoteDisconnected('Remote end closed connection without response'))
2026-06-21 23:56:01,336 [WARNING] __main__ — KIS 토큰 발급 실패: ('Connection aborted.', RemoteDisconnected('Remote end closed connection without response'))
2026-06-21 23:56:01,828 [WARNING] __main__ — KIS 토큰 발급 실패: ('Connection aborted.', RemoteDisconnected('Remote end closed connection without response'))
2026-06-21 23:56:02,290 [WARNING] __main__ — KIS 토큰 발급 실패: ('Connection aborted.', RemoteDisconnected('Remote end closed connection without response'))
2026-06-21 23:56:02,792 [WARNING] __main__ — KIS 토큰 발급 실패: ('Connection aborted.', RemoteDisconnected('Remote end closed connection without response'))
2026-06-21 23:56:03,260 [WARNING] __main__ — KIS 토큰 발급 실패: ('Connection aborted.', RemoteDisconnected('Remote end closed connection without response'))
2026-06-21 23:56:03,727 [WARNING] __main__ — KIS 토큰 발급 실패: ('Connection aborted.', RemoteDisconnected('Remote end closed connection without response'))
2026-06-21 23:56:04,213 [WARNING] __main__ — KIS 토큰 발급 실패: ('Connection aborted.', RemoteDisconnected('Remote end closed connection without response'))
2026-06-21 23:56:04,703 [WARNING] __main__ — KIS 토큰 발급 실패: ('Connection aborted.', RemoteDisconnected('Remote end closed connection without response'))
2026-06-21 23:56:05,174 [WARNING] __main__ — KIS 토큰 발급 실패: ('Connection aborted.', RemoteDisconnected('Remote end closed connection without response'))
2026-06-21 23:56:05,625 [WARNING] __main__ — KIS 토큰 발급 실패: ('Connection aborted.', RemoteDisconnected('Remote end closed connection without response'))
2026-06-21 23:56:06,092 [WARNING] __main__ — KIS 토큰 발급 실패: ('Connection aborted.', RemoteDisconnected('Remote end closed connection without response'))
2026-06-21 23:56:06,560 [WARNING] __main__ — KIS 토큰 발급 실패: ('Connection aborted.', RemoteDisconnected('Remote end closed connection without response'))
2026-06-21 23:56:07,017 [WARNING] __main__ — KIS 토큰 발급 실패: ('Connection aborted.', RemoteDisconnected('Remote end closed connection without response'))
2026-06-21 23:56:07,483 [WARNING] __main__ — KIS 토큰 발급 실패: ('Connection aborted.', RemoteDisconnected('Remote end closed connection without response'))
2026-06-21 23:56:07,952 [WARNING] __main__ — KIS 토큰 발급 실패: ('Connection aborted.', RemoteDisconnected('Remote end closed connection without response'))
2026-06-21 23:56:08,443 [WARNING] __main__ — KIS 토큰 발급 실패: ('Connection aborted.', RemoteDisconnected('Remote end closed connection without response'))
2026-06-21 23:56:08,931 [WARNING] __main__ — KIS 토큰 발급 실패: ('Connection aborted.', RemoteDisconnected('Remote end closed connection without response'))
2026-06-21 23:56:09,399 [WARNING] __main__ — KIS 토큰 발급 실패: ('Connection aborted.', RemoteDisconnected('Remote end closed connection without response'))
2026-06-21 23:56:09,878 [WARNING] __main__ — KIS 토큰 발급 실패: ('Connection aborted.', RemoteDisconnected('Remote end closed connection without response'))
2026-06-21 23:56:10,356 [WARNING] __main__ — KIS 토큰 발급 실패: ('Connection aborted.', RemoteDisconnected('Remote end closed connection without response'))
2026-06-21 23:56:10,818 [WARNING] __main__ — KIS 토큰 발급 실패: ('Connection aborted.', RemoteDisconnected('Remote end closed connection without response'))
2026-06-21 23:56:11,281 [WARNING] __main__ — KIS 토큰 발급 실패: ('Connection aborted.', RemoteDisconnected('Remote end closed connection without response'))
2026-06-21 23:56:11,742 [WARNING] __main__ — KIS 토큰 발급 실패: ('Connection aborted.', RemoteDisconnected('Remote end closed connection without response'))
2026-06-21 23:56:12,197 [WARNING] __main__ — KIS 토큰 발급 실패: ('Connection aborted.', RemoteDisconnected('Remote end closed connection without response'))
2026-06-21 23:56:12,664 [WARNING] __main__ — KIS 토큰 발급 실패: ('Connection aborted.', RemoteDisconnected('Remote end closed connection without response'))
2026-06-21 23:56:13,121 [WARNING] __main__ — KIS 토큰 발급 실패: ('Connection aborted.', RemoteDisconnected('Remote end closed connection without response'))
2026-06-21 23:56:13,594 [WARNING] __main__ — KIS 토큰 발급 실패: ('Connection aborted.', RemoteDisconnected('Remote end closed connection without response'))
2026-06-21 23:56:14,072 [WARNING] __main__ — KIS 토큰 발급 실패: ('Connection aborted.', RemoteDisconnected('Remote end closed connection without response'))
2026-06-21 23:56:14,552 [WARNING] __main__ — KIS 토큰 발급 실패: ('Connection aborted.', RemoteDisconnected('Remote end closed connection without response'))
2026-06-21 23:56:15,049 [WARNING] __main__ — KIS 토큰 발급 실패: ('Connection aborted.', RemoteDisconnected('Remote end closed connection without response'))
2026-06-21 23:56:15,523 [WARNING] __main__ — KIS 토큰 발급 실패: ('Connection aborted.', RemoteDisconnected('Remote end closed connection without response'))
2026-06-21 23:56:15,996 [WARNING] __main__ — KIS 토큰 발급 실패: ('Connection aborted.', RemoteDisconnected('Remote end closed connection without response'))
2026-06-21 23:56:16,463 [WARNING] __main__ — KIS 토큰 발급 실패: ('Connection aborted.', RemoteDisconnected('Remote end closed connection without response'))
2026-06-21 23:56:16,921 [WARNING] __main__ — KIS 토큰 발급 실패: ('Connection aborted.', RemoteDisconnected('Remote end closed connection without response'))
2026-06-21 23:56:17,383 [WARNING] __main__ — KIS 토큰 발급 실패: ('Connection aborted.', RemoteDisconnected('Remote end closed connection without response'))
2026-06-21 23:56:17,862 [WARNING] __main__ — KIS 토큰 발급 실패: ('Connection aborted.', RemoteDisconnected('Remote end closed connection without response'))
2026-06-21 23:56:18,315 [WARNING] __main__ — KIS 토큰 발급 실패: ('Connection aborted.', RemoteDisconnected('Remote end closed connection without response'))
2026-06-21 23:56:18,776 [WARNING] __main__ — KIS 토큰 발급 실패: ('Connection aborted.', RemoteDisconnected('Remote end closed connection without response'))
2026-06-21 23:56:19,244 [WARNING] __main__ — KIS 토큰 발급 실패: ('Connection aborted.', RemoteDisconnected('Remote end closed connection without response'))
2026-06-21 23:56:19,712 [WARNING] __main__ — KIS 토큰 발급 실패: ('Connection aborted.', RemoteDisconnected('Remote end closed connection without response'))
2026-06-21 23:56:20,189 [WARNING] __main__ — KIS 토큰 발급 실패: ('Connection aborted.', RemoteDisconnected('Remote end closed connection without response'))
2026-06-21 23:56:20,674 [WARNING] __main__ — KIS 토큰 발급 실패: ('Connection aborted.', RemoteDisconnected('Remote end closed connection without response'))
2026-06-21 23:56:21,143 [WARNING] __main__ — KIS 토큰 발급 실패: ('Connection aborted.', RemoteDisconnected('Remote end closed connection without response'))
2026-06-21 23:56:21,602 [WARNING] __main__ — KIS 토큰 발급 실패: ('Connection aborted.', RemoteDisconnected('Remote end closed connection without response'))
2026-06-21 23:56:22,075 [WARNING] __main__ — KIS 토큰 발급 실패: ('Connection aborted.', RemoteDisconnected('Remote end closed connection without response'))
2026-06-21 23:56:22,562 [WARNING] __main__ — KIS 토큰 발급 실패: ('Connection aborted.', RemoteDisconnected('Remote end closed connection without response'))
2026-06-21 23:56:23,022 [WARNING] __main__ — KIS 토큰 발급 실패: ('Connection aborted.', RemoteDisconnected('Remote end closed connection without response'))
2026-06-21 23:56:23,492 [WARNING] __main__ — KIS 토큰 발급 실패: ('Connection aborted.', RemoteDisconnected('Remote end closed connection without response'))
2026-06-21 23:56:23,959 [WARNING] __main__ — KIS 토큰 발급 실패: ('Connection aborted.', RemoteDisconnected('Remote end closed connection without response'))
2026-06-21 23:56:24,434 [WARNING] __main__ — KIS 토큰 발급 실패: ('Connection aborted.', RemoteDisconnected('Remote end closed connection without response'))
2026-06-21 23:56:24,928 [WARNING] __main__ — KIS 토큰 발급 실패: ('Connection aborted.', RemoteDisconnected('Remote end closed connection without response'))
2026-06-21 23:56:25,392 [WARNING] __main__ — KIS 토큰 발급 실패: ('Connection aborted.', RemoteDisconnected('Remote end closed connection without response'))
2026-06-21 23:56:25,844 [WARNING] __main__ — KIS 토큰 발급 실패: ('Connection aborted.', RemoteDisconnected('Remote end closed connection without response'))
2026-06-21 23:56:26,297 [WARNING] __main__ — KIS 토큰 발급 실패: ('Connection aborted.', RemoteDisconnected('Remote end closed connection without response'))
2026-06-21 23:56:26,763 [WARNING] __main__ — KIS 토큰 발급 실패: ('Connection aborted.', RemoteDisconnected('Remote end closed connection without response'))
2026-06-21 23:56:27,227 [WARNING] __main__ — KIS 토큰 발급 실패: ('Connection aborted.', RemoteDisconnected('Remote end closed connection without response'))
2026-06-21 23:56:27,679 [WARNING] __main__ — KIS 토큰 발급 실패: ('Connection aborted.', RemoteDisconnected('Remote end closed connection without response'))
2026-06-21 23:56:28,147 [WARNING] __main__ — KIS 토큰 발급 실패: ('Connection aborted.', RemoteDisconnected('Remote end closed connection without response'))
2026-06-21 23:56:28,628 [WARNING] __main__ — KIS 토큰 발급 실패: ('Connection aborted.', RemoteDisconnected('Remote end closed connection without response'))
2026-06-21 23:56:29,079 [WARNING] __main__ — KIS 토큰 발급 실패: ('Connection aborted.', RemoteDisconnected('Remote end closed connection without response'))
2026-06-21 23:56:29,566 [WARNING] __main__ — KIS 토큰 발급 실패: ('Connection aborted.', RemoteDisconnected('Remote end closed connection without response'))
2026-06-21 23:56:30,026 [WARNING] __main__ — KIS 토큰 발급 실패: ('Connection aborted.', RemoteDisconnected('Remote end closed connection without response'))
2026-06-21 23:56:30,488 [WARNING] __main__ — KIS 토큰 발급 실패: ('Connection aborted.', RemoteDisconnected('Remote end closed connection without response'))
2026-06-21 23:56:30,948 [WARNING] __main__ — KIS 토큰 발급 실패: ('Connection aborted.', RemoteDisconnected('Remote end closed connection without response'))
2026-06-21 23:56:31,407 [WARNING] __main__ — KIS 토큰 발급 실패: ('Connection aborted.', RemoteDisconnected('Remote end closed connection without response'))
2026-06-21 23:56:31,863 [WARNING] __main__ — KIS 토큰 발급 실패: ('Connection aborted.', RemoteDisconnected('Remote end closed connection without response'))
2026-06-21 23:56:32,325 [WARNING] __main__ — KIS 토큰 발급 실패: ('Connection aborted.', RemoteDisconnected('Remote end closed connection without response'))
2026-06-21 23:56:32,788 [WARNING] __main__ — KIS 토큰 발급 실패: ('Connection aborted.', RemoteDisconnected('Remote end closed connection without response'))
2026-06-21 23:56:33,250 [WARNING] __main__ — KIS 토큰 발급 실패: ('Connection aborted.', RemoteDisconnected('Remote end closed connection without response'))
2026-06-21 23:56:33,719 [WARNING] __main__ — KIS 토큰 발급 실패: ('Connection aborted.', RemoteDisconnected('Remote end closed connection without response'))
2026-06-21 23:56:34,203 [WARNING] __main__ — KIS 토큰 발급 실패: ('Connection aborted.', RemoteDisconnected('Remote end closed connection without response'))
2026-06-21 23:56:34,690 [WARNING] __main__ — KIS 토큰 발급 실패: ('Connection aborted.', RemoteDisconnected('Remote end closed connection without response'))
2026-06-21 23:56:35,152 [WARNING] __main__ — KIS 토큰 발급 실패: ('Connection aborted.', RemoteDisconnected('Remote end closed connection without response'))
2026-06-21 23:56:35,606 [WARNING] __main__ — KIS 토큰 발급 실패: ('Connection aborted.', RemoteDisconnected('Remote end closed connection without response'))
2026-06-21 23:56:36,088 [WARNING] __main__ — KIS 토큰 발급 실패: ('Connection aborted.', RemoteDisconnected('Remote end closed connection without response'))
2026-06-21 23:56:36,538 [WARNING] __main__ — KIS 토큰 발급 실패: ('Connection aborted.', RemoteDisconnected('Remote end closed connection without response'))
2026-06-21 23:56:37,008 [WARNING] __main__ — KIS 토큰 발급 실패: ('Connection aborted.', RemoteDisconnected('Remote end closed connection without response'))
2026-06-21 23:56:37,488 [WARNING] __main__ — KIS 토큰 발급 실패: ('Connection aborted.', RemoteDisconnected('Remote end closed connection without response'))
2026-06-21 23:56:37,966 [WARNING] __main__ — KIS 토큰 발급 실패: ('Connection aborted.', RemoteDisconnected('Remote end closed connection without response'))
2026-06-21 23:56:38,438 [WARNING] __main__ — KIS 토큰 발급 실패: ('Connection aborted.', RemoteDisconnected('Remote end closed connection without response'))
2026-06-21 23:56:38,902 [WARNING] __main__ — KIS 토큰 발급 실패: ('Connection aborted.', RemoteDisconnected('Remote end closed connection without response'))
2026-06-21 23:56:39,358 [WARNING] __main__ — KIS 토큰 발급 실패: ('Connection aborted.', RemoteDisconnected('Remote end closed connection without response'))
2026-06-21 23:56:39,830 [WARNING] __main__ — KIS 토큰 발급 실패: ('Connection aborted.', RemoteDisconnected('Remote end closed connection without response'))
2026-06-21 23:56:40,311 [WARNING] __main__ — KIS 토큰 발급 실패: ('Connection aborted.', RemoteDisconnected('Remote end closed connection without response'))
2026-06-21 23:56:40,773 [WARNING] __main__ — KIS 토큰 발급 실패: ('Connection aborted.', RemoteDisconnected('Remote end closed connection without response'))
2026-06-21 23:56:41,239 [WARNING] __main__ — KIS 토큰 발급 실패: ('Connection aborted.', RemoteDisconnected('Remote end closed connection without response'))
2026-06-21 23:56:41,727 [WARNING] __main__ — KIS 토큰 발급 실패: ('Connection aborted.', RemoteDisconnected('Remote end closed connection without response'))
2026-06-21 23:56:42,176 [WARNING] __main__ — KIS 토큰 발급 실패: ('Connection aborted.', RemoteDisconnected('Remote end closed connection without response'))
2026-06-21 23:56:42,669 [WARNING] __main__ — KIS 토큰 발급 실패: ('Connection aborted.', RemoteDisconnected('Remote end closed connection without response'))
2026-06-21 23:56:43,128 [WARNING] __main__ — KIS 토큰 발급 실패: ('Connection aborted.', RemoteDisconnected('Remote end closed connection without response'))
2026-06-21 23:56:43,569 [WARNING] __main__ — KIS 토큰 발급 실패: ('Connection aborted.', RemoteDisconnected('Remote end closed connection without response'))
2026-06-21 23:56:44,048 [WARNING] __main__ — KIS 토큰 발급 실패: ('Connection aborted.', RemoteDisconnected('Remote end closed connection without response'))
2026-06-21 23:56:44,531 [WARNING] __main__ — KIS 토큰 발급 실패: ('Connection aborted.', RemoteDisconnected('Remote end closed connection without response'))
2026-06-21 23:56:44,997 [WARNING] __main__ — KIS 토큰 발급 실패: ('Connection aborted.', RemoteDisconnected('Remote end closed connection without response'))
2026-06-21 23:56:45,456 [WARNING] __main__ — KIS 토큰 발급 실패: ('Connection aborted.', RemoteDisconnected('Remote end closed connection without response'))
2026-06-21 23:56:45,910 [WARNING] __main__ — KIS 토큰 발급 실패: ('Connection aborted.', RemoteDisconnected('Remote end closed connection without response'))
2026-06-21 23:56:46,364 [WARNING] __main__ — KIS 토큰 발급 실패: ('Connection aborted.', RemoteDisconnected('Remote end closed connection without response'))
2026-06-21 23:56:46,817 [WARNING] __main__ — KIS 토큰 발급 실패: ('Connection aborted.', RemoteDisconnected('Remote end closed connection without response'))
2026-06-21 23:56:47,271 [WARNING] __main__ — KIS 토큰 발급 실패: ('Connection aborted.', RemoteDisconnected('Remote end closed connection without response'))
2026-06-21 23:56:47,724 [WARNING] __main__ — KIS 토큰 발급 실패: ('Connection aborted.', RemoteDisconnected('Remote end closed connection without response'))
2026-06-21 23:56:48,198 [WARNING] __main__ — KIS 토큰 발급 실패: ('Connection aborted.', RemoteDisconnected('Remote end closed connection without response'))
2026-06-21 23:56:48,670 [WARNING] __main__ — KIS 토큰 발급 실패: ('Connection aborted.', RemoteDisconnected('Remote end closed connection without response'))
2026-06-21 23:56:49,143 [WARNING] __main__ — KIS 토큰 발급 실패: ('Connection aborted.', RemoteDisconnected('Remote end closed connection without response'))
2026-06-21 23:56:49,630 [WARNING] __main__ — KIS 토큰 발급 실패: ('Connection aborted.', RemoteDisconnected('Remote end closed connection without response'))
2026-06-21 23:56:50,129 [WARNING] __main__ — KIS 토큰 발급 실패: ('Connection aborted.', RemoteDisconnected('Remote end closed connection without response'))
2026-06-21 23:56:50,583 [WARNING] __main__ — KIS 토큰 발급 실패: ('Connection aborted.', RemoteDisconnected('Remote end closed connection without response'))
2026-06-21 23:56:51,069 [WARNING] __main__ — KIS 토큰 발급 실패: ('Connection aborted.', RemoteDisconnected('Remote end closed connection without response'))
2026-06-21 23:56:51,529 [WARNING] __main__ — KIS 토큰 발급 실패: ('Connection aborted.', RemoteDisconnected('Remote end closed connection without response'))
2026-06-21 23:56:52,019 [WARNING] __main__ — KIS 토큰 발급 실패: ('Connection aborted.', RemoteDisconnected('Remote end closed connection without response'))
2026-06-21 23:56:52,500 [WARNING] __main__ — KIS 토큰 발급 실패: ('Connection aborted.', RemoteDisconnected('Remote end closed connection without response'))
2026-06-21 23:56:52,987 [WARNING] __main__ — KIS 토큰 발급 실패: ('Connection aborted.', RemoteDisconnected('Remote end closed connection without response'))
2026-06-21 23:56:53,443 [WARNING] __main__ — KIS 토큰 발급 실패: ('Connection aborted.', RemoteDisconnected('Remote end closed connection without response'))
2026-06-21 23:56:53,947 [WARNING] __main__ — KIS 토큰 발급 실패: ('Connection aborted.', RemoteDisconnected('Remote end closed connection without response'))
2026-06-21 23:56:54,400 [WARNING] __main__ — KIS 토큰 발급 실패: ('Connection aborted.', RemoteDisconnected('Remote end closed connection without response'))
2026-06-21 23:56:54,859 [WARNING] __main__ — KIS 토큰 발급 실패: ('Connection aborted.', RemoteDisconnected('Remote end closed connection without response'))
2026-06-21 23:56:55,322 [WARNING] __main__ — KIS 토큰 발급 실패: ('Connection aborted.', RemoteDisconnected('Remote end closed connection without response'))
2026-06-21 23:56:55,797 [WARNING] __main__ — KIS 토큰 발급 실패: ('Connection aborted.', RemoteDisconnected('Remote end closed connection without response'))
2026-06-21 23:56:56,274 [WARNING] __main__ — KIS 토큰 발급 실패: ('Connection aborted.', RemoteDisconnected('Remote end closed connection without response'))
2026-06-21 23:56:56,736 [WARNING] __main__ — KIS 토큰 발급 실패: ('Connection aborted.', RemoteDisconnected('Remote end closed connection without response'))
2026-06-21 23:56:57,200 [WARNING] __main__ — KIS 토큰 발급 실패: ('Connection aborted.', RemoteDisconnected('Remote end closed connection without response'))
2026-06-21 23:56:57,687 [WARNING] __main__ — KIS 토큰 발급 실패: ('Connection aborted.', RemoteDisconnected('Remote end closed connection without response'))
2026-06-21 23:56:58,150 [WARNING] __main__ — KIS 토큰 발급 실패: ('Connection aborted.', RemoteDisconnected('Remote end closed connection without response'))
2026-06-21 23:56:58,623 [WARNING] __main__ — KIS 토큰 발급 실패: ('Connection aborted.', RemoteDisconnected('Remote end closed connection without response'))
2026-06-21 23:56:59,095 [WARNING] __main__ — KIS 토큰 발급 실패: ('Connection aborted.', RemoteDisconnected('Remote end closed connection without response'))
2026-06-21 23:56:59,576 [WARNING] __main__ — KIS 토큰 발급 실패: ('Connection aborted.', RemoteDisconnected('Remote end closed connection without response'))
2026-06-21 23:57:00,035 [WARNING] __main__ — KIS 토큰 발급 실패: ('Connection aborted.', RemoteDisconnected('Remote end closed connection without response'))
2026-06-21 23:57:00,508 [WARNING] __main__ — KIS 토큰 발급 실패: ('Connection aborted.', RemoteDisconnected('Remote end closed connection without response'))
2026-06-21 23:57:00,996 [WARNING] __main__ — KIS 토큰 발급 실패: ('Connection aborted.', RemoteDisconnected('Remote end closed connection without response'))
2026-06-21 23:57:01,470 [WARNING] __main__ — KIS 토큰 발급 실패: ('Connection aborted.', RemoteDisconnected('Remote end closed connection without response'))
2026-06-21 23:57:01,931 [WARNING] __main__ — KIS 토큰 발급 실패: ('Connection aborted.', RemoteDisconnected('Remote end closed connection without response'))
2026-06-21 23:57:02,402 [WARNING] __main__ — KIS 토큰 발급 실패: ('Connection aborted.', RemoteDisconnected('Remote end closed connection without response'))
2026-06-21 23:57:02,867 [WARNING] __main__ — KIS 토큰 발급 실패: ('Connection aborted.', RemoteDisconnected('Remote end closed connection without response'))
2026-06-21 23:57:03,339 [WARNING] __main__ — KIS 토큰 발급 실패: ('Connection aborted.', RemoteDisconnected('Remote end closed connection without response'))
2026-06-21 23:57:03,789 [WARNING] __main__ — KIS 토큰 발급 실패: ('Connection aborted.', RemoteDisconnected('Remote end closed connection without response'))
2026-06-21 23:57:04,275 [WARNING] __main__ — KIS 토큰 발급 실패: ('Connection aborted.', RemoteDisconnected('Remote end closed connection without response'))
2026-06-21 23:57:04,754 [WARNING] __main__ — KIS 토큰 발급 실패: ('Connection aborted.', RemoteDisconnected('Remote end closed connection without response'))
2026-06-21 23:57:05,232 [WARNING] __main__ — KIS 토큰 발급 실패: ('Connection aborted.', RemoteDisconnected('Remote end closed connection without response'))
2026-06-21 23:57:05,691 [WARNING] __main__ — KIS 토큰 발급 실패: ('Connection aborted.', RemoteDisconnected('Remote end closed connection without response'))
2026-06-21 23:57:06,161 [WARNING] __main__ — KIS 토큰 발급 실패: ('Connection aborted.', RemoteDisconnected('Remote end closed connection without response'))
2026-06-21 23:57:06,634 [WARNING] __main__ — KIS 토큰 발급 실패: ('Connection aborted.', RemoteDisconnected('Remote end closed connection without response'))
2026-06-21 23:57:07,111 [WARNING] __main__ — KIS 토큰 발급 실패: ('Connection aborted.', RemoteDisconnected('Remote end closed connection without response'))
2026-06-21 23:57:07,566 [WARNING] __main__ — KIS 토큰 발급 실패: ('Connection aborted.', RemoteDisconnected('Remote end closed connection without response'))
2026-06-21 23:57:08,031 [WARNING] __main__ — KIS 토큰 발급 실패: ('Connection aborted.', RemoteDisconnected('Remote end closed connection without response'))
2026-06-21 23:57:08,494 [WARNING] __main__ — KIS 토큰 발급 실패: ('Connection aborted.', RemoteDisconnected('Remote end closed connection without response'))
2026-06-21 23:57:08,946 [WARNING] __main__ — KIS 토큰 발급 실패: ('Connection aborted.', RemoteDisconnected('Remote end closed connection without response'))
2026-06-21 23:57:09,418 [WARNING] __main__ — KIS 토큰 발급 실패: ('Connection aborted.', RemoteDisconnected('Remote end closed connection without response'))
2026-06-21 23:57:09,864 [WARNING] __main__ — KIS 토큰 발급 실패: ('Connection aborted.', RemoteDisconnected('Remote end closed connection without response'))
2026-06-21 23:57:10,339 [WARNING] __main__ — KIS 토큰 발급 실패: ('Connection aborted.', RemoteDisconnected('Remote end closed connection without response'))
2026-06-21 23:57:10,792 [WARNING] __main__ — KIS 토큰 발급 실패: ('Connection aborted.', RemoteDisconnected('Remote end closed connection without response'))
2026-06-21 23:57:11,251 [WARNING] __main__ — KIS 토큰 발급 실패: ('Connection aborted.', RemoteDisconnected('Remote end closed connection without response'))
2026-06-21 23:57:11,726 [WARNING] __main__ — KIS 토큰 발급 실패: ('Connection aborted.', RemoteDisconnected('Remote end closed connection without response'))
2026-06-21 23:57:12,200 [WARNING] __main__ — KIS 토큰 발급 실패: ('Connection aborted.', RemoteDisconnected('Remote end closed connection without response'))
2026-06-21 23:57:12,657 [WARNING] __main__ — KIS 토큰 발급 실패: ('Connection aborted.', RemoteDisconnected('Remote end closed connection without response'))
2026-06-21 23:57:13,126 [WARNING] __main__ — KIS 토큰 발급 실패: ('Connection aborted.', RemoteDisconnected('Remote end closed connection without response'))
2026-06-21 23:57:13,587 [WARNING] __main__ — KIS 토큰 발급 실패: ('Connection aborted.', RemoteDisconnected('Remote end closed connection without response'))
2026-06-21 23:57:14,067 [WARNING] __main__ — KIS 토큰 발급 실패: ('Connection aborted.', RemoteDisconnected('Remote end closed connection without response'))
2026-06-21 23:57:14,549 [WARNING] __main__ — KIS 토큰 발급 실패: ('Connection aborted.', RemoteDisconnected('Remote end closed connection without response'))
2026-06-21 23:57:15,013 [WARNING] __main__ — KIS 토큰 발급 실패: ('Connection aborted.', RemoteDisconnected('Remote end closed connection without response'))
2026-06-21 23:57:15,496 [WARNING] __main__ — KIS 토큰 발급 실패: ('Connection aborted.', RemoteDisconnected('Remote end closed connection without response'))
2026-06-21 23:57:15,966 [WARNING] __main__ — KIS 토큰 발급 실패: ('Connection aborted.', RemoteDisconnected('Remote end closed connection without response'))
2026-06-21 23:57:16,435 [WARNING] __main__ — KIS 토큰 발급 실패: ('Connection aborted.', RemoteDisconnected('Remote end closed connection without response'))
2026-06-21 23:57:16,915 [WARNING] __main__ — KIS 토큰 발급 실패: ('Connection aborted.', RemoteDisconnected('Remote end closed connection without response'))
2026-06-21 23:57:17,377 [WARNING] __main__ — KIS 토큰 발급 실패: ('Connection aborted.', RemoteDisconnected('Remote end closed connection without response'))
2026-06-21 23:57:17,846 [WARNING] __main__ — KIS 토큰 발급 실패: ('Connection aborted.', RemoteDisconnected('Remote end closed connection without response'))
2026-06-21 23:57:18,303 [WARNING] __main__ — KIS 토큰 발급 실패: ('Connection aborted.', RemoteDisconnected('Remote end closed connection without response'))
2026-06-21 23:57:18,768 [WARNING] __main__ — KIS 토큰 발급 실패: ('Connection aborted.', RemoteDisconnected('Remote end closed connection without response'))
2026-06-21 23:57:19,224 [WARNING] __main__ — KIS 토큰 발급 실패: ('Connection aborted.', RemoteDisconnected('Remote end closed connection without response'))
2026-06-21 23:57:19,694 [WARNING] __main__ — KIS 토큰 발급 실패: ('Connection aborted.', RemoteDisconnected('Remote end closed connection without response'))
2026-06-21 23:57:20,151 [WARNING] __main__ — KIS 토큰 발급 실패: ('Connection aborted.', RemoteDisconnected('Remote end closed connection without response'))
2026-06-21 23:57:20,606 [WARNING] __main__ — KIS 토큰 발급 실패: ('Connection aborted.', RemoteDisconnected('Remote end closed connection without response'))
2026-06-21 23:57:21,073 [WARNING] __main__ — KIS 토큰 발급 실패: ('Connection aborted.', RemoteDisconnected('Remote end closed connection without response'))
2026-06-21 23:57:21,544 [WARNING] __main__ — KIS 토큰 발급 실패: ('Connection aborted.', RemoteDisconnected('Remote end closed connection without response'))
2026-06-21 23:57:22,019 [WARNING] __main__ — KIS 토큰 발급 실패: ('Connection aborted.', RemoteDisconnected('Remote end closed connection without response'))
2026-06-21 23:57:22,470 [WARNING] __main__ — KIS 토큰 발급 실패: ('Connection aborted.', RemoteDisconnected('Remote end closed connection without response'))
2026-06-21 23:57:22,927 [WARNING] __main__ — KIS 토큰 발급 실패: ('Connection aborted.', RemoteDisconnected('Remote end closed connection without response'))
2026-06-21 23:57:23,385 [WARNING] __main__ — KIS 토큰 발급 실패: ('Connection aborted.', RemoteDisconnected('Remote end closed connection without response'))
2026-06-21 23:57:23,844 [WARNING] __main__ — KIS 토큰 발급 실패: ('Connection aborted.', RemoteDisconnected('Remote end closed connection without response'))
2026-06-21 23:57:24,320 [WARNING] __main__ — KIS 토큰 발급 실패: ('Connection aborted.', RemoteDisconnected('Remote end closed connection without response'))
2026-06-21 23:57:24,776 [WARNING] __main__ — KIS 토큰 발급 실패: ('Connection aborted.', RemoteDisconnected('Remote end closed connection without response'))
2026-06-21 23:57:25,245 [WARNING] __main__ — KIS 토큰 발급 실패: ('Connection aborted.', RemoteDisconnected('Remote end closed connection without response'))
2026-06-21 23:57:25,729 [WARNING] __main__ — KIS 토큰 발급 실패: ('Connection aborted.', RemoteDisconnected('Remote end closed connection without response'))
2026-06-21 23:57:26,183 [WARNING] __main__ — KIS 토큰 발급 실패: ('Connection aborted.', RemoteDisconnected('Remote end closed connection without response'))
2026-06-21 23:57:26,671 [WARNING] __main__ — KIS 토큰 발급 실패: ('Connection aborted.', RemoteDisconnected('Remote end closed connection without response'))
2026-06-21 23:57:27,153 [WARNING] __main__ — KIS 토큰 발급 실패: ('Connection aborted.', RemoteDisconnected('Remote end closed connection without response'))
2026-06-21 23:57:27,631 [WARNING] __main__ — KIS 토큰 발급 실패: ('Connection aborted.', RemoteDisconnected('Remote end closed connection without response'))
2026-06-21 23:57:28,089 [WARNING] __main__ — KIS 토큰 발급 실패: ('Connection aborted.', RemoteDisconnected('Remote end closed connection without response'))
2026-06-21 23:57:28,565 [WARNING] __main__ — KIS 토큰 발급 실패: ('Connection aborted.', RemoteDisconnected('Remote end closed connection without response'))
2026-06-21 23:57:29,017 [WARNING] __main__ — KIS 토큰 발급 실패: ('Connection aborted.', RemoteDisconnected('Remote end closed connection without response'))
2026-06-21 23:57:29,487 [WARNING] __main__ — KIS 토큰 발급 실패: ('Connection aborted.', RemoteDisconnected('Remote end closed connection without response'))
2026-06-21 23:57:29,960 [WARNING] __main__ — KIS 토큰 발급 실패: ('Connection aborted.', RemoteDisconnected('Remote end closed connection without response'))
2026-06-21 23:57:30,421 [WARNING] __main__ — KIS 토큰 발급 실패: ('Connection aborted.', RemoteDisconnected('Remote end closed connection without response'))
2026-06-21 23:57:30,900 [WARNING] __main__ — KIS 토큰 발급 실패: ('Connection aborted.', RemoteDisconnected('Remote end closed connection without response'))
2026-06-21 23:57:31,355 [WARNING] __main__ — KIS 토큰 발급 실패: ('Connection aborted.', RemoteDisconnected('Remote end closed connection without response'))
2026-06-21 23:57:31,822 [WARNING] __main__ — KIS 토큰 발급 실패: ('Connection aborted.', RemoteDisconnected('Remote end closed connection without response'))
2026-06-21 23:57:32,273 [WARNING] __main__ — KIS 토큰 발급 실패: ('Connection aborted.', RemoteDisconnected('Remote end closed connection without response'))
2026-06-21 23:57:32,757 [WARNING] __main__ — KIS 토큰 발급 실패: ('Connection aborted.', RemoteDisconnected('Remote end closed connection without response'))
2026-06-21 23:57:33,245 [WARNING] __main__ — KIS 토큰 발급 실패: ('Connection aborted.', RemoteDisconnected('Remote end closed connection without response'))
2026-06-21 23:57:33,706 [WARNING] __main__ — KIS 토큰 발급 실패: ('Connection aborted.', RemoteDisconnected('Remote end closed connection without response'))
2026-06-21 23:57:34,176 [WARNING] __main__ — KIS 토큰 발급 실패: ('Connection aborted.', RemoteDisconnected('Remote end closed connection without response'))
2026-06-21 23:57:34,625 [WARNING] __main__ — KIS 토큰 발급 실패: ('Connection aborted.', RemoteDisconnected('Remote end closed connection without response'))
2026-06-21 23:57:35,085 [WARNING] __main__ — KIS 토큰 발급 실패: ('Connection aborted.', RemoteDisconnected('Remote end closed connection without response'))
2026-06-21 23:57:35,549 [WARNING] __main__ — KIS 토큰 발급 실패: ('Connection aborted.', RemoteDisconnected('Remote end closed connection without response'))
2026-06-21 23:57:36,009 [WARNING] __main__ — KIS 토큰 발급 실패: ('Connection aborted.', RemoteDisconnected('Remote end closed connection without response'))
2026-06-21 23:57:36,487 [WARNING] __main__ — KIS 토큰 발급 실패: ('Connection aborted.', RemoteDisconnected('Remote end closed connection without response'))
2026-06-21 23:57:36,960 [WARNING] __main__ — KIS 토큰 발급 실패: ('Connection aborted.', RemoteDisconnected('Remote end closed connection without response'))
2026-06-21 23:57:37,431 [WARNING] __main__ — KIS 토큰 발급 실패: ('Connection aborted.', RemoteDisconnected('Remote end closed connection without response'))
2026-06-21 23:57:37,899 [WARNING] __main__ — KIS 토큰 발급 실패: ('Connection aborted.', RemoteDisconnected('Remote end closed connection without response'))
2026-06-21 23:57:38,357 [WARNING] __main__ — KIS 토큰 발급 실패: ('Connection aborted.', RemoteDisconnected('Remote end closed connection without response'))
2026-06-21 23:57:38,818 [WARNING] __main__ — KIS 토큰 발급 실패: ('Connection aborted.', RemoteDisconnected('Remote end closed connection without response'))
2026-06-21 23:57:39,276 [WARNING] __main__ — KIS 토큰 발급 실패: ('Connection aborted.', RemoteDisconnected('Remote end closed connection without response'))
2026-06-21 23:57:39,756 [WARNING] __main__ — KIS 토큰 발급 실패: ('Connection aborted.', RemoteDisconnected('Remote end closed connection without response'))
2026-06-21 23:57:40,232 [WARNING] __main__ — KIS 토큰 발급 실패: ('Connection aborted.', RemoteDisconnected('Remote end closed connection without response'))
2026-06-21 23:57:40,701 [WARNING] __main__ — KIS 토큰 발급 실패: ('Connection aborted.', RemoteDisconnected('Remote end closed connection without response'))
2026-06-21 23:57:41,154 [WARNING] __main__ — KIS 토큰 발급 실패: ('Connection aborted.', RemoteDisconnected('Remote end closed connection without response'))
2026-06-21 23:57:41,642 [WARNING] __main__ — KIS 토큰 발급 실패: ('Connection aborted.', RemoteDisconnected('Remote end closed connection without response'))
2026-06-21 23:57:42,109 [WARNING] __main__ — KIS 토큰 발급 실패: ('Connection aborted.', RemoteDisconnected('Remote end closed connection without response'))
2026-06-21 23:57:42,564 [WARNING] __main__ — KIS 토큰 발급 실패: ('Connection aborted.', RemoteDisconnected('Remote end closed connection without response'))
2026-06-21 23:57:43,043 [WARNING] __main__ — KIS 토큰 발급 실패: ('Connection aborted.', RemoteDisconnected('Remote end closed connection without response'))
2026-06-21 23:57:43,503 [WARNING] __main__ — KIS 토큰 발급 실패: ('Connection aborted.', RemoteDisconnected('Remote end closed connection without response'))
2026-06-21 23:57:43,974 [WARNING] __main__ — KIS 토큰 발급 실패: ('Connection aborted.', RemoteDisconnected('Remote end closed connection without response'))
2026-06-21 23:57:44,432 [WARNING] __main__ — KIS 토큰 발급 실패: ('Connection aborted.', RemoteDisconnected('Remote end closed connection without response'))
2026-06-21 23:57:44,907 [WARNING] __main__ — KIS 토큰 발급 실패: ('Connection aborted.', RemoteDisconnected('Remote end closed connection without response'))
2026-06-21 23:57:45,352 [WARNING] __main__ — KIS 토큰 발급 실패: ('Connection aborted.', RemoteDisconnected('Remote end closed connection without response'))
2026-06-21 23:57:45,804 [WARNING] __main__ — KIS 토큰 발급 실패: ('Connection aborted.', RemoteDisconnected('Remote end closed connection without response'))
2026-06-21 23:57:46,285 [WARNING] __main__ — KIS 토큰 발급 실패: ('Connection aborted.', RemoteDisconnected('Remote end closed connection without response'))
2026-06-21 23:57:46,748 [WARNING] __main__ — KIS 토큰 발급 실패: ('Connection aborted.', RemoteDisconnected('Remote end closed connection without response'))
2026-06-21 23:57:47,206 [WARNING] __main__ — KIS 토큰 발급 실패: ('Connection aborted.', RemoteDisconnected('Remote end closed connection without response'))
2026-06-21 23:57:47,671 [WARNING] __main__ — KIS 토큰 발급 실패: ('Connection aborted.', RemoteDisconnected('Remote end closed connection without response'))
2026-06-21 23:57:48,128 [WARNING] __main__ — KIS 토큰 발급 실패: ('Connection aborted.', RemoteDisconnected('Remote end closed connection without response'))
2026-06-21 23:57:48,579 [WARNING] __main__ — KIS 토큰 발급 실패: ('Connection aborted.', RemoteDisconnected('Remote end closed connection without response'))
2026-06-21 23:57:49,037 [WARNING] __main__ — KIS 토큰 발급 실패: ('Connection aborted.', RemoteDisconnected('Remote end closed connection without response'))
2026-06-21 23:57:49,489 [WARNING] __main__ — KIS 토큰 발급 실패: ('Connection aborted.', RemoteDisconnected('Remote end closed connection without response'))
2026-06-21 23:57:49,950 [WARNING] __main__ — KIS 토큰 발급 실패: ('Connection aborted.', RemoteDisconnected('Remote end closed connection without response'))
2026-06-21 23:57:50,412 [WARNING] __main__ — KIS 토큰 발급 실패: ('Connection aborted.', RemoteDisconnected('Remote end closed connection without response'))
2026-06-21 23:57:50,868 [WARNING] __main__ — KIS 토큰 발급 실패: ('Connection aborted.', RemoteDisconnected('Remote end closed connection without response'))
2026-06-21 23:57:51,339 [WARNING] __main__ — KIS 토큰 발급 실패: ('Connection aborted.', RemoteDisconnected('Remote end closed connection without response'))
2026-06-21 23:57:51,814 [WARNING] __main__ — KIS 토큰 발급 실패: ('Connection aborted.', RemoteDisconnected('Remote end closed connection without response'))
2026-06-21 23:57:52,297 [WARNING] __main__ — KIS 토큰 발급 실패: ('Connection aborted.', RemoteDisconnected('Remote end closed connection without response'))
2026-06-21 23:57:52,753 [WARNING] __main__ — KIS 토큰 발급 실패: ('Connection aborted.', RemoteDisconnected('Remote end closed connection without response'))
2026-06-21 23:57:53,232 [WARNING] __main__ — KIS 토큰 발급 실패: ('Connection aborted.', RemoteDisconnected('Remote end closed connection without response'))
2026-06-21 23:57:53,676 [WARNING] __main__ — KIS 토큰 발급 실패: ('Connection aborted.', RemoteDisconnected('Remote end closed connection without response'))
2026-06-21 23:57:54,160 [WARNING] __main__ — KIS 토큰 발급 실패: ('Connection aborted.', RemoteDisconnected('Remote end closed connection without response'))
2026-06-21 23:57:54,617 [WARNING] __main__ — KIS 토큰 발급 실패: ('Connection aborted.', RemoteDisconnected('Remote end closed connection without response'))
2026-06-21 23:57:55,067 [WARNING] __main__ — KIS 토큰 발급 실패: ('Connection aborted.', RemoteDisconnected('Remote end closed connection without response'))
2026-06-21 23:57:55,529 [WARNING] __main__ — KIS 토큰 발급 실패: ('Connection aborted.', RemoteDisconnected('Remote end closed connection without response'))
2026-06-21 23:57:56,012 [WARNING] __main__ — KIS 토큰 발급 실패: ('Connection aborted.', RemoteDisconnected('Remote end closed connection without response'))
2026-06-21 23:57:56,472 [WARNING] __main__ — KIS 토큰 발급 실패: ('Connection aborted.', RemoteDisconnected('Remote end closed connection without response'))
2026-06-21 23:57:56,950 [WARNING] __main__ — KIS 토큰 발급 실패: ('Connection aborted.', RemoteDisconnected('Remote end closed connection without response'))
2026-06-21 23:57:57,431 [WARNING] __main__ — KIS 토큰 발급 실패: ('Connection aborted.', RemoteDisconnected('Remote end closed connection without response'))
2026-06-21 23:57:57,897 [WARNING] __main__ — KIS 토큰 발급 실패: ('Connection aborted.', RemoteDisconnected('Remote end closed connection without response'))
2026-06-21 23:57:58,352 [WARNING] __main__ — KIS 토큰 발급 실패: ('Connection aborted.', RemoteDisconnected('Remote end closed connection without response'))
2026-06-21 23:57:58,798 [WARNING] __main__ — KIS 토큰 발급 실패: ('Connection aborted.', RemoteDisconnected('Remote end closed connection without response'))
2026-06-21 23:57:59,286 [WARNING] __main__ — KIS 토큰 발급 실패: ('Connection aborted.', RemoteDisconnected('Remote end closed connection without response'))
2026-06-21 23:57:59,762 [WARNING] __main__ — KIS 토큰 발급 실패: ('Connection aborted.', RemoteDisconnected('Remote end closed connection without response'))
2026-06-21 23:58:00,249 [WARNING] __main__ — KIS 토큰 발급 실패: ('Connection aborted.', RemoteDisconnected('Remote end closed connection without response'))
2026-06-21 23:58:00,708 [WARNING] __main__ — KIS 토큰 발급 실패: ('Connection aborted.', RemoteDisconnected('Remote end closed connection without response'))
2026-06-21 23:58:01,158 [WARNING] __main__ — KIS 토큰 발급 실패: ('Connection aborted.', RemoteDisconnected('Remote end closed connection without response'))
2026-06-21 23:58:01,637 [WARNING] __main__ — KIS 토큰 발급 실패: ('Connection aborted.', RemoteDisconnected('Remote end closed connection without response'))
2026-06-21 23:58:02,098 [WARNING] __main__ — KIS 토큰 발급 실패: ('Connection aborted.', RemoteDisconnected('Remote end closed connection without response'))
2026-06-21 23:58:02,581 [WARNING] __main__ — KIS 토큰 발급 실패: ('Connection aborted.', RemoteDisconnected('Remote end closed connection without response'))
2026-06-21 23:58:03,029 [WARNING] __main__ — KIS 토큰 발급 실패: ('Connection aborted.', RemoteDisconnected('Remote end closed connection without response'))
2026-06-21 23:58:03,486 [WARNING] __main__ — KIS 토큰 발급 실패: ('Connection aborted.', RemoteDisconnected('Remote end closed connection without response'))
2026-06-21 23:58:03,940 [WARNING] __main__ — KIS 토큰 발급 실패: ('Connection aborted.', RemoteDisconnected('Remote end closed connection without response'))
2026-06-21 23:58:04,399 [WARNING] __main__ — KIS 토큰 발급 실패: ('Connection aborted.', RemoteDisconnected('Remote end closed connection without response'))
2026-06-21 23:58:04,873 [WARNING] __main__ — KIS 토큰 발급 실패: ('Connection aborted.', RemoteDisconnected('Remote end closed connection without response'))
2026-06-21 23:58:05,343 [WARNING] __main__ — KIS 토큰 발급 실패: ('Connection aborted.', RemoteDisconnected('Remote end closed connection without response'))
2026-06-21 23:58:05,806 [WARNING] __main__ — KIS 토큰 발급 실패: ('Connection aborted.', RemoteDisconnected('Remote end closed connection without response'))
2026-06-21 23:58:06,282 [WARNING] __main__ — KIS 토큰 발급 실패: ('Connection aborted.', RemoteDisconnected('Remote end closed connection without response'))
2026-06-21 23:58:06,746 [WARNING] __main__ — KIS 토큰 발급 실패: ('Connection aborted.', RemoteDisconnected('Remote end closed connection without response'))
2026-06-21 23:58:07,207 [WARNING] __main__ — KIS 토큰 발급 실패: ('Connection aborted.', RemoteDisconnected('Remote end closed connection without response'))
2026-06-21 23:58:07,686 [WARNING] __main__ — KIS 토큰 발급 실패: ('Connection aborted.', RemoteDisconnected('Remote end closed connection without response'))
2026-06-21 23:58:08,148 [WARNING] __main__ — KIS 토큰 발급 실패: ('Connection aborted.', RemoteDisconnected('Remote end closed connection without response'))
2026-06-21 23:58:08,614 [WARNING] __main__ — KIS 토큰 발급 실패: ('Connection aborted.', RemoteDisconnected('Remote end closed connection without response'))
2026-06-21 23:58:09,091 [WARNING] __main__ — KIS 토큰 발급 실패: ('Connection aborted.', RemoteDisconnected('Remote end closed connection without response'))
2026-06-21 23:58:09,548 [WARNING] __main__ — KIS 토큰 발급 실패: ('Connection aborted.', RemoteDisconnected('Remote end closed connection without response'))
2026-06-21 23:58:10,037 [WARNING] __main__ — KIS 토큰 발급 실패: ('Connection aborted.', RemoteDisconnected('Remote end closed connection without response'))
2026-06-21 23:58:10,503 [WARNING] __main__ — KIS 토큰 발급 실패: ('Connection aborted.', RemoteDisconnected('Remote end closed connection without response'))
2026-06-21 23:58:10,959 [WARNING] __main__ — KIS 토큰 발급 실패: ('Connection aborted.', RemoteDisconnected('Remote end closed connection without response'))
2026-06-21 23:58:11,422 [WARNING] __main__ — KIS 토큰 발급 실패: ('Connection aborted.', RemoteDisconnected('Remote end closed connection without response'))
2026-06-21 23:58:11,901 [WARNING] __main__ — KIS 토큰 발급 실패: ('Connection aborted.', RemoteDisconnected('Remote end closed connection without response'))
2026-06-21 23:58:12,368 [WARNING] __main__ — KIS 토큰 발급 실패: ('Connection aborted.', RemoteDisconnected('Remote end closed connection without response'))
2026-06-21 23:58:12,844 [WARNING] __main__ — KIS 토큰 발급 실패: ('Connection aborted.', RemoteDisconnected('Remote end closed connection without response'))
2026-06-21 23:58:13,314 [WARNING] __main__ — KIS 토큰 발급 실패: ('Connection aborted.', RemoteDisconnected('Remote end closed connection without response'))
2026-06-21 23:58:13,800 [WARNING] __main__ — KIS 토큰 발급 실패: ('Connection aborted.', RemoteDisconnected('Remote end closed connection without response'))
2026-06-21 23:58:14,263 [WARNING] __main__ — KIS 토큰 발급 실패: ('Connection aborted.', RemoteDisconnected('Remote end closed connection without response'))
2026-06-21 23:58:14,743 [WARNING] __main__ — KIS 토큰 발급 실패: ('Connection aborted.', RemoteDisconnected('Remote end closed connection without response'))
2026-06-21 23:58:15,200 [WARNING] __main__ — KIS 토큰 발급 실패: ('Connection aborted.', RemoteDisconnected('Remote end closed connection without response'))
2026-06-21 23:58:15,656 [WARNING] __main__ — KIS 토큰 발급 실패: ('Connection aborted.', RemoteDisconnected('Remote end closed connection without response'))
2026-06-21 23:58:16,120 [WARNING] __main__ — KIS 토큰 발급 실패: ('Connection aborted.', RemoteDisconnected('Remote end closed connection without response'))
2026-06-21 23:58:16,583 [WARNING] __main__ — KIS 토큰 발급 실패: ('Connection aborted.', RemoteDisconnected('Remote end closed connection without response'))
2026-06-21 23:58:17,056 [WARNING] __main__ — KIS 토큰 발급 실패: ('Connection aborted.', RemoteDisconnected('Remote end closed connection without response'))
2026-06-21 23:58:17,524 [WARNING] __main__ — KIS 토큰 발급 실패: ('Connection aborted.', RemoteDisconnected('Remote end closed connection without response'))
2026-06-21 23:58:17,974 [WARNING] __main__ — KIS 토큰 발급 실패: ('Connection aborted.', RemoteDisconnected('Remote end closed connection without response'))
2026-06-21 23:58:18,438 [WARNING] __main__ — KIS 토큰 발급 실패: ('Connection aborted.', RemoteDisconnected('Remote end closed connection without response'))
2026-06-21 23:58:18,920 [WARNING] __main__ — KIS 토큰 발급 실패: ('Connection aborted.', RemoteDisconnected('Remote end closed connection without response'))
2026-06-21 23:58:19,370 [WARNING] __main__ — KIS 토큰 발급 실패: ('Connection aborted.', RemoteDisconnected('Remote end closed connection without response'))
2026-06-21 23:58:19,835 [WARNING] __main__ — KIS 토큰 발급 실패: ('Connection aborted.', RemoteDisconnected('Remote end closed connection without response'))
2026-06-21 23:58:20,291 [WARNING] __main__ — KIS 토큰 발급 실패: ('Connection aborted.', RemoteDisconnected('Remote end closed connection without response'))
2026-06-21 23:58:20,770 [WARNING] __main__ — KIS 토큰 발급 실패: ('Connection aborted.', RemoteDisconnected('Remote end closed connection without response'))
2026-06-21 23:58:21,238 [WARNING] __main__ — KIS 토큰 발급 실패: ('Connection aborted.', RemoteDisconnected('Remote end closed connection without response'))
2026-06-21 23:58:21,719 [WARNING] __main__ — KIS 토큰 발급 실패: ('Connection aborted.', RemoteDisconnected('Remote end closed connection without response'))
2026-06-21 23:58:22,179 [WARNING] __main__ — KIS 토큰 발급 실패: ('Connection aborted.', RemoteDisconnected('Remote end closed connection without response'))
2026-06-21 23:58:22,636 [WARNING] __main__ — KIS 토큰 발급 실패: ('Connection aborted.', RemoteDisconnected('Remote end closed connection without response'))
2026-06-21 23:58:23,098 [WARNING] __main__ — KIS 토큰 발급 실패: ('Connection aborted.', RemoteDisconnected('Remote end closed connection without response'))
2026-06-21 23:58:23,558 [WARNING] __main__ — KIS 토큰 발급 실패: ('Connection aborted.', RemoteDisconnected('Remote end closed connection without response'))
2026-06-21 23:58:24,025 [WARNING] __main__ — KIS 토큰 발급 실패: ('Connection aborted.', RemoteDisconnected('Remote end closed connection without response'))
2026-06-21 23:58:24,495 [WARNING] __main__ — KIS 토큰 발급 실패: ('Connection aborted.', RemoteDisconnected('Remote end closed connection without response'))
2026-06-21 23:58:24,949 [WARNING] __main__ — KIS 토큰 발급 실패: ('Connection aborted.', RemoteDisconnected('Remote end closed connection without response'))
2026-06-21 23:58:25,402 [WARNING] __main__ — KIS 토큰 발급 실패: ('Connection aborted.', RemoteDisconnected('Remote end closed connection without response'))
2026-06-21 23:58:25,863 [WARNING] __main__ — KIS 토큰 발급 실패: ('Connection aborted.', RemoteDisconnected('Remote end closed connection without response'))
2026-06-21 23:58:26,324 [WARNING] __main__ — KIS 토큰 발급 실패: ('Connection aborted.', RemoteDisconnected('Remote end closed connection without response'))
2026-06-21 23:58:26,780 [WARNING] __main__ — KIS 토큰 발급 실패: ('Connection aborted.', RemoteDisconnected('Remote end closed connection without response'))
2026-06-21 23:58:27,234 [WARNING] __main__ — KIS 토큰 발급 실패: ('Connection aborted.', RemoteDisconnected('Remote end closed connection without response'))
2026-06-21 23:58:27,696 [WARNING] __main__ — KIS 토큰 발급 실패: ('Connection aborted.', RemoteDisconnected('Remote end closed connection without response'))
2026-06-21 23:58:28,147 [WARNING] __main__ — KIS 토큰 발급 실패: ('Connection aborted.', RemoteDisconnected('Remote end closed connection without response'))
2026-06-21 23:58:28,601 [WARNING] __main__ — KIS 토큰 발급 실패: ('Connection aborted.', RemoteDisconnected('Remote end closed connection without response'))
2026-06-21 23:58:29,067 [WARNING] __main__ — KIS 토큰 발급 실패: ('Connection aborted.', RemoteDisconnected('Remote end closed connection without response'))
2026-06-21 23:58:29,527 [WARNING] __main__ — KIS 토큰 발급 실패: ('Connection aborted.', RemoteDisconnected('Remote end closed connection without response'))
2026-06-21 23:58:29,991 [WARNING] __main__ — KIS 토큰 발급 실패: ('Connection aborted.', RemoteDisconnected('Remote end closed connection without response'))
2026-06-21 23:58:30,444 [WARNING] __main__ — KIS 토큰 발급 실패: ('Connection aborted.', RemoteDisconnected('Remote end closed connection without response'))
2026-06-21 23:58:30,904 [WARNING] __main__ — KIS 토큰 발급 실패: ('Connection aborted.', RemoteDisconnected('Remote end closed connection without response'))
2026-06-21 23:58:31,365 [WARNING] __main__ — KIS 토큰 발급 실패: ('Connection aborted.', RemoteDisconnected('Remote end closed connection without response'))
2026-06-21 23:58:31,832 [WARNING] __main__ — KIS 토큰 발급 실패: ('Connection aborted.', RemoteDisconnected('Remote end closed connection without response'))
2026-06-21 23:58:32,301 [WARNING] __main__ — KIS 토큰 발급 실패: ('Connection aborted.', RemoteDisconnected('Remote end closed connection without response'))
2026-06-21 23:58:32,769 [WARNING] __main__ — KIS 토큰 발급 실패: ('Connection aborted.', RemoteDisconnected('Remote end closed connection without response'))
2026-06-21 23:58:33,246 [WARNING] __main__ — KIS 토큰 발급 실패: ('Connection aborted.', RemoteDisconnected('Remote end closed connection without response'))
2026-06-21 23:58:33,707 [WARNING] __main__ — KIS 토큰 발급 실패: ('Connection aborted.', RemoteDisconnected('Remote end closed connection without response'))
2026-06-21 23:58:34,174 [WARNING] __main__ — KIS 토큰 발급 실패: ('Connection aborted.', RemoteDisconnected('Remote end closed connection without response'))
2026-06-21 23:58:34,637 [WARNING] __main__ — KIS 토큰 발급 실패: ('Connection aborted.', RemoteDisconnected('Remote end closed connection without response'))
2026-06-21 23:58:35,084 [WARNING] __main__ — KIS 토큰 발급 실패: ('Connection aborted.', RemoteDisconnected('Remote end closed connection without response'))
2026-06-21 23:58:35,555 [WARNING] __main__ — KIS 토큰 발급 실패: ('Connection aborted.', RemoteDisconnected('Remote end closed connection without response'))
2026-06-21 23:58:35,994 [WARNING] __main__ — KIS 토큰 발급 실패: ('Connection aborted.', RemoteDisconnected('Remote end closed connection without response'))
2026-06-21 23:58:36,456 [WARNING] __main__ — KIS 토큰 발급 실패: ('Connection aborted.', RemoteDisconnected('Remote end closed connection without response'))
2026-06-21 23:58:36,915 [WARNING] __main__ — KIS 토큰 발급 실패: ('Connection aborted.', RemoteDisconnected('Remote end closed connection without response'))
2026-06-21 23:58:37,366 [WARNING] __main__ — KIS 토큰 발급 실패: ('Connection aborted.', RemoteDisconnected('Remote end closed connection without response'))
2026-06-21 23:58:37,835 [WARNING] __main__ — KIS 토큰 발급 실패: ('Connection aborted.', RemoteDisconnected('Remote end closed connection without response'))
2026-06-21 23:58:38,296 [WARNING] __main__ — KIS 토큰 발급 실패: ('Connection aborted.', RemoteDisconnected('Remote end closed connection without response'))
2026-06-21 23:58:38,764 [WARNING] __main__ — KIS 토큰 발급 실패: ('Connection aborted.', RemoteDisconnected('Remote end closed connection without response'))
2026-06-21 23:58:39,216 [WARNING] __main__ — KIS 토큰 발급 실패: ('Connection aborted.', RemoteDisconnected('Remote end closed connection without response'))
2026-06-21 23:58:39,689 [WARNING] __main__ — KIS 토큰 발급 실패: ('Connection aborted.', RemoteDisconnected('Remote end closed connection without response'))
2026-06-21 23:58:40,149 [WARNING] __main__ — KIS 토큰 발급 실패: ('Connection aborted.', RemoteDisconnected('Remote end closed connection without response'))
2026-06-21 23:58:40,607 [WARNING] __main__ — KIS 토큰 발급 실패: ('Connection aborted.', RemoteDisconnected('Remote end closed connection without response'))
2026-06-21 23:58:41,076 [WARNING] __main__ — KIS 토큰 발급 실패: ('Connection aborted.', RemoteDisconnected('Remote end closed connection without response'))
2026-06-21 23:58:41,533 [WARNING] __main__ — KIS 토큰 발급 실패: ('Connection aborted.', RemoteDisconnected('Remote end closed connection without response'))
2026-06-21 23:58:41,997 [WARNING] __main__ — KIS 토큰 발급 실패: ('Connection aborted.', RemoteDisconnected('Remote end closed connection without response'))
2026-06-21 23:58:42,460 [WARNING] __main__ — KIS 토큰 발급 실패: ('Connection aborted.', RemoteDisconnected('Remote end closed connection without response'))
2026-06-21 23:58:42,926 [WARNING] __main__ — KIS 토큰 발급 실패: ('Connection aborted.', RemoteDisconnected('Remote end closed connection without response'))
2026-06-21 23:58:43,387 [WARNING] __main__ — KIS 토큰 발급 실패: ('Connection aborted.', RemoteDisconnected('Remote end closed connection without response'))
2026-06-21 23:58:43,838 [WARNING] __main__ — KIS 토큰 발급 실패: ('Connection aborted.', RemoteDisconnected('Remote end closed connection without response'))
2026-06-21 23:58:44,294 [WARNING] __main__ — KIS 토큰 발급 실패: ('Connection aborted.', RemoteDisconnected('Remote end closed connection without response'))
2026-06-21 23:58:44,752 [WARNING] __main__ — KIS 토큰 발급 실패: ('Connection aborted.', RemoteDisconnected('Remote end closed connection without response'))
2026-06-21 23:58:45,216 [WARNING] __main__ — KIS 토큰 발급 실패: ('Connection aborted.', RemoteDisconnected('Remote end closed connection without response'))
2026-06-21 23:58:45,675 [WARNING] __main__ — KIS 토큰 발급 실패: ('Connection aborted.', RemoteDisconnected('Remote end closed connection without response'))
2026-06-21 23:58:46,138 [WARNING] __main__ — KIS 토큰 발급 실패: ('Connection aborted.', RemoteDisconnected('Remote end closed connection without response'))
2026-06-21 23:58:46,592 [WARNING] __main__ — KIS 토큰 발급 실패: ('Connection aborted.', RemoteDisconnected('Remote end closed connection without response'))
2026-06-21 23:58:47,061 [WARNING] __main__ — KIS 토큰 발급 실패: ('Connection aborted.', RemoteDisconnected('Remote end closed connection without response'))
2026-06-21 23:58:47,523 [WARNING] __main__ — KIS 토큰 발급 실패: ('Connection aborted.', RemoteDisconnected('Remote end closed connection without response'))
2026-06-21 23:58:47,987 [WARNING] __main__ — KIS 토큰 발급 실패: ('Connection aborted.', RemoteDisconnected('Remote end closed connection without response'))
2026-06-21 23:58:48,458 [WARNING] __main__ — KIS 토큰 발급 실패: ('Connection aborted.', RemoteDisconnected('Remote end closed connection without response'))
2026-06-21 23:58:48,912 [WARNING] __main__ — KIS 토큰 발급 실패: ('Connection aborted.', RemoteDisconnected('Remote end closed connection without response'))
2026-06-21 23:58:49,378 [WARNING] __main__ — KIS 토큰 발급 실패: ('Connection aborted.', RemoteDisconnected('Remote end closed connection without response'))
2026-06-21 23:58:49,837 [WARNING] __main__ — KIS 토큰 발급 실패: ('Connection aborted.', RemoteDisconnected('Remote end closed connection without response'))
2026-06-21 23:58:50,301 [WARNING] __main__ — KIS 토큰 발급 실패: ('Connection aborted.', RemoteDisconnected('Remote end closed connection without response'))
2026-06-21 23:58:50,763 [WARNING] __main__ — KIS 토큰 발급 실패: ('Connection aborted.', RemoteDisconnected('Remote end closed connection without response'))
2026-06-21 23:58:51,221 [WARNING] __main__ — KIS 토큰 발급 실패: ('Connection aborted.', RemoteDisconnected('Remote end closed connection without response'))
2026-06-21 23:58:51,696 [WARNING] __main__ — KIS 토큰 발급 실패: ('Connection aborted.', RemoteDisconnected('Remote end closed connection without response'))
2026-06-21 23:58:52,146 [WARNING] __main__ — KIS 토큰 발급 실패: ('Connection aborted.', RemoteDisconnected('Remote end closed connection without response'))
2026-06-21 23:58:52,593 [WARNING] __main__ — KIS 토큰 발급 실패: ('Connection aborted.', RemoteDisconnected('Remote end closed connection without response'))
2026-06-21 23:58:53,103 [WARNING] __main__ — KIS 토큰 발급 실패: ('Connection aborted.', RemoteDisconnected('Remote end closed connection without response'))
2026-06-21 23:58:53,602 [WARNING] __main__ — KIS 토큰 발급 실패: ('Connection aborted.', RemoteDisconnected('Remote end closed connection without response'))
2026-06-21 23:58:54,143 [WARNING] __main__ — KIS 토큰 발급 실패: ('Connection aborted.', RemoteDisconnected('Remote end closed connection without response'))
2026-06-21 23:58:54,604 [WARNING] __main__ — KIS 토큰 발급 실패: ('Connection aborted.', RemoteDisconnected('Remote end closed connection without response'))
2026-06-21 23:58:55,099 [WARNING] __main__ — KIS 토큰 발급 실패: ('Connection aborted.', RemoteDisconnected('Remote end closed connection without response'))
2026-06-21 23:58:55,616 [WARNING] __main__ — KIS 토큰 발급 실패: ('Connection aborted.', RemoteDisconnected('Remote end closed connection without response'))
2026-06-21 23:58:56,061 [WARNING] __main__ — KIS 토큰 발급 실패: ('Connection aborted.', RemoteDisconnected('Remote end closed connection without response'))
2026-06-21 23:58:56,566 [WARNING] __main__ — KIS 토큰 발급 실패: ('Connection aborted.', RemoteDisconnected('Remote end closed connection without response'))
2026-06-21 23:58:57,088 [WARNING] __main__ — KIS 토큰 발급 실패: ('Connection aborted.', RemoteDisconnected('Remote end closed connection without response'))
2026-06-21 23:58:57,557 [WARNING] __main__ — KIS 토큰 발급 실패: ('Connection aborted.', RemoteDisconnected('Remote end closed connection without response'))
2026-06-21 23:58:58,030 [WARNING] __main__ — KIS 토큰 발급 실패: ('Connection aborted.', RemoteDisconnected('Remote end closed connection without response'))
2026-06-21 23:58:58,505 [WARNING] __main__ — KIS 토큰 발급 실패: ('Connection aborted.', RemoteDisconnected('Remote end closed connection without response'))
2026-06-21 23:58:58,987 [WARNING] __main__ — KIS 토큰 발급 실패: ('Connection aborted.', RemoteDisconnected('Remote end closed connection without response'))
2026-06-21 23:58:59,499 [WARNING] __main__ — KIS 토큰 발급 실패: ('Connection aborted.', RemoteDisconnected('Remote end closed connection without response'))
2026-06-21 23:58:59,968 [WARNING] __main__ — KIS 토큰 발급 실패: ('Connection aborted.', RemoteDisconnected('Remote end closed connection without response'))
2026-06-21 23:59:00,425 [WARNING] __main__ — KIS 토큰 발급 실패: ('Connection aborted.', RemoteDisconnected('Remote end closed connection without response'))
2026-06-21 23:59:00,886 [WARNING] __main__ — KIS 토큰 발급 실패: ('Connection aborted.', RemoteDisconnected('Remote end closed connection without response'))
2026-06-21 23:59:01,344 [WARNING] __main__ — KIS 토큰 발급 실패: ('Connection aborted.', RemoteDisconnected('Remote end closed connection without response'))
2026-06-21 23:59:01,824 [WARNING] __main__ — KIS 토큰 발급 실패: ('Connection aborted.', RemoteDisconnected('Remote end closed connection without response'))
2026-06-21 23:59:02,331 [WARNING] __main__ — KIS 토큰 발급 실패: ('Connection aborted.', RemoteDisconnected('Remote end closed connection without response'))
2026-06-21 23:59:02,775 [WARNING] __main__ — KIS 토큰 발급 실패: ('Connection aborted.', RemoteDisconnected('Remote end closed connection without response'))
2026-06-21 23:59:03,248 [WARNING] __main__ — KIS 토큰 발급 실패: ('Connection aborted.', RemoteDisconnected('Remote end closed connection without response'))
2026-06-21 23:59:03,698 [WARNING] __main__ — KIS 토큰 발급 실패: ('Connection aborted.', RemoteDisconnected('Remote end closed connection without response'))
2026-06-21 23:59:04,150 [WARNING] __main__ — KIS 토큰 발급 실패: ('Connection aborted.', RemoteDisconnected('Remote end closed connection without response'))
2026-06-21 23:59:04,617 [WARNING] __main__ — KIS 토큰 발급 실패: ('Connection aborted.', RemoteDisconnected('Remote end closed connection without response'))
2026-06-21 23:59:05,102 [WARNING] __main__ — KIS 토큰 발급 실패: ('Connection aborted.', RemoteDisconnected('Remote end closed connection without response'))
2026-06-21 23:59:05,574 [WARNING] __main__ — KIS 토큰 발급 실패: ('Connection aborted.', RemoteDisconnected('Remote end closed connection without response'))
2026-06-21 23:59:06,049 [WARNING] __main__ — KIS 토큰 발급 실패: ('Connection aborted.', RemoteDisconnected('Remote end closed connection without response'))
2026-06-21 23:59:06,505 [WARNING] __main__ — KIS 토큰 발급 실패: ('Connection aborted.', RemoteDisconnected('Remote end closed connection without response'))
2026-06-21 23:59:07,007 [WARNING] __main__ — KIS 토큰 발급 실패: ('Connection aborted.', RemoteDisconnected('Remote end closed connection without response'))
2026-06-21 23:59:07,461 [WARNING] __main__ — KIS 토큰 발급 실패: ('Connection aborted.', RemoteDisconnected('Remote end closed connection without response'))
2026-06-21 23:59:07,921 [WARNING] __main__ — KIS 토큰 발급 실패: ('Connection aborted.', RemoteDisconnected('Remote end closed connection without response'))
2026-06-21 23:59:08,384 [WARNING] __main__ — KIS 토큰 발급 실패: ('Connection aborted.', RemoteDisconnected('Remote end closed connection without response'))
2026-06-21 23:59:08,838 [WARNING] __main__ — KIS 토큰 발급 실패: ('Connection aborted.', RemoteDisconnected('Remote end closed connection without response'))
2026-06-21 23:59:09,306 [WARNING] __main__ — KIS 토큰 발급 실패: ('Connection aborted.', RemoteDisconnected('Remote end closed connection without response'))
2026-06-21 23:59:09,765 [WARNING] __main__ — KIS 토큰 발급 실패: ('Connection aborted.', RemoteDisconnected('Remote end closed connection without response'))
2026-06-21 23:59:10,226 [WARNING] __main__ — KIS 토큰 발급 실패: ('Connection aborted.', RemoteDisconnected('Remote end closed connection without response'))
2026-06-21 23:59:10,699 [WARNING] __main__ — KIS 토큰 발급 실패: ('Connection aborted.', RemoteDisconnected('Remote end closed connection without response'))
2026-06-21 23:59:11,157 [WARNING] __main__ — KIS 토큰 발급 실패: ('Connection aborted.', RemoteDisconnected('Remote end closed connection without response'))
2026-06-21 23:59:11,615 [WARNING] __main__ — KIS 토큰 발급 실패: ('Connection aborted.', RemoteDisconnected('Remote end closed connection without response'))
2026-06-21 23:59:12,076 [WARNING] __main__ — KIS 토큰 발급 실패: ('Connection aborted.', RemoteDisconnected('Remote end closed connection without response'))
2026-06-21 23:59:12,549 [WARNING] __main__ — KIS 토큰 발급 실패: ('Connection aborted.', RemoteDisconnected('Remote end closed connection without response'))
2026-06-21 23:59:13,012 [WARNING] __main__ — KIS 토큰 발급 실패: ('Connection aborted.', RemoteDisconnected('Remote end closed connection without response'))
2026-06-21 23:59:13,479 [WARNING] __main__ — KIS 토큰 발급 실패: ('Connection aborted.', RemoteDisconnected('Remote end closed connection without response'))
2026-06-21 23:59:13,935 [WARNING] __main__ — KIS 토큰 발급 실패: ('Connection aborted.', RemoteDisconnected('Remote end closed connection without response'))
2026-06-21 23:59:14,396 [WARNING] __main__ — KIS 토큰 발급 실패: ('Connection aborted.', RemoteDisconnected('Remote end closed connection without response'))
2026-06-21 23:59:14,854 [WARNING] __main__ — KIS 토큰 발급 실패: ('Connection aborted.', RemoteDisconnected('Remote end closed connection without response'))
2026-06-21 23:59:15,315 [WARNING] __main__ — KIS 토큰 발급 실패: ('Connection aborted.', RemoteDisconnected('Remote end closed connection without response'))
2026-06-21 23:59:15,773 [WARNING] __main__ — KIS 토큰 발급 실패: ('Connection aborted.', RemoteDisconnected('Remote end closed connection without response'))
2026-06-21 23:59:16,248 [WARNING] __main__ — KIS 토큰 발급 실패: ('Connection aborted.', RemoteDisconnected('Remote end closed connection without response'))
2026-06-21 23:59:16,719 [WARNING] __main__ — KIS 토큰 발급 실패: ('Connection aborted.', RemoteDisconnected('Remote end closed connection without response'))
2026-06-21 23:59:17,185 [WARNING] __main__ — KIS 토큰 발급 실패: ('Connection aborted.', RemoteDisconnected('Remote end closed connection without response'))
2026-06-21 23:59:17,651 [WARNING] __main__ — KIS 토큰 발급 실패: ('Connection aborted.', RemoteDisconnected('Remote end closed connection without response'))
2026-06-21 23:59:18,135 [WARNING] __main__ — KIS 토큰 발급 실패: ('Connection aborted.', RemoteDisconnected('Remote end closed connection without response'))
2026-06-21 23:59:18,591 [WARNING] __main__ — KIS 토큰 발급 실패: ('Connection aborted.', RemoteDisconnected('Remote end closed connection without response'))
2026-06-21 23:59:19,063 [WARNING] __main__ — KIS 토큰 발급 실패: ('Connection aborted.', RemoteDisconnected('Remote end closed connection without response'))
2026-06-21 23:59:19,527 [WARNING] __main__ — KIS 토큰 발급 실패: ('Connection aborted.', RemoteDisconnected('Remote end closed connection without response'))
2026-06-21 23:59:19,999 [WARNING] __main__ — KIS 토큰 발급 실패: ('Connection aborted.', RemoteDisconnected('Remote end closed connection without response'))
2026-06-21 23:59:20,465 [WARNING] __main__ — KIS 토큰 발급 실패: ('Connection aborted.', RemoteDisconnected('Remote end closed connection without response'))
2026-06-21 23:59:20,937 [WARNING] __main__ — KIS 토큰 발급 실패: ('Connection aborted.', RemoteDisconnected('Remote end closed connection without response'))
2026-06-21 23:59:21,393 [WARNING] __main__ — KIS 토큰 발급 실패: ('Connection aborted.', RemoteDisconnected('Remote end closed connection without response'))
2026-06-21 23:59:21,862 [WARNING] __main__ — KIS 토큰 발급 실패: ('Connection aborted.', RemoteDisconnected('Remote end closed connection without response'))
2026-06-21 23:59:22,343 [WARNING] __main__ — KIS 토큰 발급 실패: ('Connection aborted.', RemoteDisconnected('Remote end closed connection without response'))
2026-06-21 23:59:22,798 [WARNING] __main__ — KIS 토큰 발급 실패: ('Connection aborted.', RemoteDisconnected('Remote end closed connection without response'))
2026-06-21 23:59:23,259 [WARNING] __main__ — KIS 토큰 발급 실패: ('Connection aborted.', RemoteDisconnected('Remote end closed connection without response'))
2026-06-21 23:59:23,718 [WARNING] __main__ — KIS 토큰 발급 실패: ('Connection aborted.', RemoteDisconnected('Remote end closed connection without response'))
2026-06-21 23:59:24,186 [WARNING] __main__ — KIS 토큰 발급 실패: ('Connection aborted.', RemoteDisconnected('Remote end closed connection without response'))
2026-06-21 23:59:24,643 [WARNING] __main__ — KIS 토큰 발급 실패: ('Connection aborted.', RemoteDisconnected('Remote end closed connection without response'))
2026-06-21 23:59:25,113 [WARNING] __main__ — KIS 토큰 발급 실패: ('Connection aborted.', RemoteDisconnected('Remote end closed connection without response'))
2026-06-21 23:59:25,578 [WARNING] __main__ — KIS 토큰 발급 실패: ('Connection aborted.', RemoteDisconnected('Remote end closed connection without response'))
2026-06-21 23:59:26,037 [WARNING] __main__ — KIS 토큰 발급 실패: ('Connection aborted.', RemoteDisconnected('Remote end closed connection without response'))
2026-06-21 23:59:26,521 [WARNING] __main__ — KIS 토큰 발급 실패: ('Connection aborted.', RemoteDisconnected('Remote end closed connection without response'))
2026-06-21 23:59:26,981 [WARNING] __main__ — KIS 토큰 발급 실패: ('Connection aborted.', RemoteDisconnected('Remote end closed connection without response'))
2026-06-21 23:59:27,438 [WARNING] __main__ — KIS 토큰 발급 실패: ('Connection aborted.', RemoteDisconnected('Remote end closed connection without response'))
2026-06-21 23:59:27,914 [WARNING] __main__ — KIS 토큰 발급 실패: ('Connection aborted.', RemoteDisconnected('Remote end closed connection without response'))
2026-06-21 23:59:28,382 [WARNING] __main__ — KIS 토큰 발급 실패: ('Connection aborted.', RemoteDisconnected('Remote end closed connection without response'))
2026-06-21 23:59:28,858 [WARNING] __main__ — KIS 토큰 발급 실패: ('Connection aborted.', RemoteDisconnected('Remote end closed connection without response'))
2026-06-21 23:59:29,318 [WARNING] __main__ — KIS 토큰 발급 실패: ('Connection aborted.', RemoteDisconnected('Remote end closed connection without response'))
2026-06-21 23:59:29,775 [WARNING] __main__ — KIS 토큰 발급 실패: ('Connection aborted.', RemoteDisconnected('Remote end closed connection without response'))
2026-06-21 23:59:30,236 [WARNING] __main__ — KIS 토큰 발급 실패: ('Connection aborted.', RemoteDisconnected('Remote end closed connection without response'))
2026-06-21 23:59:30,712 [WARNING] __main__ — KIS 토큰 발급 실패: ('Connection aborted.', RemoteDisconnected('Remote end closed connection without response'))
2026-06-21 23:59:31,177 [WARNING] __main__ — KIS 토큰 발급 실패: ('Connection aborted.', RemoteDisconnected('Remote end closed connection without response'))
2026-06-21 23:59:31,663 [WARNING] __main__ — KIS 토큰 발급 실패: ('Connection aborted.', RemoteDisconnected('Remote end closed connection without response'))
2026-06-21 23:59:32,125 [WARNING] __main__ — KIS 토큰 발급 실패: ('Connection aborted.', RemoteDisconnected('Remote end closed connection without response'))
2026-06-21 23:59:32,601 [WARNING] __main__ — KIS 토큰 발급 실패: ('Connection aborted.', RemoteDisconnected('Remote end closed connection without response'))
2026-06-21 23:59:33,066 [WARNING] __main__ — KIS 토큰 발급 실패: ('Connection aborted.', RemoteDisconnected('Remote end closed connection without response'))
2026-06-21 23:59:33,527 [WARNING] __main__ — KIS 토큰 발급 실패: ('Connection aborted.', RemoteDisconnected('Remote end closed connection without response'))
2026-06-21 23:59:33,984 [WARNING] __main__ — KIS 토큰 발급 실패: ('Connection aborted.', RemoteDisconnected('Remote end closed connection without response'))
2026-06-21 23:59:34,453 [WARNING] __main__ — KIS 토큰 발급 실패: ('Connection aborted.', RemoteDisconnected('Remote end closed connection without response'))
2026-06-21 23:59:34,936 [WARNING] __main__ — KIS 토큰 발급 실패: ('Connection aborted.', RemoteDisconnected('Remote end closed connection without response'))
2026-06-21 23:59:35,402 [WARNING] __main__ — KIS 토큰 발급 실패: ('Connection aborted.', RemoteDisconnected('Remote end closed connection without response'))
2026-06-21 23:59:35,856 [WARNING] __main__ — KIS 토큰 발급 실패: ('Connection aborted.', RemoteDisconnected('Remote end closed connection without response'))
2026-06-21 23:59:36,331 [WARNING] __main__ — KIS 토큰 발급 실패: ('Connection aborted.', RemoteDisconnected('Remote end closed connection without response'))
2026-06-21 23:59:36,789 [WARNING] __main__ — KIS 토큰 발급 실패: ('Connection aborted.', RemoteDisconnected('Remote end closed connection without response'))
2026-06-21 23:59:37,247 [WARNING] __main__ — KIS 토큰 발급 실패: ('Connection aborted.', RemoteDisconnected('Remote end closed connection without response'))
2026-06-21 23:59:37,705 [WARNING] __main__ — KIS 토큰 발급 실패: ('Connection aborted.', RemoteDisconnected('Remote end closed connection without response'))
2026-06-21 23:59:38,173 [WARNING] __main__ — KIS 토큰 발급 실패: ('Connection aborted.', RemoteDisconnected('Remote end closed connection without response'))
2026-06-21 23:59:38,639 [WARNING] __main__ — KIS 토큰 발급 실패: ('Connection aborted.', RemoteDisconnected('Remote end closed connection without response'))
2026-06-21 23:59:39,101 [WARNING] __main__ — KIS 토큰 발급 실패: ('Connection aborted.', RemoteDisconnected('Remote end closed connection without response'))
2026-06-21 23:59:39,557 [WARNING] __main__ — KIS 토큰 발급 실패: ('Connection aborted.', RemoteDisconnected('Remote end closed connection without response'))
2026-06-21 23:59:40,032 [WARNING] __main__ — KIS 토큰 발급 실패: ('Connection aborted.', RemoteDisconnected('Remote end closed connection without response'))
2026-06-21 23:59:40,492 [WARNING] __main__ — KIS 토큰 발급 실패: ('Connection aborted.', RemoteDisconnected('Remote end closed connection without response'))
2026-06-21 23:59:40,947 [WARNING] __main__ — KIS 토큰 발급 실패: ('Connection aborted.', RemoteDisconnected('Remote end closed connection without response'))
2026-06-21 23:59:41,406 [WARNING] __main__ — KIS 토큰 발급 실패: ('Connection aborted.', RemoteDisconnected('Remote end closed connection without response'))
2026-06-21 23:59:41,870 [WARNING] __main__ — KIS 토큰 발급 실패: ('Connection aborted.', RemoteDisconnected('Remote end closed connection without response'))
2026-06-21 23:59:42,324 [WARNING] __main__ — KIS 토큰 발급 실패: ('Connection aborted.', RemoteDisconnected('Remote end closed connection without response'))
2026-06-21 23:59:42,779 [WARNING] __main__ — KIS 토큰 발급 실패: ('Connection aborted.', RemoteDisconnected('Remote end closed connection without response'))
2026-06-21 23:59:43,236 [WARNING] __main__ — KIS 토큰 발급 실패: ('Connection aborted.', RemoteDisconnected('Remote end closed connection without response'))
2026-06-21 23:59:43,695 [WARNING] __main__ — KIS 토큰 발급 실패: ('Connection aborted.', RemoteDisconnected('Remote end closed connection without response'))
2026-06-21 23:59:44,155 [WARNING] __main__ — KIS 토큰 발급 실패: ('Connection aborted.', RemoteDisconnected('Remote end closed connection without response'))
2026-06-21 23:59:44,620 [WARNING] __main__ — KIS 토큰 발급 실패: ('Connection aborted.', RemoteDisconnected('Remote end closed connection without response'))
2026-06-21 23:59:45,077 [WARNING] __main__ — KIS 토큰 발급 실패: ('Connection aborted.', RemoteDisconnected('Remote end closed connection without response'))
2026-06-21 23:59:45,545 [WARNING] __main__ — KIS 토큰 발급 실패: ('Connection aborted.', RemoteDisconnected('Remote end closed connection without response'))
2026-06-21 23:59:46,007 [WARNING] __main__ — KIS 토큰 발급 실패: ('Connection aborted.', RemoteDisconnected('Remote end closed connection without response'))
2026-06-21 23:59:46,485 [WARNING] __main__ — KIS 토큰 발급 실패: ('Connection aborted.', RemoteDisconnected('Remote end closed connection without response'))
2026-06-21 23:59:46,944 [WARNING] __main__ — KIS 토큰 발급 실패: ('Connection aborted.', RemoteDisconnected('Remote end closed connection without response'))
2026-06-21 23:59:47,404 [WARNING] __main__ — KIS 토큰 발급 실패: ('Connection aborted.', RemoteDisconnected('Remote end closed connection without response'))
2026-06-21 23:59:47,866 [WARNING] __main__ — KIS 토큰 발급 실패: ('Connection aborted.', RemoteDisconnected('Remote end closed connection without response'))
2026-06-21 23:59:48,336 [WARNING] __main__ — KIS 토큰 발급 실패: ('Connection aborted.', RemoteDisconnected('Remote end closed connection without response'))
2026-06-21 23:59:48,805 [WARNING] __main__ — KIS 토큰 발급 실패: ('Connection aborted.', RemoteDisconnected('Remote end closed connection without response'))
2026-06-21 23:59:49,268 [WARNING] __main__ — KIS 토큰 발급 실패: ('Connection aborted.', RemoteDisconnected('Remote end closed connection without response'))
2026-06-21 23:59:49,722 [WARNING] __main__ — KIS 토큰 발급 실패: ('Connection aborted.', RemoteDisconnected('Remote end closed connection without response'))
2026-06-21 23:59:50,174 [WARNING] __main__ — KIS 토큰 발급 실패: ('Connection aborted.', RemoteDisconnected('Remote end closed connection without response'))
2026-06-21 23:59:50,632 [WARNING] __main__ — KIS 토큰 발급 실패: ('Connection aborted.', RemoteDisconnected('Remote end closed connection without response'))
2026-06-21 23:59:51,110 [WARNING] __main__ — KIS 토큰 발급 실패: ('Connection aborted.', RemoteDisconnected('Remote end closed connection without response'))
2026-06-21 23:59:51,589 [WARNING] __main__ — KIS 토큰 발급 실패: ('Connection aborted.', RemoteDisconnected('Remote end closed connection without response'))
2026-06-21 23:59:52,073 [WARNING] __main__ — KIS 토큰 발급 실패: ('Connection aborted.', RemoteDisconnected('Remote end closed connection without response'))
2026-06-21 23:59:52,535 [WARNING] __main__ — KIS 토큰 발급 실패: ('Connection aborted.', RemoteDisconnected('Remote end closed connection without response'))
2026-06-21 23:59:52,990 [WARNING] __main__ — KIS 토큰 발급 실패: ('Connection aborted.', RemoteDisconnected('Remote end closed connection without response'))
2026-06-21 23:59:53,446 [WARNING] __main__ — KIS 토큰 발급 실패: ('Connection aborted.', RemoteDisconnected('Remote end closed connection without response'))
2026-06-21 23:59:53,912 [WARNING] __main__ — KIS 토큰 발급 실패: ('Connection aborted.', RemoteDisconnected('Remote end closed connection without response'))
2026-06-21 23:59:54,373 [WARNING] __main__ — KIS 토큰 발급 실패: ('Connection aborted.', RemoteDisconnected('Remote end closed connection without response'))
2026-06-21 23:59:54,848 [WARNING] __main__ — KIS 토큰 발급 실패: ('Connection aborted.', RemoteDisconnected('Remote end closed connection without response'))
2026-06-21 23:59:55,325 [WARNING] __main__ — KIS 토큰 발급 실패: ('Connection aborted.', RemoteDisconnected('Remote end closed connection without response'))
2026-06-21 23:59:55,776 [WARNING] __main__ — KIS 토큰 발급 실패: ('Connection aborted.', RemoteDisconnected('Remote end closed connection without response'))
2026-06-21 23:59:56,250 [WARNING] __main__ — KIS 토큰 발급 실패: ('Connection aborted.', RemoteDisconnected('Remote end closed connection without response'))
2026-06-21 23:59:56,715 [WARNING] __main__ — KIS 토큰 발급 실패: ('Connection aborted.', RemoteDisconnected('Remote end closed connection without response'))
2026-06-21 23:59:57,185 [WARNING] __main__ — KIS 토큰 발급 실패: ('Connection aborted.', RemoteDisconnected('Remote end closed connection without response'))
2026-06-21 23:59:57,657 [WARNING] __main__ — KIS 토큰 발급 실패: ('Connection aborted.', RemoteDisconnected('Remote end closed connection without response'))
2026-06-21 23:59:58,116 [WARNING] __main__ — KIS 토큰 발급 실패: ('Connection aborted.', RemoteDisconnected('Remote end closed connection without response'))
2026-06-21 23:59:58,573 [WARNING] __main__ — KIS 토큰 발급 실패: ('Connection aborted.', RemoteDisconnected('Remote end closed connection without response'))
2026-06-21 23:59:59,019 [WARNING] __main__ — KIS 토큰 발급 실패: ('Connection aborted.', RemoteDisconnected('Remote end closed connection without response'))
2026-06-21 23:59:59,481 [WARNING] __main__ — KIS 토큰 발급 실패: ('Connection aborted.', RemoteDisconnected('Remote end closed connection without response'))
2026-06-21 23:59:59,949 [WARNING] __main__ — KIS 토큰 발급 실패: ('Connection aborted.', RemoteDisconnected('Remote end closed connection without response'))
2026-06-22 00:00:00,397 [WARNING] __main__ — KIS 토큰 발급 실패: ('Connection aborted.', RemoteDisconnected('Remote end closed connection without response'))
2026-06-22 00:00:00,858 [WARNING] __main__ — KIS 토큰 발급 실패: ('Connection aborted.', RemoteDisconnected('Remote end closed connection without response'))
2026-06-22 00:00:01,321 [WARNING] __main__ — KIS 토큰 발급 실패: ('Connection aborted.', RemoteDisconnected('Remote end closed connection without response'))
2026-06-22 00:00:01,782 [WARNING] __main__ — KIS 토큰 발급 실패: ('Connection aborted.', RemoteDisconnected('Remote end closed connection without response'))
2026-06-22 00:00:02,240 [WARNING] __main__ — KIS 토큰 발급 실패: ('Connection aborted.', RemoteDisconnected('Remote end closed connection without response'))
2026-06-22 00:00:02,701 [WARNING] __main__ — KIS 토큰 발급 실패: ('Connection aborted.', RemoteDisconnected('Remote end closed connection without response'))
2026-06-22 00:00:03,149 [WARNING] __main__ — KIS 토큰 발급 실패: ('Connection aborted.', RemoteDisconnected('Remote end closed connection without response'))
2026-06-22 00:00:03,611 [WARNING] __main__ — KIS 토큰 발급 실패: ('Connection aborted.', RemoteDisconnected('Remote end closed connection without response'))
2026-06-22 00:00:04,054 [WARNING] __main__ — KIS 토큰 발급 실패: ('Connection aborted.', RemoteDisconnected('Remote end closed connection without response'))
2026-06-22 00:00:04,509 [WARNING] __main__ — KIS 토큰 발급 실패: ('Connection aborted.', RemoteDisconnected('Remote end closed connection without response'))
2026-06-22 00:00:04,957 [WARNING] __main__ — KIS 토큰 발급 실패: ('Connection aborted.', RemoteDisconnected('Remote end closed connection without response'))
2026-06-22 00:00:05,415 [WARNING] __main__ — KIS 토큰 발급 실패: ('Connection aborted.', RemoteDisconnected('Remote end closed connection without response'))
2026-06-22 00:00:05,871 [WARNING] __main__ — KIS 토큰 발급 실패: ('Connection aborted.', RemoteDisconnected('Remote end closed connection without response'))
2026-06-22 00:00:06,319 [WARNING] __main__ — KIS 토큰 발급 실패: ('Connection aborted.', RemoteDisconnected('Remote end closed connection without response'))
2026-06-22 00:00:06,758 [WARNING] __main__ — KIS 토큰 발급 실패: ('Connection aborted.', RemoteDisconnected('Remote end closed connection without response'))
2026-06-22 00:00:07,224 [WARNING] __main__ — KIS 토큰 발급 실패: ('Connection aborted.', RemoteDisconnected('Remote end closed connection without response'))
2026-06-22 00:00:07,675 [WARNING] __main__ — KIS 토큰 발급 실패: ('Connection aborted.', RemoteDisconnected('Remote end closed connection without response'))
2026-06-22 00:00:08,124 [WARNING] __main__ — KIS 토큰 발급 실패: ('Connection aborted.', RemoteDisconnected('Remote end closed connection without response'))
2026-06-22 00:00:08,570 [WARNING] __main__ — KIS 토큰 발급 실패: ('Connection aborted.', RemoteDisconnected('Remote end closed connection without response'))
2026-06-22 00:00:09,031 [WARNING] __main__ — KIS 토큰 발급 실패: ('Connection aborted.', RemoteDisconnected('Remote end closed connection without response'))
2026-06-22 00:00:09,473 [WARNING] __main__ — KIS 토큰 발급 실패: ('Connection aborted.', RemoteDisconnected('Remote end closed connection without response'))
2026-06-22 00:00:09,935 [WARNING] __main__ — KIS 토큰 발급 실패: ('Connection aborted.', RemoteDisconnected('Remote end closed connection without response'))
2026-06-22 00:00:10,388 [WARNING] __main__ — KIS 토큰 발급 실패: ('Connection aborted.', RemoteDisconnected('Remote end closed connection without response'))
2026-06-22 00:00:10,852 [WARNING] __main__ — KIS 토큰 발급 실패: ('Connection aborted.', RemoteDisconnected('Remote end closed connection without response'))
2026-06-22 00:00:11,319 [WARNING] __main__ — KIS 토큰 발급 실패: ('Connection aborted.', RemoteDisconnected('Remote end closed connection without response'))
2026-06-22 00:00:11,770 [WARNING] __main__ — KIS 토큰 발급 실패: ('Connection aborted.', RemoteDisconnected('Remote end closed connection without response'))
2026-06-22 00:00:12,235 [WARNING] __main__ — KIS 토큰 발급 실패: ('Connection aborted.', RemoteDisconnected('Remote end closed connection without response'))
2026-06-22 00:00:12,693 [WARNING] __main__ — KIS 토큰 발급 실패: ('Connection aborted.', RemoteDisconnected('Remote end closed connection without response'))
2026-06-22 00:00:13,150 [WARNING] __main__ — KIS 토큰 발급 실패: ('Connection aborted.', RemoteDisconnected('Remote end closed connection without response'))
2026-06-22 00:00:13,610 [WARNING] __main__ — KIS 토큰 발급 실패: ('Connection aborted.', RemoteDisconnected('Remote end closed connection without response'))
2026-06-22 00:00:14,078 [WARNING] __main__ — KIS 토큰 발급 실패: ('Connection aborted.', RemoteDisconnected('Remote end closed connection without response'))
2026-06-22 00:00:14,523 [WARNING] __main__ — KIS 토큰 발급 실패: ('Connection aborted.', RemoteDisconnected('Remote end closed connection without response'))
2026-06-22 00:00:14,975 [WARNING] __main__ — KIS 토큰 발급 실패: ('Connection aborted.', RemoteDisconnected('Remote end closed connection without response'))
2026-06-22 00:00:15,435 [WARNING] __main__ — KIS 토큰 발급 실패: ('Connection aborted.', RemoteDisconnected('Remote end closed connection without response'))
2026-06-22 00:00:15,890 [WARNING] __main__ — KIS 토큰 발급 실패: ('Connection aborted.', RemoteDisconnected('Remote end closed connection without response'))
2026-06-22 00:00:16,367 [WARNING] __main__ — KIS 토큰 발급 실패: ('Connection aborted.', RemoteDisconnected('Remote end closed connection without response'))
2026-06-22 00:00:16,824 [WARNING] __main__ — KIS 토큰 발급 실패: ('Connection aborted.', RemoteDisconnected('Remote end closed connection without response'))
2026-06-22 00:00:17,286 [WARNING] __main__ — KIS 토큰 발급 실패: ('Connection aborted.', RemoteDisconnected('Remote end closed connection without response'))
2026-06-22 00:00:17,745 [WARNING] __main__ — KIS 토큰 발급 실패: ('Connection aborted.', RemoteDisconnected('Remote end closed connection without response'))
2026-06-22 00:00:18,206 [WARNING] __main__ — KIS 토큰 발급 실패: ('Connection aborted.', RemoteDisconnected('Remote end closed connection without response'))
2026-06-22 00:00:18,651 [WARNING] __main__ — KIS 토큰 발급 실패: ('Connection aborted.', RemoteDisconnected('Remote end closed connection without response'))
2026-06-22 00:00:19,111 [WARNING] __main__ — KIS 토큰 발급 실패: ('Connection aborted.', RemoteDisconnected('Remote end closed connection without response'))
2026-06-22 00:00:19,592 [WARNING] __main__ — KIS 토큰 발급 실패: ('Connection aborted.', RemoteDisconnected('Remote end closed connection without response'))
2026-06-22 00:00:20,055 [WARNING] __main__ — KIS 토큰 발급 실패: ('Connection aborted.', RemoteDisconnected('Remote end closed connection without response'))
2026-06-22 00:00:20,525 [WARNING] __main__ — KIS 토큰 발급 실패: ('Connection aborted.', RemoteDisconnected('Remote end closed connection without response'))
2026-06-22 00:00:20,985 [WARNING] __main__ — KIS 토큰 발급 실패: ('Connection aborted.', RemoteDisconnected('Remote end closed connection without response'))
2026-06-22 00:00:21,432 [WARNING] __main__ — KIS 토큰 발급 실패: ('Connection aborted.', RemoteDisconnected('Remote end closed connection without response'))
2026-06-22 00:00:21,878 [WARNING] __main__ — KIS 토큰 발급 실패: ('Connection aborted.', RemoteDisconnected('Remote end closed connection without response'))
2026-06-22 00:00:22,348 [WARNING] __main__ — KIS 토큰 발급 실패: ('Connection aborted.', RemoteDisconnected('Remote end closed connection without response'))
2026-06-22 00:00:22,804 [WARNING] __main__ — KIS 토큰 발급 실패: ('Connection aborted.', RemoteDisconnected('Remote end closed connection without response'))
2026-06-22 00:00:23,263 [WARNING] __main__ — KIS 토큰 발급 실패: ('Connection aborted.', RemoteDisconnected('Remote end closed connection without response'))
2026-06-22 00:00:23,723 [WARNING] __main__ — KIS 토큰 발급 실패: ('Connection aborted.', RemoteDisconnected('Remote end closed connection without response'))
2026-06-22 00:00:24,174 [WARNING] __main__ — KIS 토큰 발급 실패: ('Connection aborted.', RemoteDisconnected('Remote end closed connection without response'))
2026-06-22 00:00:24,625 [WARNING] __main__ — KIS 토큰 발급 실패: ('Connection aborted.', RemoteDisconnected('Remote end closed connection without response'))
2026-06-22 00:00:25,077 [WARNING] __main__ — KIS 토큰 발급 실패: ('Connection aborted.', RemoteDisconnected('Remote end closed connection without response'))
2026-06-22 00:00:25,536 [WARNING] __main__ — KIS 토큰 발급 실패: ('Connection aborted.', RemoteDisconnected('Remote end closed connection without response'))
2026-06-22 00:00:25,997 [WARNING] __main__ — KIS 토큰 발급 실패: ('Connection aborted.', RemoteDisconnected('Remote end closed connection without response'))
2026-06-22 00:00:26,446 [WARNING] __main__ — KIS 토큰 발급 실패: ('Connection aborted.', RemoteDisconnected('Remote end closed connection without response'))
2026-06-22 00:00:26,912 [WARNING] __main__ — KIS 토큰 발급 실패: ('Connection aborted.', RemoteDisconnected('Remote end closed connection without response'))
2026-06-22 00:00:27,374 [WARNING] __main__ — KIS 토큰 발급 실패: ('Connection aborted.', RemoteDisconnected('Remote end closed connection without response'))
2026-06-22 00:00:27,825 [WARNING] __main__ — KIS 토큰 발급 실패: ('Connection aborted.', RemoteDisconnected('Remote end closed connection without response'))
2026-06-22 00:00:28,280 [WARNING] __main__ — KIS 토큰 발급 실패: ('Connection aborted.', RemoteDisconnected('Remote end closed connection without response'))
2026-06-22 00:00:28,729 [WARNING] __main__ — KIS 토큰 발급 실패: ('Connection aborted.', RemoteDisconnected('Remote end closed connection without response'))
2026-06-22 00:00:29,180 [WARNING] __main__ — KIS 토큰 발급 실패: ('Connection aborted.', RemoteDisconnected('Remote end closed connection without response'))
2026-06-22 00:00:29,656 [WARNING] __main__ — KIS 토큰 발급 실패: ('Connection aborted.', RemoteDisconnected('Remote end closed connection without response'))
2026-06-22 00:00:30,114 [WARNING] __main__ — KIS 토큰 발급 실패: ('Connection aborted.', RemoteDisconnected('Remote end closed connection without response'))
2026-06-22 00:00:30,573 [WARNING] __main__ — KIS 토큰 발급 실패: ('Connection aborted.', RemoteDisconnected('Remote end closed connection without response'))
2026-06-22 00:00:31,046 [WARNING] __main__ — KIS 토큰 발급 실패: ('Connection aborted.', RemoteDisconnected('Remote end closed connection without response'))
2026-06-22 00:00:31,521 [WARNING] __main__ — KIS 토큰 발급 실패: ('Connection aborted.', RemoteDisconnected('Remote end closed connection without response'))
2026-06-22 00:00:31,975 [WARNING] __main__ — KIS 토큰 발급 실패: ('Connection aborted.', RemoteDisconnected('Remote end closed connection without response'))
2026-06-22 00:00:32,432 [WARNING] __main__ — KIS 토큰 발급 실패: ('Connection aborted.', RemoteDisconnected('Remote end closed connection without response'))
2026-06-22 00:00:32,884 [WARNING] __main__ — KIS 토큰 발급 실패: ('Connection aborted.', RemoteDisconnected('Remote end closed connection without response'))
2026-06-22 00:00:33,335 [WARNING] __main__ — KIS 토큰 발급 실패: ('Connection aborted.', RemoteDisconnected('Remote end closed connection without response'))
2026-06-22 00:00:33,798 [WARNING] __main__ — KIS 토큰 발급 실패: ('Connection aborted.', RemoteDisconnected('Remote end closed connection without response'))
2026-06-22 00:00:34,258 [WARNING] __main__ — KIS 토큰 발급 실패: ('Connection aborted.', RemoteDisconnected('Remote end closed connection without response'))
2026-06-22 00:00:34,711 [WARNING] __main__ — KIS 토큰 발급 실패: ('Connection aborted.', RemoteDisconnected('Remote end closed connection without response'))
2026-06-22 00:00:35,163 [WARNING] __main__ — KIS 토큰 발급 실패: ('Connection aborted.', RemoteDisconnected('Remote end closed connection without response'))
2026-06-22 00:00:35,619 [WARNING] __main__ — KIS 토큰 발급 실패: ('Connection aborted.', RemoteDisconnected('Remote end closed connection without response'))
2026-06-22 00:00:36,075 [WARNING] __main__ — KIS 토큰 발급 실패: ('Connection aborted.', RemoteDisconnected('Remote end closed connection without response'))
2026-06-22 00:00:36,538 [WARNING] __main__ — KIS 토큰 발급 실패: ('Connection aborted.', RemoteDisconnected('Remote end closed connection without response'))
2026-06-22 00:00:37,005 [WARNING] __main__ — KIS 토큰 발급 실패: ('Connection aborted.', RemoteDisconnected('Remote end closed connection without response'))
2026-06-22 00:00:37,464 [WARNING] __main__ — KIS 토큰 발급 실패: ('Connection aborted.', RemoteDisconnected('Remote end closed connection without response'))
2026-06-22 00:00:37,906 [WARNING] __main__ — KIS 토큰 발급 실패: ('Connection aborted.', RemoteDisconnected('Remote end closed connection without response'))
2026-06-22 00:00:38,371 [WARNING] __main__ — KIS 토큰 발급 실패: ('Connection aborted.', RemoteDisconnected('Remote end closed connection without response'))
2026-06-22 00:00:38,819 [WARNING] __main__ — KIS 토큰 발급 실패: ('Connection aborted.', RemoteDisconnected('Remote end closed connection without response'))
2026-06-22 00:00:39,274 [WARNING] __main__ — KIS 토큰 발급 실패: ('Connection aborted.', RemoteDisconnected('Remote end closed connection without response'))
2026-06-22 00:00:39,732 [WARNING] __main__ — KIS 토큰 발급 실패: ('Connection aborted.', RemoteDisconnected('Remote end closed connection without response'))
2026-06-22 00:00:40,182 [WARNING] __main__ — KIS 토큰 발급 실패: ('Connection aborted.', RemoteDisconnected('Remote end closed connection without response'))
2026-06-22 00:00:40,634 [WARNING] __main__ — KIS 토큰 발급 실패: ('Connection aborted.', RemoteDisconnected('Remote end closed connection without response'))
2026-06-22 00:00:41,093 [WARNING] __main__ — KIS 토큰 발급 실패: ('Connection aborted.', RemoteDisconnected('Remote end closed connection without response'))
2026-06-22 00:00:41,542 [WARNING] __main__ — KIS 토큰 발급 실패: ('Connection aborted.', RemoteDisconnected('Remote end closed connection without response'))
2026-06-22 00:00:41,996 [WARNING] __main__ — KIS 토큰 발급 실패: ('Connection aborted.', RemoteDisconnected('Remote end closed connection without response'))
2026-06-22 00:00:42,460 [WARNING] __main__ — KIS 토큰 발급 실패: ('Connection aborted.', RemoteDisconnected('Remote end closed connection without response'))
2026-06-22 00:00:42,914 [WARNING] __main__ — KIS 토큰 발급 실패: ('Connection aborted.', RemoteDisconnected('Remote end closed connection without response'))
2026-06-22 00:00:43,368 [WARNING] __main__ — KIS 토큰 발급 실패: ('Connection aborted.', RemoteDisconnected('Remote end closed connection without response'))
2026-06-22 00:00:43,828 [WARNING] __main__ — KIS 토큰 발급 실패: ('Connection aborted.', RemoteDisconnected('Remote end closed connection without response'))
2026-06-22 00:00:44,277 [WARNING] __main__ — KIS 토큰 발급 실패: ('Connection aborted.', RemoteDisconnected('Remote end closed connection without response'))
2026-06-22 00:00:44,743 [WARNING] __main__ — KIS 토큰 발급 실패: ('Connection aborted.', RemoteDisconnected('Remote end closed connection without response'))
2026-06-22 00:00:45,209 [WARNING] __main__ — KIS 토큰 발급 실패: ('Connection aborted.', RemoteDisconnected('Remote end closed connection without response'))
2026-06-22 00:00:45,662 [WARNING] __main__ — KIS 토큰 발급 실패: ('Connection aborted.', RemoteDisconnected('Remote end closed connection without response'))
2026-06-22 00:00:46,131 [WARNING] __main__ — KIS 토큰 발급 실패: ('Connection aborted.', RemoteDisconnected('Remote end closed connection without response'))
2026-06-22 00:00:46,613 [WARNING] __main__ — KIS 토큰 발급 실패: ('Connection aborted.', RemoteDisconnected('Remote end closed connection without response'))
2026-06-22 00:00:47,097 [WARNING] __main__ — KIS 토큰 발급 실패: ('Connection aborted.', RemoteDisconnected('Remote end closed connection without response'))
2026-06-22 00:00:47,568 [WARNING] __main__ — KIS 토큰 발급 실패: ('Connection aborted.', RemoteDisconnected('Remote end closed connection without response'))
2026-06-22 00:00:48,027 [WARNING] __main__ — KIS 토큰 발급 실패: ('Connection aborted.', RemoteDisconnected('Remote end closed connection without response'))
2026-06-22 00:00:48,510 [WARNING] __main__ — KIS 토큰 발급 실패: ('Connection aborted.', RemoteDisconnected('Remote end closed connection without response'))
2026-06-22 00:00:48,971 [WARNING] __main__ — KIS 토큰 발급 실패: ('Connection aborted.', RemoteDisconnected('Remote end closed connection without response'))
2026-06-22 00:00:49,453 [WARNING] __main__ — KIS 토큰 발급 실패: ('Connection aborted.', RemoteDisconnected('Remote end closed connection without response'))
2026-06-22 00:00:49,902 [WARNING] __main__ — KIS 토큰 발급 실패: ('Connection aborted.', RemoteDisconnected('Remote end closed connection without response'))
2026-06-22 00:00:50,363 [WARNING] __main__ — KIS 토큰 발급 실패: ('Connection aborted.', RemoteDisconnected('Remote end closed connection without response'))
2026-06-22 00:00:50,823 [WARNING] __main__ — KIS 토큰 발급 실패: ('Connection aborted.', RemoteDisconnected('Remote end closed connection without response'))
2026-06-22 00:00:51,273 [WARNING] __main__ — KIS 토큰 발급 실패: ('Connection aborted.', RemoteDisconnected('Remote end closed connection without response'))
2026-06-22 00:00:51,737 [WARNING] __main__ — KIS 토큰 발급 실패: ('Connection aborted.', RemoteDisconnected('Remote end closed connection without response'))
2026-06-22 00:00:52,198 [WARNING] __main__ — KIS 토큰 발급 실패: ('Connection aborted.', RemoteDisconnected('Remote end closed connection without response'))
2026-06-22 00:00:52,662 [WARNING] __main__ — KIS 토큰 발급 실패: ('Connection aborted.', RemoteDisconnected('Remote end closed connection without response'))
2026-06-22 00:00:53,115 [WARNING] __main__ — KIS 토큰 발급 실패: ('Connection aborted.', RemoteDisconnected('Remote end closed connection without response'))
2026-06-22 00:00:53,570 [WARNING] __main__ — KIS 토큰 발급 실패: ('Connection aborted.', RemoteDisconnected('Remote end closed connection without response'))
2026-06-22 00:00:54,019 [WARNING] __main__ — KIS 토큰 발급 실패: ('Connection aborted.', RemoteDisconnected('Remote end closed connection without response'))
2026-06-22 00:00:54,467 [WARNING] __main__ — KIS 토큰 발급 실패: ('Connection aborted.', RemoteDisconnected('Remote end closed connection without response'))
2026-06-22 00:00:54,943 [WARNING] __main__ — KIS 토큰 발급 실패: ('Connection aborted.', RemoteDisconnected('Remote end closed connection without response'))
2026-06-22 00:00:55,397 [WARNING] __main__ — KIS 토큰 발급 실패: ('Connection aborted.', RemoteDisconnected('Remote end closed connection without response'))
2026-06-22 00:00:55,846 [WARNING] __main__ — KIS 토큰 발급 실패: ('Connection aborted.', RemoteDisconnected('Remote end closed connection without response'))
2026-06-22 00:00:56,319 [WARNING] __main__ — KIS 토큰 발급 실패: ('Connection aborted.', RemoteDisconnected('Remote end closed connection without response'))
2026-06-22 00:00:56,779 [WARNING] __main__ — KIS 토큰 발급 실패: ('Connection aborted.', RemoteDisconnected('Remote end closed connection without response'))
2026-06-22 00:00:57,239 [WARNING] __main__ — KIS 토큰 발급 실패: ('Connection aborted.', RemoteDisconnected('Remote end closed connection without response'))
2026-06-22 00:00:57,688 [WARNING] __main__ — KIS 토큰 발급 실패: ('Connection aborted.', RemoteDisconnected('Remote end closed connection without response'))
2026-06-22 00:00:58,131 [WARNING] __main__ — KIS 토큰 발급 실패: ('Connection aborted.', RemoteDisconnected('Remote end closed connection without response'))
2026-06-22 00:00:58,581 [WARNING] __main__ — KIS 토큰 발급 실패: ('Connection aborted.', RemoteDisconnected('Remote end closed connection without response'))
2026-06-22 00:00:59,041 [WARNING] __main__ — KIS 토큰 발급 실패: ('Connection aborted.', RemoteDisconnected('Remote end closed connection without response'))
2026-06-22 00:00:59,492 [WARNING] __main__ — KIS 토큰 발급 실패: ('Connection aborted.', RemoteDisconnected('Remote end closed connection without response'))
2026-06-22 00:00:59,952 [WARNING] __main__ — KIS 토큰 발급 실패: ('Connection aborted.', RemoteDisconnected('Remote end closed connection without response'))
2026-06-22 00:01:00,416 [WARNING] __main__ — KIS 토큰 발급 실패: ('Connection aborted.', RemoteDisconnected('Remote end closed connection without response'))
2026-06-22 00:01:00,861 [WARNING] __main__ — KIS 토큰 발급 실패: ('Connection aborted.', RemoteDisconnected('Remote end closed connection without response'))
2026-06-22 00:01:01,326 [WARNING] __main__ — KIS 토큰 발급 실패: ('Connection aborted.', RemoteDisconnected('Remote end closed connection without response'))
2026-06-22 00:01:01,804 [WARNING] __main__ — KIS 토큰 발급 실패: ('Connection aborted.', RemoteDisconnected('Remote end closed connection without response'))
2026-06-22 00:01:02,269 [WARNING] __main__ — KIS 토큰 발급 실패: ('Connection aborted.', RemoteDisconnected('Remote end closed connection without response'))
2026-06-22 00:01:02,717 [WARNING] __main__ — KIS 토큰 발급 실패: ('Connection aborted.', RemoteDisconnected('Remote end closed connection without response'))
2026-06-22 00:01:03,151 [WARNING] __main__ — KIS 토큰 발급 실패: ('Connection aborted.', RemoteDisconnected('Remote end closed connection without response'))
2026-06-22 00:01:03,621 [WARNING] __main__ — KIS 토큰 발급 실패: ('Connection aborted.', RemoteDisconnected('Remote end closed connection without response'))
2026-06-22 00:01:04,077 [WARNING] __main__ — KIS 토큰 발급 실패: ('Connection aborted.', RemoteDisconnected('Remote end closed connection without response'))
2026-06-22 00:01:04,531 [WARNING] __main__ — KIS 토큰 발급 실패: ('Connection aborted.', RemoteDisconnected('Remote end closed connection without response'))
2026-06-22 00:01:04,996 [WARNING] __main__ — KIS 토큰 발급 실패: ('Connection aborted.', RemoteDisconnected('Remote end closed connection without response'))
2026-06-22 00:01:05,451 [WARNING] __main__ — KIS 토큰 발급 실패: ('Connection aborted.', RemoteDisconnected('Remote end closed connection without response'))
2026-06-22 00:01:05,923 [WARNING] __main__ — KIS 토큰 발급 실패: ('Connection aborted.', RemoteDisconnected('Remote end closed connection without response'))
2026-06-22 00:01:06,375 [WARNING] __main__ — KIS 토큰 발급 실패: ('Connection aborted.', RemoteDisconnected('Remote end closed connection without response'))
2026-06-22 00:01:06,839 [WARNING] __main__ — KIS 토큰 발급 실패: ('Connection aborted.', RemoteDisconnected('Remote end closed connection without response'))
2026-06-22 00:01:07,294 [WARNING] __main__ — KIS 토큰 발급 실패: ('Connection aborted.', RemoteDisconnected('Remote end closed connection without response'))
2026-06-22 00:01:07,768 [WARNING] __main__ — KIS 토큰 발급 실패: ('Connection aborted.', RemoteDisconnected('Remote end closed connection without response'))
2026-06-22 00:01:08,236 [WARNING] __main__ — KIS 토큰 발급 실패: ('Connection aborted.', RemoteDisconnected('Remote end closed connection without response'))
2026-06-22 00:01:08,713 [WARNING] __main__ — KIS 토큰 발급 실패: ('Connection aborted.', RemoteDisconnected('Remote end closed connection without response'))
2026-06-22 00:01:09,186 [WARNING] __main__ — KIS 토큰 발급 실패: ('Connection aborted.', RemoteDisconnected('Remote end closed connection without response'))
2026-06-22 00:01:09,648 [WARNING] __main__ — KIS 토큰 발급 실패: ('Connection aborted.', RemoteDisconnected('Remote end closed connection without response'))
2026-06-22 00:01:10,106 [WARNING] __main__ — KIS 토큰 발급 실패: ('Connection aborted.', RemoteDisconnected('Remote end closed connection without response'))
2026-06-22 00:01:10,559 [WARNING] __main__ — KIS 토큰 발급 실패: ('Connection aborted.', RemoteDisconnected('Remote end closed connection without response'))
2026-06-22 00:01:11,019 [WARNING] __main__ — KIS 토큰 발급 실패: ('Connection aborted.', RemoteDisconnected('Remote end closed connection without response'))
2026-06-22 00:01:11,483 [WARNING] __main__ — KIS 토큰 발급 실패: ('Connection aborted.', RemoteDisconnected('Remote end closed connection without response'))
2026-06-22 00:01:11,949 [WARNING] __main__ — KIS 토큰 발급 실패: ('Connection aborted.', RemoteDisconnected('Remote end closed connection without response'))
2026-06-22 00:01:12,409 [WARNING] __main__ — KIS 토큰 발급 실패: ('Connection aborted.', RemoteDisconnected('Remote end closed connection without response'))
2026-06-22 00:01:12,867 [WARNING] __main__ — KIS 토큰 발급 실패: ('Connection aborted.', RemoteDisconnected('Remote end closed connection without response'))
2026-06-22 00:01:13,318 [WARNING] __main__ — KIS 토큰 발급 실패: ('Connection aborted.', RemoteDisconnected('Remote end closed connection without response'))
2026-06-22 00:01:13,768 [WARNING] __main__ — KIS 토큰 발급 실패: ('Connection aborted.', RemoteDisconnected('Remote end closed connection without response'))
2026-06-22 00:01:14,225 [WARNING] __main__ — KIS 토큰 발급 실패: ('Connection aborted.', RemoteDisconnected('Remote end closed connection without response'))
2026-06-22 00:01:14,680 [WARNING] __main__ — KIS 토큰 발급 실패: ('Connection aborted.', RemoteDisconnected('Remote end closed connection without response'))
2026-06-22 00:01:15,127 [WARNING] __main__ — KIS 토큰 발급 실패: ('Connection aborted.', RemoteDisconnected('Remote end closed connection without response'))
2026-06-22 00:01:15,582 [WARNING] __main__ — KIS 토큰 발급 실패: ('Connection aborted.', RemoteDisconnected('Remote end closed connection without response'))
2026-06-22 00:01:16,053 [WARNING] __main__ — KIS 토큰 발급 실패: ('Connection aborted.', RemoteDisconnected('Remote end closed connection without response'))
2026-06-22 00:01:16,507 [WARNING] __main__ — KIS 토큰 발급 실패: ('Connection aborted.', RemoteDisconnected('Remote end closed connection without response'))
2026-06-22 00:01:16,956 [WARNING] __main__ — KIS 토큰 발급 실패: ('Connection aborted.', RemoteDisconnected('Remote end closed connection without response'))
2026-06-22 00:01:17,419 [WARNING] __main__ — KIS 토큰 발급 실패: ('Connection aborted.', RemoteDisconnected('Remote end closed connection without response'))
2026-06-22 00:01:17,893 [WARNING] __main__ — KIS 토큰 발급 실패: ('Connection aborted.', RemoteDisconnected('Remote end closed connection without response'))
2026-06-22 00:01:18,346 [WARNING] __main__ — KIS 토큰 발급 실패: ('Connection aborted.', RemoteDisconnected('Remote end closed connection without response'))
2026-06-22 00:01:18,796 [WARNING] __main__ — KIS 토큰 발급 실패: ('Connection aborted.', RemoteDisconnected('Remote end closed connection without response'))
2026-06-22 00:01:19,255 [WARNING] __main__ — KIS 토큰 발급 실패: ('Connection aborted.', RemoteDisconnected('Remote end closed connection without response'))
2026-06-22 00:01:19,721 [WARNING] __main__ — KIS 토큰 발급 실패: ('Connection aborted.', RemoteDisconnected('Remote end closed connection without response'))
2026-06-22 00:01:20,184 [WARNING] __main__ — KIS 토큰 발급 실패: ('Connection aborted.', RemoteDisconnected('Remote end closed connection without response'))
2026-06-22 00:01:20,634 [WARNING] __main__ — KIS 토큰 발급 실패: ('Connection aborted.', RemoteDisconnected('Remote end closed connection without response'))
2026-06-22 00:01:21,099 [WARNING] __main__ — KIS 토큰 발급 실패: ('Connection aborted.', RemoteDisconnected('Remote end closed connection without response'))
2026-06-22 00:01:21,574 [WARNING] __main__ — KIS 토큰 발급 실패: ('Connection aborted.', RemoteDisconnected('Remote end closed connection without response'))
2026-06-22 00:01:22,032 [WARNING] __main__ — KIS 토큰 발급 실패: ('Connection aborted.', RemoteDisconnected('Remote end closed connection without response'))
2026-06-22 00:01:22,487 [WARNING] __main__ — KIS 토큰 발급 실패: ('Connection aborted.', RemoteDisconnected('Remote end closed connection without response'))
2026-06-22 00:01:22,947 [WARNING] __main__ — KIS 토큰 발급 실패: ('Connection aborted.', RemoteDisconnected('Remote end closed connection without response'))
2026-06-22 00:01:23,394 [WARNING] __main__ — KIS 토큰 발급 실패: ('Connection aborted.', RemoteDisconnected('Remote end closed connection without response'))
2026-06-22 00:01:23,848 [WARNING] __main__ — KIS 토큰 발급 실패: ('Connection aborted.', RemoteDisconnected('Remote end closed connection without response'))
2026-06-22 00:01:24,299 [WARNING] __main__ — KIS 토큰 발급 실패: ('Connection aborted.', RemoteDisconnected('Remote end closed connection without response'))
2026-06-22 00:01:24,756 [WARNING] __main__ — KIS 토큰 발급 실패: ('Connection aborted.', RemoteDisconnected('Remote end closed connection without response'))
2026-06-22 00:01:25,201 [WARNING] __main__ — KIS 토큰 발급 실패: ('Connection aborted.', RemoteDisconnected('Remote end closed connection without response'))
2026-06-22 00:01:25,672 [WARNING] __main__ — KIS 토큰 발급 실패: ('Connection aborted.', RemoteDisconnected('Remote end closed connection without response'))
2026-06-22 00:01:26,120 [WARNING] __main__ — KIS 토큰 발급 실패: ('Connection aborted.', RemoteDisconnected('Remote end closed connection without response'))
2026-06-22 00:01:26,574 [WARNING] __main__ — KIS 토큰 발급 실패: ('Connection aborted.', RemoteDisconnected('Remote end closed connection without response'))
2026-06-22 00:01:27,036 [WARNING] __main__ — KIS 토큰 발급 실패: ('Connection aborted.', RemoteDisconnected('Remote end closed connection without response'))
2026-06-22 00:01:27,481 [WARNING] __main__ — KIS 토큰 발급 실패: ('Connection aborted.', RemoteDisconnected('Remote end closed connection without response'))
2026-06-22 00:01:27,930 [WARNING] __main__ — KIS 토큰 발급 실패: ('Connection aborted.', RemoteDisconnected('Remote end closed connection without response'))
2026-06-22 00:01:28,413 [WARNING] __main__ — KIS 토큰 발급 실패: ('Connection aborted.', RemoteDisconnected('Remote end closed connection without response'))
2026-06-22 00:01:28,863 [WARNING] __main__ — KIS 토큰 발급 실패: ('Connection aborted.', RemoteDisconnected('Remote end closed connection without response'))
2026-06-22 00:01:29,312 [WARNING] __main__ — KIS 토큰 발급 실패: ('Connection aborted.', RemoteDisconnected('Remote end closed connection without response'))
2026-06-22 00:01:29,781 [WARNING] __main__ — KIS 토큰 발급 실패: ('Connection aborted.', RemoteDisconnected('Remote end closed connection without response'))
2026-06-22 00:01:30,241 [WARNING] __main__ — KIS 토큰 발급 실패: ('Connection aborted.', RemoteDisconnected('Remote end closed connection without response'))
2026-06-22 00:01:30,695 [WARNING] __main__ — KIS 토큰 발급 실패: ('Connection aborted.', RemoteDisconnected('Remote end closed connection without response'))
2026-06-22 00:01:31,157 [WARNING] __main__ — KIS 토큰 발급 실패: ('Connection aborted.', RemoteDisconnected('Remote end closed connection without response'))
2026-06-22 00:01:31,608 [WARNING] __main__ — KIS 토큰 발급 실패: ('Connection aborted.', RemoteDisconnected('Remote end closed connection without response'))
2026-06-22 00:01:32,078 [WARNING] __main__ — KIS 토큰 발급 실패: ('Connection aborted.', RemoteDisconnected('Remote end closed connection without response'))
2026-06-22 00:01:32,542 [WARNING] __main__ — KIS 토큰 발급 실패: ('Connection aborted.', RemoteDisconnected('Remote end closed connection without response'))
2026-06-22 00:01:33,002 [WARNING] __main__ — KIS 토큰 발급 실패: ('Connection aborted.', RemoteDisconnected('Remote end closed connection without response'))
2026-06-22 00:01:33,445 [WARNING] __main__ — KIS 토큰 발급 실패: ('Connection aborted.', RemoteDisconnected('Remote end closed connection without response'))
2026-06-22 00:01:33,908 [WARNING] __main__ — KIS 토큰 발급 실패: ('Connection aborted.', RemoteDisconnected('Remote end closed connection without response'))
2026-06-22 00:01:34,354 [WARNING] __main__ — KIS 토큰 발급 실패: ('Connection aborted.', RemoteDisconnected('Remote end closed connection without response'))
2026-06-22 00:01:34,803 [WARNING] __main__ — KIS 토큰 발급 실패: ('Connection aborted.', RemoteDisconnected('Remote end closed connection without response'))
2026-06-22 00:01:35,280 [WARNING] __main__ — KIS 토큰 발급 실패: ('Connection aborted.', RemoteDisconnected('Remote end closed connection without response'))
2026-06-22 00:01:35,742 [WARNING] __main__ — KIS 토큰 발급 실패: ('Connection aborted.', RemoteDisconnected('Remote end closed connection without response'))
2026-06-22 00:01:36,195 [WARNING] __main__ — KIS 토큰 발급 실패: ('Connection aborted.', RemoteDisconnected('Remote end closed connection without response'))
2026-06-22 00:01:36,639 [WARNING] __main__ — KIS 토큰 발급 실패: ('Connection aborted.', RemoteDisconnected('Remote end closed connection without response'))
2026-06-22 00:01:37,096 [WARNING] __main__ — KIS 토큰 발급 실패: ('Connection aborted.', RemoteDisconnected('Remote end closed connection without response'))
2026-06-22 00:01:37,560 [WARNING] __main__ — KIS 토큰 발급 실패: ('Connection aborted.', RemoteDisconnected('Remote end closed connection without response'))
2026-06-22 00:01:38,015 [WARNING] __main__ — KIS 토큰 발급 실패: ('Connection aborted.', RemoteDisconnected('Remote end closed connection without response'))
2026-06-22 00:01:38,466 [WARNING] __main__ — KIS 토큰 발급 실패: ('Connection aborted.', RemoteDisconnected('Remote end closed connection without response'))
2026-06-22 00:01:38,920 [WARNING] __main__ — KIS 토큰 발급 실패: ('Connection aborted.', RemoteDisconnected('Remote end closed connection without response'))
2026-06-22 00:01:39,378 [WARNING] __main__ — KIS 토큰 발급 실패: ('Connection aborted.', RemoteDisconnected('Remote end closed connection without response'))
2026-06-22 00:01:39,828 [WARNING] __main__ — KIS 토큰 발급 실패: ('Connection aborted.', RemoteDisconnected('Remote end closed connection without response'))
2026-06-22 00:01:40,277 [WARNING] __main__ — KIS 토큰 발급 실패: ('Connection aborted.', RemoteDisconnected('Remote end closed connection without response'))
2026-06-22 00:01:40,724 [WARNING] __main__ — KIS 토큰 발급 실패: ('Connection aborted.', RemoteDisconnected('Remote end closed connection without response'))
2026-06-22 00:01:41,174 [WARNING] __main__ — KIS 토큰 발급 실패: ('Connection aborted.', RemoteDisconnected('Remote end closed connection without response'))
2026-06-22 00:01:41,630 [WARNING] __main__ — KIS 토큰 발급 실패: ('Connection aborted.', RemoteDisconnected('Remote end closed connection without response'))
2026-06-22 00:01:42,084 [WARNING] __main__ — KIS 토큰 발급 실패: ('Connection aborted.', RemoteDisconnected('Remote end closed connection without response'))
2026-06-22 00:01:42,533 [WARNING] __main__ — KIS 토큰 발급 실패: ('Connection aborted.', RemoteDisconnected('Remote end closed connection without response'))
2026-06-22 00:01:43,013 [WARNING] __main__ — KIS 토큰 발급 실패: ('Connection aborted.', RemoteDisconnected('Remote end closed connection without response'))
2026-06-22 00:01:43,467 [WARNING] __main__ — KIS 토큰 발급 실패: ('Connection aborted.', RemoteDisconnected('Remote end closed connection without response'))
2026-06-22 00:01:43,928 [WARNING] __main__ — KIS 토큰 발급 실패: ('Connection aborted.', RemoteDisconnected('Remote end closed connection without response'))
2026-06-22 00:01:44,385 [WARNING] __main__ — KIS 토큰 발급 실패: ('Connection aborted.', RemoteDisconnected('Remote end closed connection without response'))
2026-06-22 00:01:44,850 [WARNING] __main__ — KIS 토큰 발급 실패: ('Connection aborted.', RemoteDisconnected('Remote end closed connection without response'))
2026-06-22 00:01:45,294 [WARNING] __main__ — KIS 토큰 발급 실패: ('Connection aborted.', RemoteDisconnected('Remote end closed connection without response'))
2026-06-22 00:01:45,746 [WARNING] __main__ — KIS 토큰 발급 실패: ('Connection aborted.', RemoteDisconnected('Remote end closed connection without response'))
2026-06-22 00:01:46,194 [WARNING] __main__ — KIS 토큰 발급 실패: ('Connection aborted.', RemoteDisconnected('Remote end closed connection without response'))
2026-06-22 00:01:46,641 [WARNING] __main__ — KIS 토큰 발급 실패: ('Connection aborted.', RemoteDisconnected('Remote end closed connection without response'))
2026-06-22 00:01:47,113 [WARNING] __main__ — KIS 토큰 발급 실패: ('Connection aborted.', RemoteDisconnected('Remote end closed connection without response'))
2026-06-22 00:01:47,564 [WARNING] __main__ — KIS 토큰 발급 실패: ('Connection aborted.', RemoteDisconnected('Remote end closed connection without response'))
2026-06-22 00:01:48,022 [WARNING] __main__ — KIS 토큰 발급 실패: ('Connection aborted.', RemoteDisconnected('Remote end closed connection without response'))
2026-06-22 00:01:48,467 [WARNING] __main__ — KIS 토큰 발급 실패: ('Connection aborted.', RemoteDisconnected('Remote end closed connection without response'))
2026-06-22 00:01:48,919 [WARNING] __main__ — KIS 토큰 발급 실패: ('Connection aborted.', RemoteDisconnected('Remote end closed connection without response'))
2026-06-22 00:01:49,374 [WARNING] __main__ — KIS 토큰 발급 실패: ('Connection aborted.', RemoteDisconnected('Remote end closed connection without response'))
2026-06-22 00:01:49,836 [WARNING] __main__ — KIS 토큰 발급 실패: ('Connection aborted.', RemoteDisconnected('Remote end closed connection without response'))
2026-06-22 00:01:50,285 [WARNING] __main__ — KIS 토큰 발급 실패: ('Connection aborted.', RemoteDisconnected('Remote end closed connection without response'))
2026-06-22 00:01:50,743 [WARNING] __main__ — KIS 토큰 발급 실패: ('Connection aborted.', RemoteDisconnected('Remote end closed connection without response'))
2026-06-22 00:01:51,198 [WARNING] __main__ — KIS 토큰 발급 실패: ('Connection aborted.', RemoteDisconnected('Remote end closed connection without response'))
2026-06-22 00:01:51,639 [WARNING] __main__ — KIS 토큰 발급 실패: ('Connection aborted.', RemoteDisconnected('Remote end closed connection without response'))
2026-06-22 00:01:52,122 [WARNING] __main__ — KIS 토큰 발급 실패: ('Connection aborted.', RemoteDisconnected('Remote end closed connection without response'))
2026-06-22 00:01:52,570 [WARNING] __main__ — KIS 토큰 발급 실패: ('Connection aborted.', RemoteDisconnected('Remote end closed connection without response'))
2026-06-22 00:01:53,026 [WARNING] __main__ — KIS 토큰 발급 실패: ('Connection aborted.', RemoteDisconnected('Remote end closed connection without response'))
2026-06-22 00:01:53,475 [WARNING] __main__ — KIS 토큰 발급 실패: ('Connection aborted.', RemoteDisconnected('Remote end closed connection without response'))
2026-06-22 00:01:53,934 [WARNING] __main__ — KIS 토큰 발급 실패: ('Connection aborted.', RemoteDisconnected('Remote end closed connection without response'))
2026-06-22 00:01:54,404 [WARNING] __main__ — KIS 토큰 발급 실패: ('Connection aborted.', RemoteDisconnected('Remote end closed connection without response'))
2026-06-22 00:01:54,864 [WARNING] __main__ — KIS 토큰 발급 실패: ('Connection aborted.', RemoteDisconnected('Remote end closed connection without response'))
2026-06-22 00:01:55,342 [WARNING] __main__ — KIS 토큰 발급 실패: ('Connection aborted.', RemoteDisconnected('Remote end closed connection without response'))
2026-06-22 00:01:55,803 [WARNING] __main__ — KIS 토큰 발급 실패: ('Connection aborted.', RemoteDisconnected('Remote end closed connection without response'))
2026-06-22 00:01:56,279 [WARNING] __main__ — KIS 토큰 발급 실패: ('Connection aborted.', RemoteDisconnected('Remote end closed connection without response'))
2026-06-22 00:01:56,736 [WARNING] __main__ — KIS 토큰 발급 실패: ('Connection aborted.', RemoteDisconnected('Remote end closed connection without response'))
2026-06-22 00:01:57,191 [WARNING] __main__ — KIS 토큰 발급 실패: ('Connection aborted.', RemoteDisconnected('Remote end closed connection without response'))
2026-06-22 00:01:57,632 [WARNING] __main__ — KIS 토큰 발급 실패: ('Connection aborted.', RemoteDisconnected('Remote end closed connection without response'))
2026-06-22 00:01:58,100 [WARNING] __main__ — KIS 토큰 발급 실패: ('Connection aborted.', RemoteDisconnected('Remote end closed connection without response'))
2026-06-22 00:01:58,545 [WARNING] __main__ — KIS 토큰 발급 실패: ('Connection aborted.', RemoteDisconnected('Remote end closed connection without response'))
2026-06-22 00:01:59,003 [WARNING] __main__ — KIS 토큰 발급 실패: ('Connection aborted.', RemoteDisconnected('Remote end closed connection without response'))
2026-06-22 00:01:59,455 [WARNING] __main__ — KIS 토큰 발급 실패: ('Connection aborted.', RemoteDisconnected('Remote end closed connection without response'))
2026-06-22 00:01:59,911 [WARNING] __main__ — KIS 토큰 발급 실패: ('Connection aborted.', RemoteDisconnected('Remote end closed connection without response'))
2026-06-22 00:02:00,366 [WARNING] __main__ — KIS 토큰 발급 실패: ('Connection aborted.', RemoteDisconnected('Remote end closed connection without response'))
2026-06-22 00:02:00,822 [WARNING] __main__ — KIS 토큰 발급 실패: ('Connection aborted.', RemoteDisconnected('Remote end closed connection without response'))
2026-06-22 00:02:01,266 [WARNING] __main__ — KIS 토큰 발급 실패: ('Connection aborted.', RemoteDisconnected('Remote end closed connection without response'))
2026-06-22 00:02:01,741 [WARNING] __main__ — KIS 토큰 발급 실패: ('Connection aborted.', RemoteDisconnected('Remote end closed connection without response'))
2026-06-22 00:02:02,212 [WARNING] __main__ — KIS 토큰 발급 실패: ('Connection aborted.', RemoteDisconnected('Remote end closed connection without response'))
2026-06-22 00:02:02,672 [WARNING] __main__ — KIS 토큰 발급 실패: ('Connection aborted.', RemoteDisconnected('Remote end closed connection without response'))
2026-06-22 00:02:03,109 [WARNING] __main__ — KIS 토큰 발급 실패: ('Connection aborted.', RemoteDisconnected('Remote end closed connection without response'))
2026-06-22 00:02:03,573 [WARNING] __main__ — KIS 토큰 발급 실패: ('Connection aborted.', RemoteDisconnected('Remote end closed connection without response'))
2026-06-22 00:02:04,034 [WARNING] __main__ — KIS 토큰 발급 실패: ('Connection aborted.', RemoteDisconnected('Remote end closed connection without response'))
2026-06-22 00:02:04,495 [WARNING] __main__ — KIS 토큰 발급 실패: ('Connection aborted.', RemoteDisconnected('Remote end closed connection without response'))
2026-06-22 00:02:04,957 [WARNING] __main__ — KIS 토큰 발급 실패: ('Connection aborted.', RemoteDisconnected('Remote end closed connection without response'))
2026-06-22 00:02:05,412 [WARNING] __main__ — KIS 토큰 발급 실패: ('Connection aborted.', RemoteDisconnected('Remote end closed connection without response'))
2026-06-22 00:02:05,867 [WARNING] __main__ — KIS 토큰 발급 실패: ('Connection aborted.', RemoteDisconnected('Remote end closed connection without response'))
2026-06-22 00:02:06,327 [WARNING] __main__ — KIS 토큰 발급 실패: ('Connection aborted.', RemoteDisconnected('Remote end closed connection without response'))
2026-06-22 00:02:06,776 [WARNING] __main__ — KIS 토큰 발급 실패: ('Connection aborted.', RemoteDisconnected('Remote end closed connection without response'))
2026-06-22 00:02:07,232 [WARNING] __main__ — KIS 토큰 발급 실패: ('Connection aborted.', RemoteDisconnected('Remote end closed connection without response'))
2026-06-22 00:02:07,683 [WARNING] __main__ — KIS 토큰 발급 실패: ('Connection aborted.', RemoteDisconnected('Remote end closed connection without response'))
2026-06-22 00:02:08,129 [WARNING] __main__ — KIS 토큰 발급 실패: ('Connection aborted.', RemoteDisconnected('Remote end closed connection without response'))
2026-06-22 00:02:08,603 [WARNING] __main__ — KIS 토큰 발급 실패: ('Connection aborted.', RemoteDisconnected('Remote end closed connection without response'))
2026-06-22 00:02:09,072 [WARNING] __main__ — KIS 토큰 발급 실패: ('Connection aborted.', RemoteDisconnected('Remote end closed connection without response'))
2026-06-22 00:02:09,517 [WARNING] __main__ — KIS 토큰 발급 실패: ('Connection aborted.', RemoteDisconnected('Remote end closed connection without response'))
2026-06-22 00:02:09,977 [WARNING] __main__ — KIS 토큰 발급 실패: ('Connection aborted.', RemoteDisconnected('Remote end closed connection without response'))
2026-06-22 00:02:10,447 [WARNING] __main__ — KIS 토큰 발급 실패: ('Connection aborted.', RemoteDisconnected('Remote end closed connection without response'))
2026-06-22 00:02:10,898 [WARNING] __main__ — KIS 토큰 발급 실패: ('Connection aborted.', RemoteDisconnected('Remote end closed connection without response'))
2026-06-22 00:02:11,373 [WARNING] __main__ — KIS 토큰 발급 실패: ('Connection aborted.', RemoteDisconnected('Remote end closed connection without response'))
2026-06-22 00:02:11,825 [WARNING] __main__ — KIS 토큰 발급 실패: ('Connection aborted.', RemoteDisconnected('Remote end closed connection without response'))
2026-06-22 00:02:12,321 [WARNING] __main__ — KIS 토큰 발급 실패: ('Connection aborted.', RemoteDisconnected('Remote end closed connection without response'))
2026-06-22 00:02:12,774 [WARNING] __main__ — KIS 토큰 발급 실패: ('Connection aborted.', RemoteDisconnected('Remote end closed connection without response'))
2026-06-22 00:02:13,240 [WARNING] __main__ — KIS 토큰 발급 실패: ('Connection aborted.', RemoteDisconnected('Remote end closed connection without response'))
2026-06-22 00:02:13,699 [WARNING] __main__ — KIS 토큰 발급 실패: ('Connection aborted.', RemoteDisconnected('Remote end closed connection without response'))
2026-06-22 00:02:14,169 [WARNING] __main__ — KIS 토큰 발급 실패: ('Connection aborted.', RemoteDisconnected('Remote end closed connection without response'))
2026-06-22 00:02:14,639 [WARNING] __main__ — KIS 토큰 발급 실패: ('Connection aborted.', RemoteDisconnected('Remote end closed connection without response'))
2026-06-22 00:02:15,099 [WARNING] __main__ — KIS 토큰 발급 실패: ('Connection aborted.', RemoteDisconnected('Remote end closed connection without response'))
2026-06-22 00:02:15,559 [WARNING] __main__ — KIS 토큰 발급 실패: ('Connection aborted.', RemoteDisconnected('Remote end closed connection without response'))
2026-06-22 00:02:16,023 [WARNING] __main__ — KIS 토큰 발급 실패: ('Connection aborted.', RemoteDisconnected('Remote end closed connection without response'))
2026-06-22 00:02:16,485 [WARNING] __main__ — KIS 토큰 발급 실패: ('Connection aborted.', RemoteDisconnected('Remote end closed connection without response'))
2026-06-22 00:02:16,951 [WARNING] __main__ — KIS 토큰 발급 실패: ('Connection aborted.', RemoteDisconnected('Remote end closed connection without response'))
2026-06-22 00:02:17,399 [WARNING] __main__ — KIS 토큰 발급 실패: ('Connection aborted.', RemoteDisconnected('Remote end closed connection without response'))
2026-06-22 00:02:17,862 [WARNING] __main__ — KIS 토큰 발급 실패: ('Connection aborted.', RemoteDisconnected('Remote end closed connection without response'))
2026-06-22 00:02:18,310 [WARNING] __main__ — KIS 토큰 발급 실패: ('Connection aborted.', RemoteDisconnected('Remote end closed connection without response'))
2026-06-22 00:02:18,771 [WARNING] __main__ — KIS 토큰 발급 실패: ('Connection aborted.', RemoteDisconnected('Remote end closed connection without response'))
2026-06-22 00:02:19,244 [WARNING] __main__ — KIS 토큰 발급 실패: ('Connection aborted.', RemoteDisconnected('Remote end closed connection without response'))
2026-06-22 00:02:19,694 [WARNING] __main__ — KIS 토큰 발급 실패: ('Connection aborted.', RemoteDisconnected('Remote end closed connection without response'))
2026-06-22 00:02:20,158 [WARNING] __main__ — KIS 토큰 발급 실패: ('Connection aborted.', RemoteDisconnected('Remote end closed connection without response'))
2026-06-22 00:02:20,601 [WARNING] __main__ — KIS 토큰 발급 실패: ('Connection aborted.', RemoteDisconnected('Remote end closed connection without response'))
2026-06-22 00:02:21,063 [WARNING] __main__ — KIS 토큰 발급 실패: ('Connection aborted.', RemoteDisconnected('Remote end closed connection without response'))
2026-06-22 00:02:21,535 [WARNING] __main__ — KIS 토큰 발급 실패: ('Connection aborted.', RemoteDisconnected('Remote end closed connection without response'))
2026-06-22 00:02:21,998 [WARNING] __main__ — KIS 토큰 발급 실패: ('Connection aborted.', RemoteDisconnected('Remote end closed connection without response'))
2026-06-22 00:02:22,471 [WARNING] __main__ — KIS 토큰 발급 실패: ('Connection aborted.', RemoteDisconnected('Remote end closed connection without response'))
2026-06-22 00:02:22,974 [WARNING] __main__ — KIS 토큰 발급 실패: ('Connection aborted.', RemoteDisconnected('Remote end closed connection without response'))
2026-06-22 00:02:31,063 [WARNING] __main__ — KIS 토큰 발급 실패: ('Connection aborted.', RemoteDisconnected('Remote end closed connection without response'))
2026-06-22 00:02:31,535 [WARNING] __main__ — KIS 토큰 발급 실패: ('Connection aborted.', RemoteDisconnected('Remote end closed connection without response'))
2026-06-22 00:02:31,990 [WARNING] __main__ — KIS 토큰 발급 실패: ('Connection aborted.', RemoteDisconnected('Remote end closed connection without response'))
2026-06-22 00:02:32,446 [WARNING] __main__ — KIS 토큰 발급 실패: ('Connection aborted.', RemoteDisconnected('Remote end closed connection without response'))
2026-06-22 00:02:32,906 [WARNING] __main__ — KIS 토큰 발급 실패: ('Connection aborted.', RemoteDisconnected('Remote end closed connection without response'))
2026-06-22 00:02:33,366 [WARNING] __main__ — KIS 토큰 발급 실패: ('Connection aborted.', RemoteDisconnected('Remote end closed connection without response'))
2026-06-22 00:02:33,843 [WARNING] __main__ — KIS 토큰 발급 실패: ('Connection aborted.', RemoteDisconnected('Remote end closed connection without response'))
2026-06-22 00:02:34,290 [WARNING] __main__ — KIS 토큰 발급 실패: ('Connection aborted.', RemoteDisconnected('Remote end closed connection without response'))
2026-06-22 00:02:34,740 [WARNING] __main__ — KIS 토큰 발급 실패: ('Connection aborted.', RemoteDisconnected('Remote end closed connection without response'))
2026-06-22 00:02:35,206 [WARNING] __main__ — KIS 토큰 발급 실패: ('Connection aborted.', RemoteDisconnected('Remote end closed connection without response'))
2026-06-22 00:02:35,664 [WARNING] __main__ — KIS 토큰 발급 실패: ('Connection aborted.', RemoteDisconnected('Remote end closed connection without response'))
2026-06-22 00:02:36,116 [WARNING] __main__ — KIS 토큰 발급 실패: ('Connection aborted.', RemoteDisconnected('Remote end closed connection without response'))
2026-06-22 00:02:36,566 [WARNING] __main__ — KIS 토큰 발급 실패: ('Connection aborted.', RemoteDisconnected('Remote end closed connection without response'))
2026-06-22 00:02:37,036 [WARNING] __main__ — KIS 토큰 발급 실패: ('Connection aborted.', RemoteDisconnected('Remote end closed connection without response'))
2026-06-22 00:02:37,497 [WARNING] __main__ — KIS 토큰 발급 실패: ('Connection aborted.', RemoteDisconnected('Remote end closed connection without response'))
2026-06-22 00:02:37,950 [WARNING] __main__ — KIS 토큰 발급 실패: ('Connection aborted.', RemoteDisconnected('Remote end closed connection without response'))
2026-06-22 00:02:38,417 [WARNING] __main__ — KIS 토큰 발급 실패: ('Connection aborted.', RemoteDisconnected('Remote end closed connection without response'))
2026-06-22 00:02:38,882 [WARNING] __main__ — KIS 토큰 발급 실패: ('Connection aborted.', RemoteDisconnected('Remote end closed connection without response'))
2026-06-22 00:02:39,322 [WARNING] __main__ — KIS 토큰 발급 실패: ('Connection aborted.', RemoteDisconnected('Remote end closed connection without response'))
2026-06-22 00:02:39,771 [WARNING] __main__ — KIS 토큰 발급 실패: ('Connection aborted.', RemoteDisconnected('Remote end closed connection without response'))
2026-06-22 00:02:40,244 [WARNING] __main__ — KIS 토큰 발급 실패: ('Connection aborted.', RemoteDisconnected('Remote end closed connection without response'))
2026-06-22 00:02:40,702 [WARNING] __main__ — KIS 토큰 발급 실패: ('Connection aborted.', RemoteDisconnected('Remote end closed connection without response'))
2026-06-22 00:02:41,174 [WARNING] __main__ — KIS 토큰 발급 실패: ('Connection aborted.', RemoteDisconnected('Remote end closed connection without response'))
2026-06-22 00:02:41,637 [WARNING] __main__ — KIS 토큰 발급 실패: ('Connection aborted.', RemoteDisconnected('Remote end closed connection without response'))
2026-06-22 00:02:42,114 [WARNING] __main__ — KIS 토큰 발급 실패: ('Connection aborted.', RemoteDisconnected('Remote end closed connection without response'))
2026-06-22 00:02:42,576 [WARNING] __main__ — KIS 토큰 발급 실패: ('Connection aborted.', RemoteDisconnected('Remote end closed connection without response'))
2026-06-22 00:02:43,035 [WARNING] __main__ — KIS 토큰 발급 실패: ('Connection aborted.', RemoteDisconnected('Remote end closed connection without response'))
2026-06-22 00:02:43,500 [WARNING] __main__ — KIS 토큰 발급 실패: ('Connection aborted.', RemoteDisconnected('Remote end closed connection without response'))
2026-06-22 00:02:43,963 [WARNING] __main__ — KIS 토큰 발급 실패: ('Connection aborted.', RemoteDisconnected('Remote end closed connection without response'))
2026-06-22 00:02:44,434 [WARNING] __main__ — KIS 토큰 발급 실패: ('Connection aborted.', RemoteDisconnected('Remote end closed connection without response'))
2026-06-22 00:02:44,903 [WARNING] __main__ — KIS 토큰 발급 실패: ('Connection aborted.', RemoteDisconnected('Remote end closed connection without response'))
2026-06-22 00:02:45,354 [WARNING] __main__ — KIS 토큰 발급 실패: ('Connection aborted.', RemoteDisconnected('Remote end closed connection without response'))
2026-06-22 00:02:45,805 [WARNING] __main__ — KIS 토큰 발급 실패: ('Connection aborted.', RemoteDisconnected('Remote end closed connection without response'))
2026-06-22 00:02:46,280 [WARNING] __main__ — KIS 토큰 발급 실패: ('Connection aborted.', RemoteDisconnected('Remote end closed connection without response'))
2026-06-22 00:02:46,728 [WARNING] __main__ — KIS 토큰 발급 실패: ('Connection aborted.', RemoteDisconnected('Remote end closed connection without response'))
2026-06-22 00:02:47,187 [WARNING] __main__ — KIS 토큰 발급 실패: ('Connection aborted.', RemoteDisconnected('Remote end closed connection without response'))
2026-06-22 00:02:47,663 [WARNING] __main__ — KIS 토큰 발급 실패: ('Connection aborted.', RemoteDisconnected('Remote end closed connection without response'))
2026-06-22 00:02:48,107 [WARNING] __main__ — KIS 토큰 발급 실패: ('Connection aborted.', RemoteDisconnected('Remote end closed connection without response'))
2026-06-22 00:02:48,575 [WARNING] __main__ — KIS 토큰 발급 실패: ('Connection aborted.', RemoteDisconnected('Remote end closed connection without response'))
2026-06-22 00:02:49,042 [WARNING] __main__ — KIS 토큰 발급 실패: ('Connection aborted.', RemoteDisconnected('Remote end closed connection without response'))
2026-06-22 00:02:49,522 [WARNING] __main__ — KIS 토큰 발급 실패: ('Connection aborted.', RemoteDisconnected('Remote end closed connection without response'))
2026-06-22 00:02:49,973 [WARNING] __main__ — KIS 토큰 발급 실패: ('Connection aborted.', RemoteDisconnected('Remote end closed connection without response'))
2026-06-22 00:02:50,439 [WARNING] __main__ — KIS 토큰 발급 실패: ('Connection aborted.', RemoteDisconnected('Remote end closed connection without response'))
2026-06-22 00:02:50,895 [WARNING] __main__ — KIS 토큰 발급 실패: ('Connection aborted.', RemoteDisconnected('Remote end closed connection without response'))
2026-06-22 00:02:51,361 [WARNING] __main__ — KIS 토큰 발급 실패: ('Connection aborted.', RemoteDisconnected('Remote end closed connection without response'))
2026-06-22 00:02:51,826 [WARNING] __main__ — KIS 토큰 발급 실패: ('Connection aborted.', RemoteDisconnected('Remote end closed connection without response'))
2026-06-22 00:02:52,287 [WARNING] __main__ — KIS 토큰 발급 실패: ('Connection aborted.', RemoteDisconnected('Remote end closed connection without response'))
2026-06-22 00:02:52,742 [WARNING] __main__ — KIS 토큰 발급 실패: ('Connection aborted.', RemoteDisconnected('Remote end closed connection without response'))
2026-06-22 00:02:53,203 [WARNING] __main__ — KIS 토큰 발급 실패: ('Connection aborted.', RemoteDisconnected('Remote end closed connection without response'))
2026-06-22 00:02:53,670 [WARNING] __main__ — KIS 토큰 발급 실패: ('Connection aborted.', RemoteDisconnected('Remote end closed connection without response'))
2026-06-22 00:02:54,169 [WARNING] __main__ — KIS 토큰 발급 실패: ('Connection aborted.', RemoteDisconnected('Remote end closed connection without response'))
2026-06-22 00:02:54,705 [WARNING] __main__ — KIS 토큰 발급 실패: ('Connection aborted.', RemoteDisconnected('Remote end closed connection without response'))
2026-06-22 00:02:55,175 [WARNING] __main__ — KIS 토큰 발급 실패: ('Connection aborted.', RemoteDisconnected('Remote end closed connection without response'))
2026-06-22 00:02:55,652 [WARNING] __main__ — KIS 토큰 발급 실패: ('Connection aborted.', RemoteDisconnected('Remote end closed connection without response'))
2026-06-22 00:02:56,121 [WARNING] __main__ — KIS 토큰 발급 실패: ('Connection aborted.', RemoteDisconnected('Remote end closed connection without response'))
2026-06-22 00:02:56,569 [WARNING] __main__ — KIS 토큰 발급 실패: ('Connection aborted.', RemoteDisconnected('Remote end closed connection without response'))
2026-06-22 00:02:57,026 [WARNING] __main__ — KIS 토큰 발급 실패: ('Connection aborted.', RemoteDisconnected('Remote end closed connection without response'))
2026-06-22 00:02:57,475 [WARNING] __main__ — KIS 토큰 발급 실패: ('Connection aborted.', RemoteDisconnected('Remote end closed connection without response'))
2026-06-22 00:02:57,968 [WARNING] __main__ — KIS 토큰 발급 실패: ('Connection aborted.', RemoteDisconnected('Remote end closed connection without response'))
2026-06-22 00:02:58,460 [WARNING] __main__ — KIS 토큰 발급 실패: ('Connection aborted.', RemoteDisconnected('Remote end closed connection without response'))
2026-06-22 00:02:58,943 [WARNING] __main__ — KIS 토큰 발급 실패: ('Connection aborted.', RemoteDisconnected('Remote end closed connection without response'))
2026-06-22 00:02:59,381 [WARNING] __main__ — KIS 토큰 발급 실패: ('Connection aborted.', RemoteDisconnected('Remote end closed connection without response'))
2026-06-22 00:02:59,851 [WARNING] __main__ — KIS 토큰 발급 실패: ('Connection aborted.', RemoteDisconnected('Remote end closed connection without response'))
2026-06-22 00:03:00,360 [WARNING] __main__ — KIS 토큰 발급 실패: ('Connection aborted.', RemoteDisconnected('Remote end closed connection without response'))
2026-06-22 00:03:00,815 [WARNING] __main__ — KIS 토큰 발급 실패: ('Connection aborted.', RemoteDisconnected('Remote end closed connection without response'))
2026-06-22 00:03:01,271 [WARNING] __main__ — KIS 토큰 발급 실패: ('Connection aborted.', RemoteDisconnected('Remote end closed connection without response'))
2026-06-22 00:03:01,739 [WARNING] __main__ — KIS 토큰 발급 실패: ('Connection aborted.', RemoteDisconnected('Remote end closed connection without response'))
2026-06-22 00:03:02,190 [WARNING] __main__ — KIS 토큰 발급 실패: ('Connection aborted.', RemoteDisconnected('Remote end closed connection without response'))
2026-06-22 00:03:02,645 [WARNING] __main__ — KIS 토큰 발급 실패: ('Connection aborted.', RemoteDisconnected('Remote end closed connection without response'))
2026-06-22 00:03:03,104 [WARNING] __main__ — KIS 토큰 발급 실패: ('Connection aborted.', RemoteDisconnected('Remote end closed connection without response'))
2026-06-22 00:03:03,566 [WARNING] __main__ — KIS 토큰 발급 실패: ('Connection aborted.', RemoteDisconnected('Remote end closed connection without response'))
2026-06-22 00:03:04,022 [WARNING] __main__ — KIS 토큰 발급 실패: ('Connection aborted.', RemoteDisconnected('Remote end closed connection without response'))
2026-06-22 00:03:04,499 [WARNING] __main__ — KIS 토큰 발급 실패: ('Connection aborted.', RemoteDisconnected('Remote end closed connection without response'))
2026-06-22 00:03:04,975 [WARNING] __main__ — KIS 토큰 발급 실패: ('Connection aborted.', RemoteDisconnected('Remote end closed connection without response'))
2026-06-22 00:03:05,433 [WARNING] __main__ — KIS 토큰 발급 실패: ('Connection aborted.', RemoteDisconnected('Remote end closed connection without response'))
2026-06-22 00:03:05,887 [WARNING] __main__ — KIS 토큰 발급 실패: ('Connection aborted.', RemoteDisconnected('Remote end closed connection without response'))
2026-06-22 00:03:06,345 [WARNING] __main__ — KIS 토큰 발급 실패: ('Connection aborted.', RemoteDisconnected('Remote end closed connection without response'))
2026-06-22 00:03:06,806 [WARNING] __main__ — KIS 토큰 발급 실패: ('Connection aborted.', RemoteDisconnected('Remote end closed connection without response'))
2026-06-22 00:03:07,256 [WARNING] __main__ — KIS 토큰 발급 실패: ('Connection aborted.', RemoteDisconnected('Remote end closed connection without response'))
2026-06-22 00:03:07,719 [WARNING] __main__ — KIS 토큰 발급 실패: ('Connection aborted.', RemoteDisconnected('Remote end closed connection without response'))
2026-06-22 00:03:08,184 [WARNING] __main__ — KIS 토큰 발급 실패: ('Connection aborted.', RemoteDisconnected('Remote end closed connection without response'))
2026-06-22 00:03:08,643 [WARNING] __main__ — KIS 토큰 발급 실패: ('Connection aborted.', RemoteDisconnected('Remote end closed connection without response'))
2026-06-22 00:03:09,092 [WARNING] __main__ — KIS 토큰 발급 실패: ('Connection aborted.', RemoteDisconnected('Remote end closed connection without response'))
2026-06-22 00:03:09,541 [WARNING] __main__ — KIS 토큰 발급 실패: ('Connection aborted.', RemoteDisconnected('Remote end closed connection without response'))
2026-06-22 00:03:09,994 [WARNING] __main__ — KIS 토큰 발급 실패: ('Connection aborted.', RemoteDisconnected('Remote end closed connection without response'))
2026-06-22 00:03:10,466 [WARNING] __main__ — KIS 토큰 발급 실패: ('Connection aborted.', RemoteDisconnected('Remote end closed connection without response'))
2026-06-22 00:03:10,934 [WARNING] __main__ — KIS 토큰 발급 실패: ('Connection aborted.', RemoteDisconnected('Remote end closed connection without response'))
2026-06-22 00:03:11,398 [WARNING] __main__ — KIS 토큰 발급 실패: ('Connection aborted.', RemoteDisconnected('Remote end closed connection without response'))
2026-06-22 00:03:11,841 [WARNING] __main__ — KIS 토큰 발급 실패: ('Connection aborted.', RemoteDisconnected('Remote end closed connection without response'))
2026-06-22 00:03:12,292 [WARNING] __main__ — KIS 토큰 발급 실패: ('Connection aborted.', RemoteDisconnected('Remote end closed connection without response'))
2026-06-22 00:03:12,748 [WARNING] __main__ — KIS 토큰 발급 실패: ('Connection aborted.', RemoteDisconnected('Remote end closed connection without response'))
2026-06-22 00:03:13,235 [WARNING] __main__ — KIS 토큰 발급 실패: ('Connection aborted.', RemoteDisconnected('Remote end closed connection without response'))
2026-06-22 00:03:13,693 [WARNING] __main__ — KIS 토큰 발급 실패: ('Connection aborted.', RemoteDisconnected('Remote end closed connection without response'))
2026-06-22 00:03:14,164 [WARNING] __main__ — KIS 토큰 발급 실패: ('Connection aborted.', RemoteDisconnected('Remote end closed connection without response'))
2026-06-22 00:03:14,636 [WARNING] __main__ — KIS 토큰 발급 실패: ('Connection aborted.', RemoteDisconnected('Remote end closed connection without response'))
2026-06-22 00:03:15,094 [WARNING] __main__ — KIS 토큰 발급 실패: ('Connection aborted.', RemoteDisconnected('Remote end closed connection without response'))
2026-06-22 00:03:15,565 [WARNING] __main__ — KIS 토큰 발급 실패: ('Connection aborted.', RemoteDisconnected('Remote end closed connection without response'))
2026-06-22 00:03:16,049 [WARNING] __main__ — KIS 토큰 발급 실패: ('Connection aborted.', RemoteDisconnected('Remote end closed connection without response'))
2026-06-22 00:03:16,506 [WARNING] __main__ — KIS 토큰 발급 실패: ('Connection aborted.', RemoteDisconnected('Remote end closed connection without response'))
2026-06-22 00:03:16,969 [WARNING] __main__ — KIS 토큰 발급 실패: ('Connection aborted.', RemoteDisconnected('Remote end closed connection without response'))
2026-06-22 00:03:17,434 [WARNING] __main__ — KIS 토큰 발급 실패: ('Connection aborted.', RemoteDisconnected('Remote end closed connection without response'))
2026-06-22 00:03:17,889 [WARNING] __main__ — KIS 토큰 발급 실패: ('Connection aborted.', RemoteDisconnected('Remote end closed connection without response'))
2026-06-22 00:03:18,349 [WARNING] __main__ — KIS 토큰 발급 실패: ('Connection aborted.', RemoteDisconnected('Remote end closed connection without response'))
2026-06-22 00:03:18,803 [WARNING] __main__ — KIS 토큰 발급 실패: ('Connection aborted.', RemoteDisconnected('Remote end closed connection without response'))
2026-06-22 00:03:19,260 [WARNING] __main__ — KIS 토큰 발급 실패: ('Connection aborted.', RemoteDisconnected('Remote end closed connection without response'))
2026-06-22 00:03:19,732 [WARNING] __main__ — KIS 토큰 발급 실패: ('Connection aborted.', RemoteDisconnected('Remote end closed connection without response'))
2026-06-22 00:03:20,187 [WARNING] __main__ — KIS 토큰 발급 실패: ('Connection aborted.', RemoteDisconnected('Remote end closed connection without response'))
2026-06-22 00:03:20,657 [WARNING] __main__ — KIS 토큰 발급 실패: ('Connection aborted.', RemoteDisconnected('Remote end closed connection without response'))
2026-06-22 00:03:21,116 [WARNING] __main__ — KIS 토큰 발급 실패: ('Connection aborted.', RemoteDisconnected('Remote end closed connection without response'))
2026-06-22 00:03:21,578 [WARNING] __main__ — KIS 토큰 발급 실패: ('Connection aborted.', RemoteDisconnected('Remote end closed connection without response'))
2026-06-22 00:03:22,045 [WARNING] __main__ — KIS 토큰 발급 실패: ('Connection aborted.', RemoteDisconnected('Remote end closed connection without response'))
2026-06-22 00:03:22,525 [WARNING] __main__ — KIS 토큰 발급 실패: ('Connection aborted.', RemoteDisconnected('Remote end closed connection without response'))
2026-06-22 00:03:23,001 [WARNING] __main__ — KIS 토큰 발급 실패: ('Connection aborted.', RemoteDisconnected('Remote end closed connection without response'))
2026-06-22 00:03:23,469 [WARNING] __main__ — KIS 토큰 발급 실패: ('Connection aborted.', RemoteDisconnected('Remote end closed connection without response'))
2026-06-22 00:03:23,935 [WARNING] __main__ — KIS 토큰 발급 실패: ('Connection aborted.', RemoteDisconnected('Remote end closed connection without response'))
2026-06-22 00:03:24,389 [WARNING] __main__ — KIS 토큰 발급 실패: ('Connection aborted.', RemoteDisconnected('Remote end closed connection without response'))
2026-06-22 00:03:24,837 [WARNING] __main__ — KIS 토큰 발급 실패: ('Connection aborted.', RemoteDisconnected('Remote end closed connection without response'))
2026-06-22 00:03:25,299 [WARNING] __main__ — KIS 토큰 발급 실패: ('Connection aborted.', RemoteDisconnected('Remote end closed connection without response'))
2026-06-22 00:03:25,746 [WARNING] __main__ — KIS 토큰 발급 실패: ('Connection aborted.', RemoteDisconnected('Remote end closed connection without response'))
2026-06-22 00:03:26,205 [WARNING] __main__ — KIS 토큰 발급 실패: ('Connection aborted.', RemoteDisconnected('Remote end closed connection without response'))
2026-06-22 00:03:26,672 [WARNING] __main__ — KIS 토큰 발급 실패: ('Connection aborted.', RemoteDisconnected('Remote end closed connection without response'))
2026-06-22 00:03:27,143 [WARNING] __main__ — KIS 토큰 발급 실패: ('Connection aborted.', RemoteDisconnected('Remote end closed connection without response'))
2026-06-22 00:03:27,635 [WARNING] __main__ — KIS 토큰 발급 실패: ('Connection aborted.', RemoteDisconnected('Remote end closed connection without response'))
2026-06-22 00:03:28,087 [WARNING] __main__ — KIS 토큰 발급 실패: ('Connection aborted.', RemoteDisconnected('Remote end closed connection without response'))
2026-06-22 00:03:28,565 [WARNING] __main__ — KIS 토큰 발급 실패: ('Connection aborted.', RemoteDisconnected('Remote end closed connection without response'))
2026-06-22 00:03:29,027 [WARNING] __main__ — KIS 토큰 발급 실패: ('Connection aborted.', RemoteDisconnected('Remote end closed connection without response'))
2026-06-22 00:03:29,477 [WARNING] __main__ — KIS 토큰 발급 실패: ('Connection aborted.', RemoteDisconnected('Remote end closed connection without response'))
2026-06-22 00:03:29,924 [WARNING] __main__ — KIS 토큰 발급 실패: ('Connection aborted.', RemoteDisconnected('Remote end closed connection without response'))
2026-06-22 00:03:30,380 [WARNING] __main__ — KIS 토큰 발급 실패: ('Connection aborted.', RemoteDisconnected('Remote end closed connection without response'))
2026-06-22 00:03:30,863 [WARNING] __main__ — KIS 토큰 발급 실패: ('Connection aborted.', RemoteDisconnected('Remote end closed connection without response'))
2026-06-22 00:03:31,330 [WARNING] __main__ — KIS 토큰 발급 실패: ('Connection aborted.', RemoteDisconnected('Remote end closed connection without response'))
2026-06-22 00:03:31,775 [WARNING] __main__ — KIS 토큰 발급 실패: ('Connection aborted.', RemoteDisconnected('Remote end closed connection without response'))
2026-06-22 00:03:32,239 [WARNING] __main__ — KIS 토큰 발급 실패: ('Connection aborted.', RemoteDisconnected('Remote end closed connection without response'))
2026-06-22 00:03:32,708 [WARNING] __main__ — KIS 토큰 발급 실패: ('Connection aborted.', RemoteDisconnected('Remote end closed connection without response'))
2026-06-22 00:03:33,189 [WARNING] __main__ — KIS 토큰 발급 실패: ('Connection aborted.', RemoteDisconnected('Remote end closed connection without response'))
2026-06-22 00:03:33,640 [WARNING] __main__ — KIS 토큰 발급 실패: ('Connection aborted.', RemoteDisconnected('Remote end closed connection without response'))
2026-06-22 00:03:34,106 [WARNING] __main__ — KIS 토큰 발급 실패: ('Connection aborted.', RemoteDisconnected('Remote end closed connection without response'))
2026-06-22 00:03:34,562 [WARNING] __main__ — KIS 토큰 발급 실패: ('Connection aborted.', RemoteDisconnected('Remote end closed connection without response'))
2026-06-22 00:03:35,033 [WARNING] __main__ — KIS 토큰 발급 실패: ('Connection aborted.', RemoteDisconnected('Remote end closed connection without response'))
2026-06-22 00:03:35,487 [WARNING] __main__ — KIS 토큰 발급 실패: ('Connection aborted.', RemoteDisconnected('Remote end closed connection without response'))
2026-06-22 00:03:35,937 [WARNING] __main__ — KIS 토큰 발급 실패: ('Connection aborted.', RemoteDisconnected('Remote end closed connection without response'))
2026-06-22 00:03:36,397 [WARNING] __main__ — KIS 토큰 발급 실패: ('Connection aborted.', RemoteDisconnected('Remote end closed connection without response'))
2026-06-22 00:03:36,864 [WARNING] __main__ — KIS 토큰 발급 실패: ('Connection aborted.', RemoteDisconnected('Remote end closed connection without response'))
2026-06-22 00:03:37,331 [WARNING] __main__ — KIS 토큰 발급 실패: ('Connection aborted.', RemoteDisconnected('Remote end closed connection without response'))
2026-06-22 00:03:37,793 [WARNING] __main__ — KIS 토큰 발급 실패: ('Connection aborted.', RemoteDisconnected('Remote end closed connection without response'))
2026-06-22 00:03:38,265 [WARNING] __main__ — KIS 토큰 발급 실패: ('Connection aborted.', RemoteDisconnected('Remote end closed connection without response'))
2026-06-22 00:03:38,729 [WARNING] __main__ — KIS 토큰 발급 실패: ('Connection aborted.', RemoteDisconnected('Remote end closed connection without response'))
2026-06-22 00:03:39,182 [WARNING] __main__ — KIS 토큰 발급 실패: ('Connection aborted.', RemoteDisconnected('Remote end closed connection without response'))
2026-06-22 00:03:39,639 [WARNING] __main__ — KIS 토큰 발급 실패: ('Connection aborted.', RemoteDisconnected('Remote end closed connection without response'))
2026-06-22 00:03:40,090 [WARNING] __main__ — KIS 토큰 발급 실패: ('Connection aborted.', RemoteDisconnected('Remote end closed connection without response'))
2026-06-22 00:03:40,541 [WARNING] __main__ — KIS 토큰 발급 실패: ('Connection aborted.', RemoteDisconnected('Remote end closed connection without response'))
2026-06-22 00:03:40,994 [WARNING] __main__ — KIS 토큰 발급 실패: ('Connection aborted.', RemoteDisconnected('Remote end closed connection without response'))
2026-06-22 00:03:41,450 [WARNING] __main__ — KIS 토큰 발급 실패: ('Connection aborted.', RemoteDisconnected('Remote end closed connection without response'))
2026-06-22 00:03:41,915 [WARNING] __main__ — KIS 토큰 발급 실패: ('Connection aborted.', RemoteDisconnected('Remote end closed connection without response'))
2026-06-22 00:03:42,369 [WARNING] __main__ — KIS 토큰 발급 실패: ('Connection aborted.', RemoteDisconnected('Remote end closed connection without response'))
2026-06-22 00:03:42,822 [WARNING] __main__ — KIS 토큰 발급 실패: ('Connection aborted.', RemoteDisconnected('Remote end closed connection without response'))
2026-06-22 00:03:43,276 [WARNING] __main__ — KIS 토큰 발급 실패: ('Connection aborted.', RemoteDisconnected('Remote end closed connection without response'))
2026-06-22 00:03:43,716 [WARNING] __main__ — KIS 토큰 발급 실패: ('Connection aborted.', RemoteDisconnected('Remote end closed connection without response'))
2026-06-22 00:03:44,180 [WARNING] __main__ — KIS 토큰 발급 실패: ('Connection aborted.', RemoteDisconnected('Remote end closed connection without response'))
2026-06-22 00:03:44,627 [WARNING] __main__ — KIS 토큰 발급 실패: ('Connection aborted.', RemoteDisconnected('Remote end closed connection without response'))
2026-06-22 00:03:45,090 [WARNING] __main__ — KIS 토큰 발급 실패: ('Connection aborted.', RemoteDisconnected('Remote end closed connection without response'))
2026-06-22 00:03:45,562 [WARNING] __main__ — KIS 토큰 발급 실패: ('Connection aborted.', RemoteDisconnected('Remote end closed connection without response'))
2026-06-22 00:03:46,040 [WARNING] __main__ — KIS 토큰 발급 실패: ('Connection aborted.', RemoteDisconnected('Remote end closed connection without response'))
2026-06-22 00:03:46,497 [WARNING] __main__ — KIS 토큰 발급 실패: ('Connection aborted.', RemoteDisconnected('Remote end closed connection without response'))
2026-06-22 00:03:46,980 [WARNING] __main__ — KIS 토큰 발급 실패: ('Connection aborted.', RemoteDisconnected('Remote end closed connection without response'))
2026-06-22 00:03:47,450 [WARNING] __main__ — KIS 토큰 발급 실패: ('Connection aborted.', RemoteDisconnected('Remote end closed connection without response'))
2026-06-22 00:03:47,928 [WARNING] __main__ — KIS 토큰 발급 실패: ('Connection aborted.', RemoteDisconnected('Remote end closed connection without response'))
2026-06-22 00:03:48,384 [WARNING] __main__ — KIS 토큰 발급 실패: ('Connection aborted.', RemoteDisconnected('Remote end closed connection without response'))
2026-06-22 00:03:48,866 [WARNING] __main__ — KIS 토큰 발급 실패: ('Connection aborted.', RemoteDisconnected('Remote end closed connection without response'))
2026-06-22 00:03:49,311 [WARNING] __main__ — KIS 토큰 발급 실패: ('Connection aborted.', RemoteDisconnected('Remote end closed connection without response'))
2026-06-22 00:03:49,786 [WARNING] __main__ — KIS 토큰 발급 실패: ('Connection aborted.', RemoteDisconnected('Remote end closed connection without response'))
2026-06-22 00:03:50,241 [WARNING] __main__ — KIS 토큰 발급 실패: ('Connection aborted.', RemoteDisconnected('Remote end closed connection without response'))
2026-06-22 00:03:50,705 [WARNING] __main__ — KIS 토큰 발급 실패: ('Connection aborted.', RemoteDisconnected('Remote end closed connection without response'))
2026-06-22 00:03:51,181 [WARNING] __main__ — KIS 토큰 발급 실패: ('Connection aborted.', RemoteDisconnected('Remote end closed connection without response'))
2026-06-22 00:03:51,631 [WARNING] __main__ — KIS 토큰 발급 실패: ('Connection aborted.', RemoteDisconnected('Remote end closed connection without response'))
2026-06-22 00:03:52,092 [WARNING] __main__ — KIS 토큰 발급 실패: ('Connection aborted.', RemoteDisconnected('Remote end closed connection without response'))
2026-06-22 00:03:52,528 [WARNING] __main__ — KIS 토큰 발급 실패: ('Connection aborted.', RemoteDisconnected('Remote end closed connection without response'))
2026-06-22 00:03:52,987 [WARNING] __main__ — KIS 토큰 발급 실패: ('Connection aborted.', RemoteDisconnected('Remote end closed connection without response'))
2026-06-22 00:03:53,446 [WARNING] __main__ — KIS 토큰 발급 실패: ('Connection aborted.', RemoteDisconnected('Remote end closed connection without response'))
2026-06-22 00:03:53,919 [WARNING] __main__ — KIS 토큰 발급 실패: ('Connection aborted.', RemoteDisconnected('Remote end closed connection without response'))
2026-06-22 00:03:54,388 [WARNING] __main__ — KIS 토큰 발급 실패: ('Connection aborted.', RemoteDisconnected('Remote end closed connection without response'))
2026-06-22 00:03:54,858 [WARNING] __main__ — KIS 토큰 발급 실패: ('Connection aborted.', RemoteDisconnected('Remote end closed connection without response'))
2026-06-22 00:03:55,328 [WARNING] __main__ — KIS 토큰 발급 실패: ('Connection aborted.', RemoteDisconnected('Remote end closed connection without response'))
2026-06-22 00:03:55,781 [WARNING] __main__ — KIS 토큰 발급 실패: ('Connection aborted.', RemoteDisconnected('Remote end closed connection without response'))
2026-06-22 00:03:56,245 [WARNING] __main__ — KIS 토큰 발급 실패: ('Connection aborted.', RemoteDisconnected('Remote end closed connection without response'))
2026-06-22 00:03:56,693 [WARNING] __main__ — KIS 토큰 발급 실패: ('Connection aborted.', RemoteDisconnected('Remote end closed connection without response'))
2026-06-22 00:03:57,174 [WARNING] __main__ — KIS 토큰 발급 실패: ('Connection aborted.', RemoteDisconnected('Remote end closed connection without response'))
2026-06-22 00:03:57,646 [WARNING] __main__ — KIS 토큰 발급 실패: ('Connection aborted.', RemoteDisconnected('Remote end closed connection without response'))
2026-06-22 00:03:58,110 [WARNING] __main__ — KIS 토큰 발급 실패: ('Connection aborted.', RemoteDisconnected('Remote end closed connection without response'))
2026-06-22 00:03:58,565 [WARNING] __main__ — KIS 토큰 발급 실패: ('Connection aborted.', RemoteDisconnected('Remote end closed connection without response'))
2026-06-22 00:03:59,033 [WARNING] __main__ — KIS 토큰 발급 실패: ('Connection aborted.', RemoteDisconnected('Remote end closed connection without response'))
2026-06-22 00:03:59,512 [WARNING] __main__ — KIS 토큰 발급 실패: ('Connection aborted.', RemoteDisconnected('Remote end closed connection without response'))
2026-06-22 00:03:59,980 [WARNING] __main__ — KIS 토큰 발급 실패: ('Connection aborted.', RemoteDisconnected('Remote end closed connection without response'))
2026-06-22 00:04:00,433 [WARNING] __main__ — KIS 토큰 발급 실패: ('Connection aborted.', RemoteDisconnected('Remote end closed connection without response'))
2026-06-22 00:04:00,904 [WARNING] __main__ — KIS 토큰 발급 실패: ('Connection aborted.', RemoteDisconnected('Remote end closed connection without response'))
2026-06-22 00:04:01,370 [WARNING] __main__ — KIS 토큰 발급 실패: ('Connection aborted.', RemoteDisconnected('Remote end closed connection without response'))
2026-06-22 00:04:01,831 [WARNING] __main__ — KIS 토큰 발급 실패: ('Connection aborted.', RemoteDisconnected('Remote end closed connection without response'))
2026-06-22 00:04:02,285 [WARNING] __main__ — KIS 토큰 발급 실패: ('Connection aborted.', RemoteDisconnected('Remote end closed connection without response'))
2026-06-22 00:04:02,754 [WARNING] __main__ — KIS 토큰 발급 실패: ('Connection aborted.', RemoteDisconnected('Remote end closed connection without response'))
2026-06-22 00:04:03,211 [WARNING] __main__ — KIS 토큰 발급 실패: ('Connection aborted.', RemoteDisconnected('Remote end closed connection without response'))
2026-06-22 00:04:03,663 [WARNING] __main__ — KIS 토큰 발급 실패: ('Connection aborted.', RemoteDisconnected('Remote end closed connection without response'))
2026-06-22 00:04:04,127 [WARNING] __main__ — KIS 토큰 발급 실패: ('Connection aborted.', RemoteDisconnected('Remote end closed connection without response'))
2026-06-22 00:04:04,597 [WARNING] __main__ — KIS 토큰 발급 실패: ('Connection aborted.', RemoteDisconnected('Remote end closed connection without response'))
2026-06-22 00:04:05,065 [WARNING] __main__ — KIS 토큰 발급 실패: ('Connection aborted.', RemoteDisconnected('Remote end closed connection without response'))
2026-06-22 00:04:05,515 [WARNING] __main__ — KIS 토큰 발급 실패: ('Connection aborted.', RemoteDisconnected('Remote end closed connection without response'))
2026-06-22 00:04:05,992 [WARNING] __main__ — KIS 토큰 발급 실패: ('Connection aborted.', RemoteDisconnected('Remote end closed connection without response'))
2026-06-22 00:04:06,452 [WARNING] __main__ — KIS 토큰 발급 실패: ('Connection aborted.', RemoteDisconnected('Remote end closed connection without response'))
2026-06-22 00:04:06,913 [WARNING] __main__ — KIS 토큰 발급 실패: ('Connection aborted.', RemoteDisconnected('Remote end closed connection without response'))
2026-06-22 00:04:07,365 [WARNING] __main__ — KIS 토큰 발급 실패: ('Connection aborted.', RemoteDisconnected('Remote end closed connection without response'))
2026-06-22 00:04:07,810 [WARNING] __main__ — KIS 토큰 발급 실패: ('Connection aborted.', RemoteDisconnected('Remote end closed connection without response'))
2026-06-22 00:04:08,292 [WARNING] __main__ — KIS 토큰 발급 실패: ('Connection aborted.', RemoteDisconnected('Remote end closed connection without response'))
2026-06-22 00:04:08,764 [WARNING] __main__ — KIS 토큰 발급 실패: ('Connection aborted.', RemoteDisconnected('Remote end closed connection without response'))
2026-06-22 00:04:09,209 [WARNING] __main__ — KIS 토큰 발급 실패: ('Connection aborted.', RemoteDisconnected('Remote end closed connection without response'))
2026-06-22 00:04:09,651 [WARNING] __main__ — KIS 토큰 발급 실패: ('Connection aborted.', RemoteDisconnected('Remote end closed connection without response'))
2026-06-22 00:04:10,111 [WARNING] __main__ — KIS 토큰 발급 실패: ('Connection aborted.', RemoteDisconnected('Remote end closed connection without response'))
2026-06-22 00:04:10,573 [WARNING] __main__ — KIS 토큰 발급 실패: ('Connection aborted.', RemoteDisconnected('Remote end closed connection without response'))
2026-06-22 00:04:11,043 [WARNING] __main__ — KIS 토큰 발급 실패: ('Connection aborted.', RemoteDisconnected('Remote end closed connection without response'))
2026-06-22 00:04:11,494 [WARNING] __main__ — KIS 토큰 발급 실패: ('Connection aborted.', RemoteDisconnected('Remote end closed connection without response'))
2026-06-22 00:04:11,960 [WARNING] __main__ — KIS 토큰 발급 실패: ('Connection aborted.', RemoteDisconnected('Remote end closed connection without response'))
2026-06-22 00:04:12,436 [WARNING] __main__ — KIS 토큰 발급 실패: ('Connection aborted.', RemoteDisconnected('Remote end closed connection without response'))
2026-06-22 00:04:12,916 [WARNING] __main__ — KIS 토큰 발급 실패: ('Connection aborted.', RemoteDisconnected('Remote end closed connection without response'))
2026-06-22 00:04:13,377 [WARNING] __main__ — KIS 토큰 발급 실패: ('Connection aborted.', RemoteDisconnected('Remote end closed connection without response'))
2026-06-22 00:04:13,836 [WARNING] __main__ — KIS 토큰 발급 실패: ('Connection aborted.', RemoteDisconnected('Remote end closed connection without response'))
2026-06-22 00:04:14,315 [WARNING] __main__ — KIS 토큰 발급 실패: ('Connection aborted.', RemoteDisconnected('Remote end closed connection without response'))
2026-06-22 00:04:14,780 [WARNING] __main__ — KIS 토큰 발급 실패: ('Connection aborted.', RemoteDisconnected('Remote end closed connection without response'))
2026-06-22 00:04:15,257 [WARNING] __main__ — KIS 토큰 발급 실패: ('Connection aborted.', RemoteDisconnected('Remote end closed connection without response'))
2026-06-22 00:04:15,711 [WARNING] __main__ — KIS 토큰 발급 실패: ('Connection aborted.', RemoteDisconnected('Remote end closed connection without response'))
2026-06-22 00:04:16,187 [WARNING] __main__ — KIS 토큰 발급 실패: ('Connection aborted.', RemoteDisconnected('Remote end closed connection without response'))
2026-06-22 00:04:16,643 [WARNING] __main__ — KIS 토큰 발급 실패: ('Connection aborted.', RemoteDisconnected('Remote end closed connection without response'))
2026-06-22 00:04:17,114 [WARNING] __main__ — KIS 토큰 발급 실패: ('Connection aborted.', RemoteDisconnected('Remote end closed connection without response'))
2026-06-22 00:04:17,570 [WARNING] __main__ — KIS 토큰 발급 실패: ('Connection aborted.', RemoteDisconnected('Remote end closed connection without response'))
2026-06-22 00:04:18,030 [WARNING] __main__ — KIS 토큰 발급 실패: ('Connection aborted.', RemoteDisconnected('Remote end closed connection without response'))
2026-06-22 00:04:18,488 [WARNING] __main__ — KIS 토큰 발급 실패: ('Connection aborted.', RemoteDisconnected('Remote end closed connection without response'))
2026-06-22 00:04:18,939 [WARNING] __main__ — KIS 토큰 발급 실패: ('Connection aborted.', RemoteDisconnected('Remote end closed connection without response'))
2026-06-22 00:04:19,410 [WARNING] __main__ — KIS 토큰 발급 실패: ('Connection aborted.', RemoteDisconnected('Remote end closed connection without response'))
2026-06-22 00:04:19,885 [WARNING] __main__ — KIS 토큰 발급 실패: ('Connection aborted.', RemoteDisconnected('Remote end closed connection without response'))
2026-06-22 00:04:20,338 [WARNING] __main__ — KIS 토큰 발급 실패: ('Connection aborted.', RemoteDisconnected('Remote end closed connection without response'))
2026-06-22 00:04:20,805 [WARNING] __main__ — KIS 토큰 발급 실패: ('Connection aborted.', RemoteDisconnected('Remote end closed connection without response'))
2026-06-22 00:04:21,268 [WARNING] __main__ — KIS 토큰 발급 실패: ('Connection aborted.', RemoteDisconnected('Remote end closed connection without response'))
2026-06-22 00:04:21,745 [WARNING] __main__ — KIS 토큰 발급 실패: ('Connection aborted.', RemoteDisconnected('Remote end closed connection without response'))
2026-06-22 00:04:22,193 [WARNING] __main__ — KIS 토큰 발급 실패: ('Connection aborted.', RemoteDisconnected('Remote end closed connection without response'))
2026-06-22 00:04:22,659 [WARNING] __main__ — KIS 토큰 발급 실패: ('Connection aborted.', RemoteDisconnected('Remote end closed connection without response'))
2026-06-22 00:04:23,139 [WARNING] __main__ — KIS 토큰 발급 실패: ('Connection aborted.', RemoteDisconnected('Remote end closed connection without response'))
2026-06-22 00:04:23,598 [WARNING] __main__ — KIS 토큰 발급 실패: ('Connection aborted.', RemoteDisconnected('Remote end closed connection without response'))
2026-06-22 00:04:24,054 [WARNING] __main__ — KIS 토큰 발급 실패: ('Connection aborted.', RemoteDisconnected('Remote end closed connection without response'))
2026-06-22 00:04:24,520 [WARNING] __main__ — KIS 토큰 발급 실패: ('Connection aborted.', RemoteDisconnected('Remote end closed connection without response'))
2026-06-22 00:04:24,980 [WARNING] __main__ — KIS 토큰 발급 실패: ('Connection aborted.', RemoteDisconnected('Remote end closed connection without response'))
2026-06-22 00:04:25,444 [WARNING] __main__ — KIS 토큰 발급 실패: ('Connection aborted.', RemoteDisconnected('Remote end closed connection without response'))
2026-06-22 00:04:25,914 [WARNING] __main__ — KIS 토큰 발급 실패: ('Connection aborted.', RemoteDisconnected('Remote end closed connection without response'))
2026-06-22 00:04:26,381 [WARNING] __main__ — KIS 토큰 발급 실패: ('Connection aborted.', RemoteDisconnected('Remote end closed connection without response'))
2026-06-22 00:04:26,842 [WARNING] __main__ — KIS 토큰 발급 실패: ('Connection aborted.', RemoteDisconnected('Remote end closed connection without response'))
2026-06-22 00:04:27,298 [WARNING] __main__ — KIS 토큰 발급 실패: ('Connection aborted.', RemoteDisconnected('Remote end closed connection without response'))
2026-06-22 00:04:27,769 [WARNING] __main__ — KIS 토큰 발급 실패: ('Connection aborted.', RemoteDisconnected('Remote end closed connection without response'))
2026-06-22 00:04:28,223 [WARNING] __main__ — KIS 토큰 발급 실패: ('Connection aborted.', RemoteDisconnected('Remote end closed connection without response'))
2026-06-22 00:04:28,692 [WARNING] __main__ — KIS 토큰 발급 실패: ('Connection aborted.', RemoteDisconnected('Remote end closed connection without response'))
2026-06-22 00:04:29,142 [WARNING] __main__ — KIS 토큰 발급 실패: ('Connection aborted.', RemoteDisconnected('Remote end closed connection without response'))
2026-06-22 00:04:29,618 [WARNING] __main__ — KIS 토큰 발급 실패: ('Connection aborted.', RemoteDisconnected('Remote end closed connection without response'))
2026-06-22 00:04:30,082 [WARNING] __main__ — KIS 토큰 발급 실패: ('Connection aborted.', RemoteDisconnected('Remote end closed connection without response'))
2026-06-22 00:04:30,564 [WARNING] __main__ — KIS 토큰 발급 실패: ('Connection aborted.', RemoteDisconnected('Remote end closed connection without response'))
2026-06-22 00:04:31,040 [WARNING] __main__ — KIS 토큰 발급 실패: ('Connection aborted.', RemoteDisconnected('Remote end closed connection without response'))
2026-06-22 00:04:31,506 [WARNING] __main__ — KIS 토큰 발급 실패: ('Connection aborted.', RemoteDisconnected('Remote end closed connection without response'))
2026-06-22 00:04:31,958 [WARNING] __main__ — KIS 토큰 발급 실패: ('Connection aborted.', RemoteDisconnected('Remote end closed connection without response'))
2026-06-22 00:04:32,426 [WARNING] __main__ — KIS 토큰 발급 실패: ('Connection aborted.', RemoteDisconnected('Remote end closed connection without response'))
2026-06-22 00:04:32,891 [WARNING] __main__ — KIS 토큰 발급 실패: ('Connection aborted.', RemoteDisconnected('Remote end closed connection without response'))
2026-06-22 00:04:33,356 [WARNING] __main__ — KIS 토큰 발급 실패: ('Connection aborted.', RemoteDisconnected('Remote end closed connection without response'))
2026-06-22 00:04:33,822 [WARNING] __main__ — KIS 토큰 발급 실패: ('Connection aborted.', RemoteDisconnected('Remote end closed connection without response'))
2026-06-22 00:04:34,286 [WARNING] __main__ — KIS 토큰 발급 실패: ('Connection aborted.', RemoteDisconnected('Remote end closed connection without response'))
2026-06-22 00:04:34,754 [WARNING] __main__ — KIS 토큰 발급 실패: ('Connection aborted.', RemoteDisconnected('Remote end closed connection without response'))
2026-06-22 00:04:35,220 [WARNING] __main__ — KIS 토큰 발급 실패: ('Connection aborted.', RemoteDisconnected('Remote end closed connection without response'))
2026-06-22 00:04:35,688 [WARNING] __main__ — KIS 토큰 발급 실패: ('Connection aborted.', RemoteDisconnected('Remote end closed connection without response'))
2026-06-22 00:04:36,155 [WARNING] __main__ — KIS 토큰 발급 실패: ('Connection aborted.', RemoteDisconnected('Remote end closed connection without response'))
2026-06-22 00:04:36,621 [WARNING] __main__ — KIS 토큰 발급 실패: ('Connection aborted.', RemoteDisconnected('Remote end closed connection without response'))
2026-06-22 00:04:37,069 [WARNING] __main__ — KIS 토큰 발급 실패: ('Connection aborted.', RemoteDisconnected('Remote end closed connection without response'))
2026-06-22 00:04:37,545 [WARNING] __main__ — KIS 토큰 발급 실패: ('Connection aborted.', RemoteDisconnected('Remote end closed connection without response'))
2026-06-22 00:04:38,017 [WARNING] __main__ — KIS 토큰 발급 실패: ('Connection aborted.', RemoteDisconnected('Remote end closed connection without response'))
2026-06-22 00:04:38,467 [WARNING] __main__ — KIS 토큰 발급 실패: ('Connection aborted.', RemoteDisconnected('Remote end closed connection without response'))
2026-06-22 00:04:38,924 [WARNING] __main__ — KIS 토큰 발급 실패: ('Connection aborted.', RemoteDisconnected('Remote end closed connection without response'))
2026-06-22 00:04:39,383 [WARNING] __main__ — KIS 토큰 발급 실패: ('Connection aborted.', RemoteDisconnected('Remote end closed connection without response'))
2026-06-22 00:04:39,854 [WARNING] __main__ — KIS 토큰 발급 실패: ('Connection aborted.', RemoteDisconnected('Remote end closed connection without response'))
2026-06-22 00:04:40,319 [WARNING] __main__ — KIS 토큰 발급 실패: ('Connection aborted.', RemoteDisconnected('Remote end closed connection without response'))
2026-06-22 00:04:40,794 [WARNING] __main__ — KIS 토큰 발급 실패: ('Connection aborted.', RemoteDisconnected('Remote end closed connection without response'))
2026-06-22 00:04:41,241 [WARNING] __main__ — KIS 토큰 발급 실패: ('Connection aborted.', RemoteDisconnected('Remote end closed connection without response'))
2026-06-22 00:04:41,729 [WARNING] __main__ — KIS 토큰 발급 실패: ('Connection aborted.', RemoteDisconnected('Remote end closed connection without response'))
2026-06-22 00:04:42,173 [WARNING] __main__ — KIS 토큰 발급 실패: ('Connection aborted.', RemoteDisconnected('Remote end closed connection without response'))
2026-06-22 00:04:42,652 [WARNING] __main__ — KIS 토큰 발급 실패: ('Connection aborted.', RemoteDisconnected('Remote end closed connection without response'))
2026-06-22 00:04:43,107 [WARNING] __main__ — KIS 토큰 발급 실패: ('Connection aborted.', RemoteDisconnected('Remote end closed connection without response'))
2026-06-22 00:04:43,592 [WARNING] __main__ — KIS 토큰 발급 실패: ('Connection aborted.', RemoteDisconnected('Remote end closed connection without response'))
2026-06-22 00:04:44,079 [WARNING] __main__ — KIS 토큰 발급 실패: ('Connection aborted.', RemoteDisconnected('Remote end closed connection without response'))
2026-06-22 00:04:44,543 [WARNING] __main__ — KIS 토큰 발급 실패: ('Connection aborted.', RemoteDisconnected('Remote end closed connection without response'))
2026-06-22 00:04:45,021 [WARNING] __main__ — KIS 토큰 발급 실패: ('Connection aborted.', RemoteDisconnected('Remote end closed connection without response'))
2026-06-22 00:04:45,490 [WARNING] __main__ — KIS 토큰 발급 실패: ('Connection aborted.', RemoteDisconnected('Remote end closed connection without response'))
2026-06-22 00:04:45,951 [WARNING] __main__ — KIS 토큰 발급 실패: ('Connection aborted.', RemoteDisconnected('Remote end closed connection without response'))
2026-06-22 00:04:46,426 [WARNING] __main__ — KIS 토큰 발급 실패: ('Connection aborted.', RemoteDisconnected('Remote end closed connection without response'))
2026-06-22 00:04:46,890 [WARNING] __main__ — KIS 토큰 발급 실패: ('Connection aborted.', RemoteDisconnected('Remote end closed connection without response'))
2026-06-22 00:04:47,362 [WARNING] __main__ — KIS 토큰 발급 실패: ('Connection aborted.', RemoteDisconnected('Remote end closed connection without response'))
2026-06-22 00:04:47,845 [WARNING] __main__ — KIS 토큰 발급 실패: ('Connection aborted.', RemoteDisconnected('Remote end closed connection without response'))
2026-06-22 00:04:48,293 [WARNING] __main__ — KIS 토큰 발급 실패: ('Connection aborted.', RemoteDisconnected('Remote end closed connection without response'))
2026-06-22 00:04:48,766 [WARNING] __main__ — KIS 토큰 발급 실패: ('Connection aborted.', RemoteDisconnected('Remote end closed connection without response'))
2026-06-22 00:04:49,208 [WARNING] __main__ — KIS 토큰 발급 실패: ('Connection aborted.', RemoteDisconnected('Remote end closed connection without response'))
2026-06-22 00:04:49,673 [WARNING] __main__ — KIS 토큰 발급 실패: ('Connection aborted.', RemoteDisconnected('Remote end closed connection without response'))
2026-06-22 00:04:50,138 [WARNING] __main__ — KIS 토큰 발급 실패: ('Connection aborted.', RemoteDisconnected('Remote end closed connection without response'))
2026-06-22 00:04:50,604 [WARNING] __main__ — KIS 토큰 발급 실패: ('Connection aborted.', RemoteDisconnected('Remote end closed connection without response'))
2026-06-22 00:04:51,081 [WARNING] __main__ — KIS 토큰 발급 실패: ('Connection aborted.', RemoteDisconnected('Remote end closed connection without response'))
2026-06-22 00:04:51,548 [WARNING] __main__ — KIS 토큰 발급 실패: ('Connection aborted.', RemoteDisconnected('Remote end closed connection without response'))
2026-06-22 00:04:52,015 [WARNING] __main__ — KIS 토큰 발급 실패: ('Connection aborted.', RemoteDisconnected('Remote end closed connection without response'))
2026-06-22 00:04:52,479 [WARNING] __main__ — KIS 토큰 발급 실패: ('Connection aborted.', RemoteDisconnected('Remote end closed connection without response'))
2026-06-22 00:04:52,942 [WARNING] __main__ — KIS 토큰 발급 실패: ('Connection aborted.', RemoteDisconnected('Remote end closed connection without response'))
2026-06-22 00:04:53,410 [WARNING] __main__ — KIS 토큰 발급 실패: ('Connection aborted.', RemoteDisconnected('Remote end closed connection without response'))
2026-06-22 00:04:53,873 [WARNING] __main__ — KIS 토큰 발급 실패: ('Connection aborted.', RemoteDisconnected('Remote end closed connection without response'))
2026-06-22 00:04:54,331 [WARNING] __main__ — KIS 토큰 발급 실패: ('Connection aborted.', RemoteDisconnected('Remote end closed connection without response'))
2026-06-22 00:04:54,789 [WARNING] __main__ — KIS 토큰 발급 실패: ('Connection aborted.', RemoteDisconnected('Remote end closed connection without response'))
2026-06-22 00:04:55,251 [WARNING] __main__ — KIS 토큰 발급 실패: ('Connection aborted.', RemoteDisconnected('Remote end closed connection without response'))
2026-06-22 00:04:55,718 [WARNING] __main__ — KIS 토큰 발급 실패: ('Connection aborted.', RemoteDisconnected('Remote end closed connection without response'))
2026-06-22 00:04:56,177 [WARNING] __main__ — KIS 토큰 발급 실패: ('Connection aborted.', RemoteDisconnected('Remote end closed connection without response'))
2026-06-22 00:04:56,631 [WARNING] __main__ — KIS 토큰 발급 실패: ('Connection aborted.', RemoteDisconnected('Remote end closed connection without response'))
2026-06-22 00:04:57,104 [WARNING] __main__ — KIS 토큰 발급 실패: ('Connection aborted.', RemoteDisconnected('Remote end closed connection without response'))
2026-06-22 00:04:57,566 [WARNING] __main__ — KIS 토큰 발급 실패: ('Connection aborted.', RemoteDisconnected('Remote end closed connection without response'))
2026-06-22 00:04:58,027 [WARNING] __main__ — KIS 토큰 발급 실패: ('Connection aborted.', RemoteDisconnected('Remote end closed connection without response'))
2026-06-22 00:04:58,483 [WARNING] __main__ — KIS 토큰 발급 실패: ('Connection aborted.', RemoteDisconnected('Remote end closed connection without response'))
2026-06-22 00:04:58,948 [WARNING] __main__ — KIS 토큰 발급 실패: ('Connection aborted.', RemoteDisconnected('Remote end closed connection without response'))
2026-06-22 00:04:59,440 [WARNING] __main__ — KIS 토큰 발급 실패: ('Connection aborted.', RemoteDisconnected('Remote end closed connection without response'))
2026-06-22 00:04:59,903 [WARNING] __main__ — KIS 토큰 발급 실패: ('Connection aborted.', RemoteDisconnected('Remote end closed connection without response'))
2026-06-22 00:05:00,366 [WARNING] __main__ — KIS 토큰 발급 실패: ('Connection aborted.', RemoteDisconnected('Remote end closed connection without response'))
2026-06-22 00:05:00,824 [WARNING] __main__ — KIS 토큰 발급 실패: ('Connection aborted.', RemoteDisconnected('Remote end closed connection without response'))
2026-06-22 00:05:01,288 [WARNING] __main__ — KIS 토큰 발급 실패: ('Connection aborted.', RemoteDisconnected('Remote end closed connection without response'))
2026-06-22 00:05:01,763 [WARNING] __main__ — KIS 토큰 발급 실패: ('Connection aborted.', RemoteDisconnected('Remote end closed connection without response'))
2026-06-22 00:05:02,242 [WARNING] __main__ — KIS 토큰 발급 실패: ('Connection aborted.', RemoteDisconnected('Remote end closed connection without response'))
2026-06-22 00:05:02,710 [WARNING] __main__ — KIS 토큰 발급 실패: ('Connection aborted.', RemoteDisconnected('Remote end closed connection without response'))
2026-06-22 00:05:03,159 [WARNING] __main__ — KIS 토큰 발급 실패: ('Connection aborted.', RemoteDisconnected('Remote end closed connection without response'))
2026-06-22 00:05:03,603 [WARNING] __main__ — KIS 토큰 발급 실패: ('Connection aborted.', RemoteDisconnected('Remote end closed connection without response'))
2026-06-22 00:05:04,064 [WARNING] __main__ — KIS 토큰 발급 실패: ('Connection aborted.', RemoteDisconnected('Remote end closed connection without response'))
2026-06-22 00:05:04,516 [WARNING] __main__ — KIS 토큰 발급 실패: ('Connection aborted.', RemoteDisconnected('Remote end closed connection without response'))
2026-06-22 00:05:04,977 [WARNING] __main__ — KIS 토큰 발급 실패: ('Connection aborted.', RemoteDisconnected('Remote end closed connection without response'))
2026-06-22 00:05:05,423 [WARNING] __main__ — KIS 토큰 발급 실패: ('Connection aborted.', RemoteDisconnected('Remote end closed connection without response'))
2026-06-22 00:05:05,903 [WARNING] __main__ — KIS 토큰 발급 실패: ('Connection aborted.', RemoteDisconnected('Remote end closed connection without response'))
2026-06-22 00:05:06,354 [WARNING] __main__ — KIS 토큰 발급 실패: ('Connection aborted.', RemoteDisconnected('Remote end closed connection without response'))
2026-06-22 00:05:06,824 [WARNING] __main__ — KIS 토큰 발급 실패: ('Connection aborted.', RemoteDisconnected('Remote end closed connection without response'))
2026-06-22 00:05:07,295 [WARNING] __main__ — KIS 토큰 발급 실패: ('Connection aborted.', RemoteDisconnected('Remote end closed connection without response'))
2026-06-22 00:05:07,752 [WARNING] __main__ — KIS 토큰 발급 실패: ('Connection aborted.', RemoteDisconnected('Remote end closed connection without response'))
2026-06-22 00:05:08,230 [WARNING] __main__ — KIS 토큰 발급 실패: ('Connection aborted.', RemoteDisconnected('Remote end closed connection without response'))
2026-06-22 00:05:08,692 [WARNING] __main__ — KIS 토큰 발급 실패: ('Connection aborted.', RemoteDisconnected('Remote end closed connection without response'))
2026-06-22 00:05:09,147 [WARNING] __main__ — KIS 토큰 발급 실패: ('Connection aborted.', RemoteDisconnected('Remote end closed connection without response'))
2026-06-22 00:05:09,621 [WARNING] __main__ — KIS 토큰 발급 실패: ('Connection aborted.', RemoteDisconnected('Remote end closed connection without response'))
2026-06-22 00:05:10,076 [WARNING] __main__ — KIS 토큰 발급 실패: ('Connection aborted.', RemoteDisconnected('Remote end closed connection without response'))
2026-06-22 00:05:10,546 [WARNING] __main__ — KIS 토큰 발급 실패: ('Connection aborted.', RemoteDisconnected('Remote end closed connection without response'))
2026-06-22 00:05:11,015 [WARNING] __main__ — KIS 토큰 발급 실패: ('Connection aborted.', RemoteDisconnected('Remote end closed connection without response'))
2026-06-22 00:05:11,492 [WARNING] __main__ — KIS 토큰 발급 실패: ('Connection aborted.', RemoteDisconnected('Remote end closed connection without response'))
2026-06-22 00:05:11,956 [WARNING] __main__ — KIS 토큰 발급 실패: ('Connection aborted.', RemoteDisconnected('Remote end closed connection without response'))
2026-06-22 00:05:12,415 [WARNING] __main__ — KIS 토큰 발급 실패: ('Connection aborted.', RemoteDisconnected('Remote end closed connection without response'))
2026-06-22 00:05:12,879 [WARNING] __main__ — KIS 토큰 발급 실패: ('Connection aborted.', RemoteDisconnected('Remote end closed connection without response'))
2026-06-22 00:05:13,334 [WARNING] __main__ — KIS 토큰 발급 실패: ('Connection aborted.', RemoteDisconnected('Remote end closed connection without response'))
2026-06-22 00:05:13,806 [WARNING] __main__ — KIS 토큰 발급 실패: ('Connection aborted.', RemoteDisconnected('Remote end closed connection without response'))
2026-06-22 00:05:14,259 [WARNING] __main__ — KIS 토큰 발급 실패: ('Connection aborted.', RemoteDisconnected('Remote end closed connection without response'))
2026-06-22 00:05:14,731 [WARNING] __main__ — KIS 토큰 발급 실패: ('Connection aborted.', RemoteDisconnected('Remote end closed connection without response'))
2026-06-22 00:05:15,189 [WARNING] __main__ — KIS 토큰 발급 실패: ('Connection aborted.', RemoteDisconnected('Remote end closed connection without response'))
2026-06-22 00:05:15,663 [WARNING] __main__ — KIS 토큰 발급 실패: ('Connection aborted.', RemoteDisconnected('Remote end closed connection without response'))
2026-06-22 00:05:16,125 [WARNING] __main__ — KIS 토큰 발급 실패: ('Connection aborted.', RemoteDisconnected('Remote end closed connection without response'))
2026-06-22 00:05:16,607 [WARNING] __main__ — KIS 토큰 발급 실패: ('Connection aborted.', RemoteDisconnected('Remote end closed connection without response'))
2026-06-22 00:05:17,062 [WARNING] __main__ — KIS 토큰 발급 실패: ('Connection aborted.', RemoteDisconnected('Remote end closed connection without response'))
2026-06-22 00:05:17,512 [WARNING] __main__ — KIS 토큰 발급 실패: ('Connection aborted.', RemoteDisconnected('Remote end closed connection without response'))
2026-06-22 00:05:17,967 [WARNING] __main__ — KIS 토큰 발급 실패: ('Connection aborted.', RemoteDisconnected('Remote end closed connection without response'))
2026-06-22 00:05:18,436 [WARNING] __main__ — KIS 토큰 발급 실패: ('Connection aborted.', RemoteDisconnected('Remote end closed connection without response'))
2026-06-22 00:05:18,898 [WARNING] __main__ — KIS 토큰 발급 실패: ('Connection aborted.', RemoteDisconnected('Remote end closed connection without response'))
2026-06-22 00:05:19,368 [WARNING] __main__ — KIS 토큰 발급 실패: ('Connection aborted.', RemoteDisconnected('Remote end closed connection without response'))
2026-06-22 00:05:19,820 [WARNING] __main__ — KIS 토큰 발급 실패: ('Connection aborted.', RemoteDisconnected('Remote end closed connection without response'))
2026-06-22 00:05:20,284 [WARNING] __main__ — KIS 토큰 발급 실패: ('Connection aborted.', RemoteDisconnected('Remote end closed connection without response'))
2026-06-22 00:05:20,744 [WARNING] __main__ — KIS 토큰 발급 실패: ('Connection aborted.', RemoteDisconnected('Remote end closed connection without response'))
2026-06-22 00:05:21,207 [WARNING] __main__ — KIS 토큰 발급 실패: ('Connection aborted.', RemoteDisconnected('Remote end closed connection without response'))
2026-06-22 00:05:21,663 [WARNING] __main__ — KIS 토큰 발급 실패: ('Connection aborted.', RemoteDisconnected('Remote end closed connection without response'))
2026-06-22 00:05:22,125 [WARNING] __main__ — KIS 토큰 발급 실패: ('Connection aborted.', RemoteDisconnected('Remote end closed connection without response'))
2026-06-22 00:05:22,592 [WARNING] __main__ — KIS 토큰 발급 실패: ('Connection aborted.', RemoteDisconnected('Remote end closed connection without response'))
2026-06-22 00:05:23,049 [WARNING] __main__ — KIS 토큰 발급 실패: ('Connection aborted.', RemoteDisconnected('Remote end closed connection without response'))
2026-06-22 00:05:23,544 [WARNING] __main__ — KIS 토큰 발급 실패: ('Connection aborted.', RemoteDisconnected('Remote end closed connection without response'))
2026-06-22 00:05:23,998 [WARNING] __main__ — KIS 토큰 발급 실패: ('Connection aborted.', RemoteDisconnected('Remote end closed connection without response'))
2026-06-22 00:05:24,449 [WARNING] __main__ — KIS 토큰 발급 실패: ('Connection aborted.', RemoteDisconnected('Remote end closed connection without response'))
2026-06-22 00:05:24,913 [WARNING] __main__ — KIS 토큰 발급 실패: ('Connection aborted.', RemoteDisconnected('Remote end closed connection without response'))
2026-06-22 00:05:25,380 [WARNING] __main__ — KIS 토큰 발급 실패: ('Connection aborted.', RemoteDisconnected('Remote end closed connection without response'))
2026-06-22 00:05:25,839 [WARNING] __main__ — KIS 토큰 발급 실패: ('Connection aborted.', RemoteDisconnected('Remote end closed connection without response'))
2026-06-22 00:05:26,288 [WARNING] __main__ — KIS 토큰 발급 실패: ('Connection aborted.', RemoteDisconnected('Remote end closed connection without response'))
2026-06-22 00:05:26,748 [WARNING] __main__ — KIS 토큰 발급 실패: ('Connection aborted.', RemoteDisconnected('Remote end closed connection without response'))
2026-06-22 00:05:27,207 [WARNING] __main__ — KIS 토큰 발급 실패: ('Connection aborted.', RemoteDisconnected('Remote end closed connection without response'))
2026-06-22 00:05:27,664 [WARNING] __main__ — KIS 토큰 발급 실패: ('Connection aborted.', RemoteDisconnected('Remote end closed connection without response'))
2026-06-22 00:05:28,138 [WARNING] __main__ — KIS 토큰 발급 실패: ('Connection aborted.', RemoteDisconnected('Remote end closed connection without response'))
2026-06-22 00:05:28,604 [WARNING] __main__ — KIS 토큰 발급 실패: ('Connection aborted.', RemoteDisconnected('Remote end closed connection without response'))
2026-06-22 00:05:29,074 [WARNING] __main__ — KIS 토큰 발급 실패: ('Connection aborted.', RemoteDisconnected('Remote end closed connection without response'))
2026-06-22 00:05:29,539 [WARNING] __main__ — KIS 토큰 발급 실패: ('Connection aborted.', RemoteDisconnected('Remote end closed connection without response'))
2026-06-22 00:05:30,016 [WARNING] __main__ — KIS 토큰 발급 실패: ('Connection aborted.', RemoteDisconnected('Remote end closed connection without response'))
2026-06-22 00:05:30,471 [WARNING] __main__ — KIS 토큰 발급 실패: ('Connection aborted.', RemoteDisconnected('Remote end closed connection without response'))
2026-06-22 00:05:30,927 [WARNING] __main__ — KIS 토큰 발급 실패: ('Connection aborted.', RemoteDisconnected('Remote end closed connection without response'))
2026-06-22 00:05:31,390 [WARNING] __main__ — KIS 토큰 발급 실패: ('Connection aborted.', RemoteDisconnected('Remote end closed connection without response'))
2026-06-22 00:05:31,845 [WARNING] __main__ — KIS 토큰 발급 실패: ('Connection aborted.', RemoteDisconnected('Remote end closed connection without response'))
2026-06-22 00:05:32,311 [WARNING] __main__ — KIS 토큰 발급 실패: ('Connection aborted.', RemoteDisconnected('Remote end closed connection without response'))
2026-06-22 00:05:32,779 [WARNING] __main__ — KIS 토큰 발급 실패: ('Connection aborted.', RemoteDisconnected('Remote end closed connection without response'))
2026-06-22 00:05:33,237 [WARNING] __main__ — KIS 토큰 발급 실패: ('Connection aborted.', RemoteDisconnected('Remote end closed connection without response'))
2026-06-22 00:05:33,703 [WARNING] __main__ — KIS 토큰 발급 실패: ('Connection aborted.', RemoteDisconnected('Remote end closed connection without response'))
2026-06-22 00:05:34,159 [WARNING] __main__ — KIS 토큰 발급 실패: ('Connection aborted.', RemoteDisconnected('Remote end closed connection without response'))
2026-06-22 00:05:34,618 [WARNING] __main__ — KIS 토큰 발급 실패: ('Connection aborted.', RemoteDisconnected('Remote end closed connection without response'))
2026-06-22 00:05:35,080 [WARNING] __main__ — KIS 토큰 발급 실패: ('Connection aborted.', RemoteDisconnected('Remote end closed connection without response'))
2026-06-22 00:05:35,541 [WARNING] __main__ — KIS 토큰 발급 실패: ('Connection aborted.', RemoteDisconnected('Remote end closed connection without response'))
2026-06-22 00:05:36,000 [WARNING] __main__ — KIS 토큰 발급 실패: ('Connection aborted.', RemoteDisconnected('Remote end closed connection without response'))
2026-06-22 00:05:36,444 [WARNING] __main__ — KIS 토큰 발급 실패: ('Connection aborted.', RemoteDisconnected('Remote end closed connection without response'))
2026-06-22 00:05:36,895 [WARNING] __main__ — KIS 토큰 발급 실패: ('Connection aborted.', RemoteDisconnected('Remote end closed connection without response'))
2026-06-22 00:05:37,370 [WARNING] __main__ — KIS 토큰 발급 실패: ('Connection aborted.', RemoteDisconnected('Remote end closed connection without response'))
2026-06-22 00:05:37,846 [WARNING] __main__ — KIS 토큰 발급 실패: ('Connection aborted.', RemoteDisconnected('Remote end closed connection without response'))
2026-06-22 00:05:38,291 [WARNING] __main__ — KIS 토큰 발급 실패: ('Connection aborted.', RemoteDisconnected('Remote end closed connection without response'))
2026-06-22 00:05:38,741 [WARNING] __main__ — KIS 토큰 발급 실패: ('Connection aborted.', RemoteDisconnected('Remote end closed connection without response'))
2026-06-22 00:05:39,197 [WARNING] __main__ — KIS 토큰 발급 실패: ('Connection aborted.', RemoteDisconnected('Remote end closed connection without response'))
2026-06-22 00:05:39,661 [WARNING] __main__ — KIS 토큰 발급 실패: ('Connection aborted.', RemoteDisconnected('Remote end closed connection without response'))
2026-06-22 00:05:40,131 [WARNING] __main__ — KIS 토큰 발급 실패: ('Connection aborted.', RemoteDisconnected('Remote end closed connection without response'))
2026-06-22 00:05:40,584 [WARNING] __main__ — KIS 토큰 발급 실패: ('Connection aborted.', RemoteDisconnected('Remote end closed connection without response'))
2026-06-22 00:05:41,033 [WARNING] __main__ — KIS 토큰 발급 실패: ('Connection aborted.', RemoteDisconnected('Remote end closed connection without response'))
2026-06-22 00:05:41,488 [WARNING] __main__ — KIS 토큰 발급 실패: ('Connection aborted.', RemoteDisconnected('Remote end closed connection without response'))
2026-06-22 00:05:41,942 [WARNING] __main__ — KIS 토큰 발급 실패: ('Connection aborted.', RemoteDisconnected('Remote end closed connection without response'))
2026-06-22 00:05:42,411 [WARNING] __main__ — KIS 토큰 발급 실패: ('Connection aborted.', RemoteDisconnected('Remote end closed connection without response'))
2026-06-22 00:05:42,890 [WARNING] __main__ — KIS 토큰 발급 실패: ('Connection aborted.', RemoteDisconnected('Remote end closed connection without response'))
2026-06-22 00:05:43,390 [WARNING] __main__ — KIS 토큰 발급 실패: ('Connection aborted.', RemoteDisconnected('Remote end closed connection without response'))
2026-06-22 00:05:43,842 [WARNING] __main__ — KIS 토큰 발급 실패: ('Connection aborted.', RemoteDisconnected('Remote end closed connection without response'))
2026-06-22 00:05:44,295 [WARNING] __main__ — KIS 토큰 발급 실패: ('Connection aborted.', RemoteDisconnected('Remote end closed connection without response'))
2026-06-22 00:05:44,757 [WARNING] __main__ — KIS 토큰 발급 실패: ('Connection aborted.', RemoteDisconnected('Remote end closed connection without response'))
2026-06-22 00:05:45,212 [WARNING] __main__ — KIS 토큰 발급 실패: ('Connection aborted.', RemoteDisconnected('Remote end closed connection without response'))
2026-06-22 00:05:45,692 [WARNING] __main__ — KIS 토큰 발급 실패: ('Connection aborted.', RemoteDisconnected('Remote end closed connection without response'))
2026-06-22 00:05:46,166 [WARNING] __main__ — KIS 토큰 발급 실패: ('Connection aborted.', RemoteDisconnected('Remote end closed connection without response'))
2026-06-22 00:05:46,628 [WARNING] __main__ — KIS 토큰 발급 실패: ('Connection aborted.', RemoteDisconnected('Remote end closed connection without response'))
2026-06-22 00:05:47,097 [WARNING] __main__ — KIS 토큰 발급 실패: ('Connection aborted.', RemoteDisconnected('Remote end closed connection without response'))
2026-06-22 00:05:47,556 [WARNING] __main__ — KIS 토큰 발급 실패: ('Connection aborted.', RemoteDisconnected('Remote end closed connection without response'))
2026-06-22 00:05:48,012 [WARNING] __main__ — KIS 토큰 발급 실패: ('Connection aborted.', RemoteDisconnected('Remote end closed connection without response'))
2026-06-22 00:05:48,478 [WARNING] __main__ — KIS 토큰 발급 실패: ('Connection aborted.', RemoteDisconnected('Remote end closed connection without response'))
2026-06-22 00:05:48,927 [WARNING] __main__ — KIS 토큰 발급 실패: ('Connection aborted.', RemoteDisconnected('Remote end closed connection without response'))
2026-06-22 00:05:49,387 [WARNING] __main__ — KIS 토큰 발급 실패: ('Connection aborted.', RemoteDisconnected('Remote end closed connection without response'))
2026-06-22 00:05:49,846 [WARNING] __main__ — KIS 토큰 발급 실패: ('Connection aborted.', RemoteDisconnected('Remote end closed connection without response'))
2026-06-22 00:05:50,314 [WARNING] __main__ — KIS 토큰 발급 실패: ('Connection aborted.', RemoteDisconnected('Remote end closed connection without response'))
2026-06-22 00:05:50,775 [WARNING] __main__ — KIS 토큰 발급 실패: ('Connection aborted.', RemoteDisconnected('Remote end closed connection without response'))
2026-06-22 00:05:51,225 [WARNING] __main__ — KIS 토큰 발급 실패: ('Connection aborted.', RemoteDisconnected('Remote end closed connection without response'))
2026-06-22 00:05:51,685 [WARNING] __main__ — KIS 토큰 발급 실패: ('Connection aborted.', RemoteDisconnected('Remote end closed connection without response'))
2026-06-22 00:05:52,172 [WARNING] __main__ — KIS 토큰 발급 실패: ('Connection aborted.', RemoteDisconnected('Remote end closed connection without response'))
2026-06-22 00:05:52,624 [WARNING] __main__ — KIS 토큰 발급 실패: ('Connection aborted.', RemoteDisconnected('Remote end closed connection without response'))
2026-06-22 00:05:53,075 [WARNING] __main__ — KIS 토큰 발급 실패: ('Connection aborted.', RemoteDisconnected('Remote end closed connection without response'))
2026-06-22 00:05:53,530 [WARNING] __main__ — KIS 토큰 발급 실패: ('Connection aborted.', RemoteDisconnected('Remote end closed connection without response'))
2026-06-22 00:05:54,007 [WARNING] __main__ — KIS 토큰 발급 실패: ('Connection aborted.', RemoteDisconnected('Remote end closed connection without response'))
2026-06-22 00:05:54,481 [WARNING] __main__ — KIS 토큰 발급 실패: ('Connection aborted.', RemoteDisconnected('Remote end closed connection without response'))
2026-06-22 00:05:54,931 [WARNING] __main__ — KIS 토큰 발급 실패: ('Connection aborted.', RemoteDisconnected('Remote end closed connection without response'))
2026-06-22 00:05:55,395 [WARNING] __main__ — KIS 토큰 발급 실패: ('Connection aborted.', RemoteDisconnected('Remote end closed connection without response'))
2026-06-22 00:05:55,872 [WARNING] __main__ — KIS 토큰 발급 실패: ('Connection aborted.', RemoteDisconnected('Remote end closed connection without response'))
2026-06-22 00:05:56,348 [WARNING] __main__ — KIS 토큰 발급 실패: ('Connection aborted.', RemoteDisconnected('Remote end closed connection without response'))
2026-06-22 00:05:56,804 [WARNING] __main__ — KIS 토큰 발급 실패: ('Connection aborted.', RemoteDisconnected('Remote end closed connection without response'))
2026-06-22 00:05:57,257 [WARNING] __main__ — KIS 토큰 발급 실패: ('Connection aborted.', RemoteDisconnected('Remote end closed connection without response'))
2026-06-22 00:05:57,722 [WARNING] __main__ — KIS 토큰 발급 실패: ('Connection aborted.', RemoteDisconnected('Remote end closed connection without response'))
2026-06-22 00:05:58,189 [WARNING] __main__ — KIS 토큰 발급 실패: ('Connection aborted.', RemoteDisconnected('Remote end closed connection without response'))
2026-06-22 00:05:58,661 [WARNING] __main__ — KIS 토큰 발급 실패: ('Connection aborted.', RemoteDisconnected('Remote end closed connection without response'))
2026-06-22 00:05:59,106 [WARNING] __main__ — KIS 토큰 발급 실패: ('Connection aborted.', RemoteDisconnected('Remote end closed connection without response'))
2026-06-22 00:05:59,573 [WARNING] __main__ — KIS 토큰 발급 실패: ('Connection aborted.', RemoteDisconnected('Remote end closed connection without response'))
2026-06-22 00:06:00,026 [WARNING] __main__ — KIS 토큰 발급 실패: ('Connection aborted.', RemoteDisconnected('Remote end closed connection without response'))
2026-06-22 00:06:00,468 [WARNING] __main__ — KIS 토큰 발급 실패: ('Connection aborted.', RemoteDisconnected('Remote end closed connection without response'))
2026-06-22 00:06:00,918 [WARNING] __main__ — KIS 토큰 발급 실패: ('Connection aborted.', RemoteDisconnected('Remote end closed connection without response'))
2026-06-22 00:06:01,382 [WARNING] __main__ — KIS 토큰 발급 실패: ('Connection aborted.', RemoteDisconnected('Remote end closed connection without response'))
2026-06-22 00:06:01,843 [WARNING] __main__ — KIS 토큰 발급 실패: ('Connection aborted.', RemoteDisconnected('Remote end closed connection without response'))
2026-06-22 00:06:02,312 [WARNING] __main__ — KIS 토큰 발급 실패: ('Connection aborted.', RemoteDisconnected('Remote end closed connection without response'))
2026-06-22 00:06:02,784 [WARNING] __main__ — KIS 토큰 발급 실패: ('Connection aborted.', RemoteDisconnected('Remote end closed connection without response'))
2026-06-22 00:06:03,242 [WARNING] __main__ — KIS 토큰 발급 실패: ('Connection aborted.', RemoteDisconnected('Remote end closed connection without response'))
2026-06-22 00:06:03,703 [WARNING] __main__ — KIS 토큰 발급 실패: ('Connection aborted.', RemoteDisconnected('Remote end closed connection without response'))
2026-06-22 00:06:04,157 [WARNING] __main__ — KIS 토큰 발급 실패: ('Connection aborted.', RemoteDisconnected('Remote end closed connection without response'))
2026-06-22 00:06:04,629 [WARNING] __main__ — KIS 토큰 발급 실패: ('Connection aborted.', RemoteDisconnected('Remote end closed connection without response'))
2026-06-22 00:06:05,087 [WARNING] __main__ — KIS 토큰 발급 실패: ('Connection aborted.', RemoteDisconnected('Remote end closed connection without response'))
2026-06-22 00:06:05,535 [WARNING] __main__ — KIS 토큰 발급 실패: ('Connection aborted.', RemoteDisconnected('Remote end closed connection without response'))
2026-06-22 00:06:05,995 [WARNING] __main__ — KIS 토큰 발급 실패: ('Connection aborted.', RemoteDisconnected('Remote end closed connection without response'))
2026-06-22 00:06:06,457 [WARNING] __main__ — KIS 토큰 발급 실패: ('Connection aborted.', RemoteDisconnected('Remote end closed connection without response'))
2026-06-22 00:06:06,919 [WARNING] __main__ — KIS 토큰 발급 실패: ('Connection aborted.', RemoteDisconnected('Remote end closed connection without response'))
2026-06-22 00:06:07,380 [WARNING] __main__ — KIS 토큰 발급 실패: ('Connection aborted.', RemoteDisconnected('Remote end closed connection without response'))
2026-06-22 00:06:07,835 [WARNING] __main__ — KIS 토큰 발급 실패: ('Connection aborted.', RemoteDisconnected('Remote end closed connection without response'))
2026-06-22 00:06:08,297 [WARNING] __main__ — KIS 토큰 발급 실패: ('Connection aborted.', RemoteDisconnected('Remote end closed connection without response'))
2026-06-22 00:06:08,771 [WARNING] __main__ — KIS 토큰 발급 실패: ('Connection aborted.', RemoteDisconnected('Remote end closed connection without response'))
2026-06-22 00:06:09,229 [WARNING] __main__ — KIS 토큰 발급 실패: ('Connection aborted.', RemoteDisconnected('Remote end closed connection without response'))
2026-06-22 00:06:09,688 [WARNING] __main__ — KIS 토큰 발급 실패: ('Connection aborted.', RemoteDisconnected('Remote end closed connection without response'))
2026-06-22 00:06:10,153 [WARNING] __main__ — KIS 토큰 발급 실패: ('Connection aborted.', RemoteDisconnected('Remote end closed connection without response'))
2026-06-22 00:06:10,601 [WARNING] __main__ — KIS 토큰 발급 실패: ('Connection aborted.', RemoteDisconnected('Remote end closed connection without response'))
2026-06-22 00:06:11,078 [WARNING] __main__ — KIS 토큰 발급 실패: ('Connection aborted.', RemoteDisconnected('Remote end closed connection without response'))
2026-06-22 00:06:11,545 [WARNING] __main__ — KIS 토큰 발급 실패: ('Connection aborted.', RemoteDisconnected('Remote end closed connection without response'))
2026-06-22 00:06:12,005 [WARNING] __main__ — KIS 토큰 발급 실패: ('Connection aborted.', RemoteDisconnected('Remote end closed connection without response'))
2026-06-22 00:06:12,449 [WARNING] __main__ — KIS 토큰 발급 실패: ('Connection aborted.', RemoteDisconnected('Remote end closed connection without response'))
2026-06-22 00:06:12,906 [WARNING] __main__ — KIS 토큰 발급 실패: ('Connection aborted.', RemoteDisconnected('Remote end closed connection without response'))
2026-06-22 00:06:13,367 [WARNING] __main__ — KIS 토큰 발급 실패: ('Connection aborted.', RemoteDisconnected('Remote end closed connection without response'))
2026-06-22 00:06:13,830 [WARNING] __main__ — KIS 토큰 발급 실패: ('Connection aborted.', RemoteDisconnected('Remote end closed connection without response'))
2026-06-22 00:06:14,295 [WARNING] __main__ — KIS 토큰 발급 실패: ('Connection aborted.', RemoteDisconnected('Remote end closed connection without response'))
2026-06-22 00:06:14,762 [WARNING] __main__ — KIS 토큰 발급 실패: ('Connection aborted.', RemoteDisconnected('Remote end closed connection without response'))
2026-06-22 00:06:15,222 [WARNING] __main__ — KIS 토큰 발급 실패: ('Connection aborted.', RemoteDisconnected('Remote end closed connection without response'))
2026-06-22 00:06:15,682 [WARNING] __main__ — KIS 토큰 발급 실패: ('Connection aborted.', RemoteDisconnected('Remote end closed connection without response'))
2026-06-22 00:06:16,178 [WARNING] __main__ — KIS 토큰 발급 실패: ('Connection aborted.', RemoteDisconnected('Remote end closed connection without response'))
2026-06-22 00:06:16,650 [WARNING] __main__ — KIS 토큰 발급 실패: ('Connection aborted.', RemoteDisconnected('Remote end closed connection without response'))
2026-06-22 00:06:17,107 [WARNING] __main__ — KIS 토큰 발급 실패: ('Connection aborted.', RemoteDisconnected('Remote end closed connection without response'))
2026-06-22 00:06:17,563 [WARNING] __main__ — KIS 토큰 발급 실패: ('Connection aborted.', RemoteDisconnected('Remote end closed connection without response'))
2026-06-22 00:06:18,023 [WARNING] __main__ — KIS 토큰 발급 실패: ('Connection aborted.', RemoteDisconnected('Remote end closed connection without response'))
2026-06-22 00:06:18,488 [WARNING] __main__ — KIS 토큰 발급 실패: ('Connection aborted.', RemoteDisconnected('Remote end closed connection without response'))
2026-06-22 00:06:18,937 [WARNING] __main__ — KIS 토큰 발급 실패: ('Connection aborted.', RemoteDisconnected('Remote end closed connection without response'))
2026-06-22 00:06:19,387 [WARNING] __main__ — KIS 토큰 발급 실패: ('Connection aborted.', RemoteDisconnected('Remote end closed connection without response'))
2026-06-22 00:06:19,841 [WARNING] __main__ — KIS 토큰 발급 실패: ('Connection aborted.', RemoteDisconnected('Remote end closed connection without response'))
2026-06-22 00:06:20,287 [WARNING] __main__ — KIS 토큰 발급 실패: ('Connection aborted.', RemoteDisconnected('Remote end closed connection without response'))
2026-06-22 00:06:20,744 [WARNING] __main__ — KIS 토큰 발급 실패: ('Connection aborted.', RemoteDisconnected('Remote end closed connection without response'))
2026-06-22 00:06:21,214 [WARNING] __main__ — KIS 토큰 발급 실패: ('Connection aborted.', RemoteDisconnected('Remote end closed connection without response'))
2026-06-22 00:06:21,669 [WARNING] __main__ — KIS 토큰 발급 실패: ('Connection aborted.', RemoteDisconnected('Remote end closed connection without response'))
2026-06-22 00:06:22,126 [WARNING] __main__ — KIS 토큰 발급 실패: ('Connection aborted.', RemoteDisconnected('Remote end closed connection without response'))
2026-06-22 00:06:22,575 [WARNING] __main__ — KIS 토큰 발급 실패: ('Connection aborted.', RemoteDisconnected('Remote end closed connection without response'))
2026-06-22 00:06:23,048 [WARNING] __main__ — KIS 토큰 발급 실패: ('Connection aborted.', RemoteDisconnected('Remote end closed connection without response'))
2026-06-22 00:06:23,509 [WARNING] __main__ — KIS 토큰 발급 실패: ('Connection aborted.', RemoteDisconnected('Remote end closed connection without response'))
2026-06-22 00:06:23,979 [WARNING] __main__ — KIS 토큰 발급 실패: ('Connection aborted.', RemoteDisconnected('Remote end closed connection without response'))
2026-06-22 00:06:24,456 [WARNING] __main__ — KIS 토큰 발급 실패: ('Connection aborted.', RemoteDisconnected('Remote end closed connection without response'))
2026-06-22 00:06:24,907 [WARNING] __main__ — KIS 토큰 발급 실패: ('Connection aborted.', RemoteDisconnected('Remote end closed connection without response'))
2026-06-22 00:06:25,371 [WARNING] __main__ — KIS 토큰 발급 실패: ('Connection aborted.', RemoteDisconnected('Remote end closed connection without response'))
2026-06-22 00:06:25,846 [WARNING] __main__ — KIS 토큰 발급 실패: ('Connection aborted.', RemoteDisconnected('Remote end closed connection without response'))
2026-06-22 00:06:26,316 [WARNING] __main__ — KIS 토큰 발급 실패: ('Connection aborted.', RemoteDisconnected('Remote end closed connection without response'))
2026-06-22 00:06:26,771 [WARNING] __main__ — KIS 토큰 발급 실패: ('Connection aborted.', RemoteDisconnected('Remote end closed connection without response'))
2026-06-22 00:06:27,231 [WARNING] __main__ — KIS 토큰 발급 실패: ('Connection aborted.', RemoteDisconnected('Remote end closed connection without response'))
2026-06-22 00:06:27,694 [WARNING] __main__ — KIS 토큰 발급 실패: ('Connection aborted.', RemoteDisconnected('Remote end closed connection without response'))
2026-06-22 00:06:28,146 [WARNING] __main__ — KIS 토큰 발급 실패: ('Connection aborted.', RemoteDisconnected('Remote end closed connection without response'))
2026-06-22 00:06:28,610 [WARNING] __main__ — KIS 토큰 발급 실패: ('Connection aborted.', RemoteDisconnected('Remote end closed connection without response'))
2026-06-22 00:06:29,063 [WARNING] __main__ — KIS 토큰 발급 실패: ('Connection aborted.', RemoteDisconnected('Remote end closed connection without response'))
2026-06-22 00:06:29,532 [WARNING] __main__ — KIS 토큰 발급 실패: ('Connection aborted.', RemoteDisconnected('Remote end closed connection without response'))
2026-06-22 00:06:29,998 [WARNING] __main__ — KIS 토큰 발급 실패: ('Connection aborted.', RemoteDisconnected('Remote end closed connection without response'))
2026-06-22 00:06:30,452 [WARNING] __main__ — KIS 토큰 발급 실패: ('Connection aborted.', RemoteDisconnected('Remote end closed connection without response'))
2026-06-22 00:06:30,900 [WARNING] __main__ — KIS 토큰 발급 실패: ('Connection aborted.', RemoteDisconnected('Remote end closed connection without response'))
2026-06-22 00:06:31,356 [WARNING] __main__ — KIS 토큰 발급 실패: ('Connection aborted.', RemoteDisconnected('Remote end closed connection without response'))
2026-06-22 00:06:31,829 [WARNING] __main__ — KIS 토큰 발급 실패: ('Connection aborted.', RemoteDisconnected('Remote end closed connection without response'))
2026-06-22 00:06:32,291 [WARNING] __main__ — KIS 토큰 발급 실패: ('Connection aborted.', RemoteDisconnected('Remote end closed connection without response'))
2026-06-22 00:06:32,748 [WARNING] __main__ — KIS 토큰 발급 실패: ('Connection aborted.', RemoteDisconnected('Remote end closed connection without response'))
2026-06-22 00:06:33,206 [WARNING] __main__ — KIS 토큰 발급 실패: ('Connection aborted.', RemoteDisconnected('Remote end closed connection without response'))
2026-06-22 00:06:33,661 [WARNING] __main__ — KIS 토큰 발급 실패: ('Connection aborted.', RemoteDisconnected('Remote end closed connection without response'))
2026-06-22 00:06:34,115 [WARNING] __main__ — KIS 토큰 발급 실패: ('Connection aborted.', RemoteDisconnected('Remote end closed connection without response'))
2026-06-22 00:06:34,621 [WARNING] __main__ — KIS 토큰 발급 실패: ('Connection aborted.', RemoteDisconnected('Remote end closed connection without response'))
2026-06-22 00:06:35,093 [WARNING] __main__ — KIS 토큰 발급 실패: ('Connection aborted.', RemoteDisconnected('Remote end closed connection without response'))
2026-06-22 00:06:35,535 [WARNING] __main__ — KIS 토큰 발급 실패: ('Connection aborted.', RemoteDisconnected('Remote end closed connection without response'))
2026-06-22 00:06:36,006 [WARNING] __main__ — KIS 토큰 발급 실패: ('Connection aborted.', RemoteDisconnected('Remote end closed connection without response'))
2026-06-22 00:06:36,475 [WARNING] __main__ — KIS 토큰 발급 실패: ('Connection aborted.', RemoteDisconnected('Remote end closed connection without response'))
2026-06-22 00:06:36,926 [WARNING] __main__ — KIS 토큰 발급 실패: ('Connection aborted.', RemoteDisconnected('Remote end closed connection without response'))
2026-06-22 00:06:37,388 [WARNING] __main__ — KIS 토큰 발급 실패: ('Connection aborted.', RemoteDisconnected('Remote end closed connection without response'))
2026-06-22 00:06:37,840 [WARNING] __main__ — KIS 토큰 발급 실패: ('Connection aborted.', RemoteDisconnected('Remote end closed connection without response'))
2026-06-22 00:06:38,294 [WARNING] __main__ — KIS 토큰 발급 실패: ('Connection aborted.', RemoteDisconnected('Remote end closed connection without response'))
2026-06-22 00:06:38,751 [WARNING] __main__ — KIS 토큰 발급 실패: ('Connection aborted.', RemoteDisconnected('Remote end closed connection without response'))
2026-06-22 00:06:39,225 [WARNING] __main__ — KIS 토큰 발급 실패: ('Connection aborted.', RemoteDisconnected('Remote end closed connection without response'))
2026-06-22 00:06:39,668 [WARNING] __main__ — KIS 토큰 발급 실패: ('Connection aborted.', RemoteDisconnected('Remote end closed connection without response'))
2026-06-22 00:06:40,130 [WARNING] __main__ — KIS 토큰 발급 실패: ('Connection aborted.', RemoteDisconnected('Remote end closed connection without response'))
2026-06-22 00:06:40,582 [WARNING] __main__ — KIS 토큰 발급 실패: ('Connection aborted.', RemoteDisconnected('Remote end closed connection without response'))
2026-06-22 00:06:41,045 [WARNING] __main__ — KIS 토큰 발급 실패: ('Connection aborted.', RemoteDisconnected('Remote end closed connection without response'))
2026-06-22 00:06:41,517 [WARNING] __main__ — KIS 토큰 발급 실패: ('Connection aborted.', RemoteDisconnected('Remote end closed connection without response'))
2026-06-22 00:06:41,972 [WARNING] __main__ — KIS 토큰 발급 실패: ('Connection aborted.', RemoteDisconnected('Remote end closed connection without response'))
2026-06-22 00:06:42,448 [WARNING] __main__ — KIS 토큰 발급 실패: ('Connection aborted.', RemoteDisconnected('Remote end closed connection without response'))
2026-06-22 00:06:42,905 [WARNING] __main__ — KIS 토큰 발급 실패: ('Connection aborted.', RemoteDisconnected('Remote end closed connection without response'))
2026-06-22 00:06:43,356 [WARNING] __main__ — KIS 토큰 발급 실패: ('Connection aborted.', RemoteDisconnected('Remote end closed connection without response'))
2026-06-22 00:06:43,830 [WARNING] __main__ — KIS 토큰 발급 실패: ('Connection aborted.', RemoteDisconnected('Remote end closed connection without response'))
2026-06-22 00:06:44,280 [WARNING] __main__ — KIS 토큰 발급 실패: ('Connection aborted.', RemoteDisconnected('Remote end closed connection without response'))
2026-06-22 00:06:44,739 [WARNING] __main__ — KIS 토큰 발급 실패: ('Connection aborted.', RemoteDisconnected('Remote end closed connection without response'))
2026-06-22 00:06:45,201 [WARNING] __main__ — KIS 토큰 발급 실패: ('Connection aborted.', RemoteDisconnected('Remote end closed connection without response'))
2026-06-22 00:06:45,651 [WARNING] __main__ — KIS 토큰 발급 실패: ('Connection aborted.', RemoteDisconnected('Remote end closed connection without response'))
2026-06-22 00:06:46,102 [WARNING] __main__ — KIS 토큰 발급 실패: ('Connection aborted.', RemoteDisconnected('Remote end closed connection without response'))
2026-06-22 00:06:46,553 [WARNING] __main__ — KIS 토큰 발급 실패: ('Connection aborted.', RemoteDisconnected('Remote end closed connection without response'))
2026-06-22 00:06:47,014 [WARNING] __main__ — KIS 토큰 발급 실패: ('Connection aborted.', RemoteDisconnected('Remote end closed connection without response'))
2026-06-22 00:06:47,463 [WARNING] __main__ — KIS 토큰 발급 실패: ('Connection aborted.', RemoteDisconnected('Remote end closed connection without response'))
2026-06-22 00:06:47,918 [WARNING] __main__ — KIS 토큰 발급 실패: ('Connection aborted.', RemoteDisconnected('Remote end closed connection without response'))
2026-06-22 00:06:48,381 [WARNING] __main__ — KIS 토큰 발급 실패: ('Connection aborted.', RemoteDisconnected('Remote end closed connection without response'))
2026-06-22 00:06:48,839 [WARNING] __main__ — KIS 토큰 발급 실패: ('Connection aborted.', RemoteDisconnected('Remote end closed connection without response'))
2026-06-22 00:06:49,297 [WARNING] __main__ — KIS 토큰 발급 실패: ('Connection aborted.', RemoteDisconnected('Remote end closed connection without response'))
2026-06-22 00:06:49,782 [WARNING] __main__ — KIS 토큰 발급 실패: ('Connection aborted.', RemoteDisconnected('Remote end closed connection without response'))
2026-06-22 00:06:50,233 [WARNING] __main__ — KIS 토큰 발급 실패: ('Connection aborted.', RemoteDisconnected('Remote end closed connection without response'))
2026-06-22 00:06:50,694 [WARNING] __main__ — KIS 토큰 발급 실패: ('Connection aborted.', RemoteDisconnected('Remote end closed connection without response'))
2026-06-22 00:06:51,156 [WARNING] __main__ — KIS 토큰 발급 실패: ('Connection aborted.', RemoteDisconnected('Remote end closed connection without response'))
2026-06-22 00:06:51,600 [WARNING] __main__ — KIS 토큰 발급 실패: ('Connection aborted.', RemoteDisconnected('Remote end closed connection without response'))
2026-06-22 00:06:52,063 [WARNING] __main__ — KIS 토큰 발급 실패: ('Connection aborted.', RemoteDisconnected('Remote end closed connection without response'))
2026-06-22 00:06:52,508 [WARNING] __main__ — KIS 토큰 발급 실패: ('Connection aborted.', RemoteDisconnected('Remote end closed connection without response'))
2026-06-22 00:06:52,951 [WARNING] __main__ — KIS 토큰 발급 실패: ('Connection aborted.', RemoteDisconnected('Remote end closed connection without response'))
2026-06-22 00:06:53,428 [WARNING] __main__ — KIS 토큰 발급 실패: ('Connection aborted.', RemoteDisconnected('Remote end closed connection without response'))
2026-06-22 00:06:53,889 [WARNING] __main__ — KIS 토큰 발급 실패: ('Connection aborted.', RemoteDisconnected('Remote end closed connection without response'))
2026-06-22 00:06:54,356 [WARNING] __main__ — KIS 토큰 발급 실패: ('Connection aborted.', RemoteDisconnected('Remote end closed connection without response'))
2026-06-22 00:06:54,811 [WARNING] __main__ — KIS 토큰 발급 실패: ('Connection aborted.', RemoteDisconnected('Remote end closed connection without response'))
2026-06-22 00:06:55,279 [WARNING] __main__ — KIS 토큰 발급 실패: ('Connection aborted.', RemoteDisconnected('Remote end closed connection without response'))
2026-06-22 00:06:55,736 [WARNING] __main__ — KIS 토큰 발급 실패: ('Connection aborted.', RemoteDisconnected('Remote end closed connection without response'))
2026-06-22 00:06:56,189 [WARNING] __main__ — KIS 토큰 발급 실패: ('Connection aborted.', RemoteDisconnected('Remote end closed connection without response'))
2026-06-22 00:06:56,646 [WARNING] __main__ — KIS 토큰 발급 실패: ('Connection aborted.', RemoteDisconnected('Remote end closed connection without response'))
2026-06-22 00:06:57,121 [WARNING] __main__ — KIS 토큰 발급 실패: ('Connection aborted.', RemoteDisconnected('Remote end closed connection without response'))
2026-06-22 00:06:57,575 [WARNING] __main__ — KIS 토큰 발급 실패: ('Connection aborted.', RemoteDisconnected('Remote end closed connection without response'))
2026-06-22 00:06:58,024 [WARNING] __main__ — KIS 토큰 발급 실패: ('Connection aborted.', RemoteDisconnected('Remote end closed connection without response'))
2026-06-22 00:06:58,489 [WARNING] __main__ — KIS 토큰 발급 실패: ('Connection aborted.', RemoteDisconnected('Remote end closed connection without response'))
2026-06-22 00:06:58,949 [WARNING] __main__ — KIS 토큰 발급 실패: ('Connection aborted.', RemoteDisconnected('Remote end closed connection without response'))
2026-06-22 00:06:59,419 [WARNING] __main__ — KIS 토큰 발급 실패: ('Connection aborted.', RemoteDisconnected('Remote end closed connection without response'))
2026-06-22 00:06:59,880 [WARNING] __main__ — KIS 토큰 발급 실패: ('Connection aborted.', RemoteDisconnected('Remote end closed connection without response'))
2026-06-22 00:07:00,332 [WARNING] __main__ — KIS 토큰 발급 실패: ('Connection aborted.', RemoteDisconnected('Remote end closed connection without response'))
2026-06-22 00:07:00,806 [WARNING] __main__ — KIS 토큰 발급 실패: ('Connection aborted.', RemoteDisconnected('Remote end closed connection without response'))
2026-06-22 00:07:01,254 [WARNING] __main__ — KIS 토큰 발급 실패: ('Connection aborted.', RemoteDisconnected('Remote end closed connection without response'))
2026-06-22 00:07:01,725 [WARNING] __main__ — KIS 토큰 발급 실패: ('Connection aborted.', RemoteDisconnected('Remote end closed connection without response'))
2026-06-22 00:07:02,198 [WARNING] __main__ — KIS 토큰 발급 실패: ('Connection aborted.', RemoteDisconnected('Remote end closed connection without response'))
2026-06-22 00:07:02,661 [WARNING] __main__ — KIS 토큰 발급 실패: ('Connection aborted.', RemoteDisconnected('Remote end closed connection without response'))
2026-06-22 00:07:03,134 [WARNING] __main__ — KIS 토큰 발급 실패: ('Connection aborted.', RemoteDisconnected('Remote end closed connection without response'))
2026-06-22 00:07:03,598 [WARNING] __main__ — KIS 토큰 발급 실패: ('Connection aborted.', RemoteDisconnected('Remote end closed connection without response'))
2026-06-22 00:07:04,056 [WARNING] __main__ — KIS 토큰 발급 실패: ('Connection aborted.', RemoteDisconnected('Remote end closed connection without response'))
2026-06-22 00:07:04,509 [WARNING] __main__ — KIS 토큰 발급 실패: ('Connection aborted.', RemoteDisconnected('Remote end closed connection without response'))
2026-06-22 00:07:04,965 [WARNING] __main__ — KIS 토큰 발급 실패: ('Connection aborted.', RemoteDisconnected('Remote end closed connection without response'))
2026-06-22 00:07:05,415 [WARNING] __main__ — KIS 토큰 발급 실패: ('Connection aborted.', RemoteDisconnected('Remote end closed connection without response'))
2026-06-22 00:07:05,861 [WARNING] __main__ — KIS 토큰 발급 실패: ('Connection aborted.', RemoteDisconnected('Remote end closed connection without response'))
2026-06-22 00:07:06,309 [WARNING] __main__ — KIS 토큰 발급 실패: ('Connection aborted.', RemoteDisconnected('Remote end closed connection without response'))
2026-06-22 00:07:06,772 [WARNING] __main__ — KIS 토큰 발급 실패: ('Connection aborted.', RemoteDisconnected('Remote end closed connection without response'))
2026-06-22 00:07:07,235 [WARNING] __main__ — KIS 토큰 발급 실패: ('Connection aborted.', RemoteDisconnected('Remote end closed connection without response'))
2026-06-22 00:07:07,689 [WARNING] __main__ — KIS 토큰 발급 실패: ('Connection aborted.', RemoteDisconnected('Remote end closed connection without response'))
2026-06-22 00:07:08,160 [WARNING] __main__ — KIS 토큰 발급 실패: ('Connection aborted.', RemoteDisconnected('Remote end closed connection without response'))
2026-06-22 00:07:08,634 [WARNING] __main__ — KIS 토큰 발급 실패: ('Connection aborted.', RemoteDisconnected('Remote end closed connection without response'))
2026-06-22 00:07:09,099 [WARNING] __main__ — KIS 토큰 발급 실패: ('Connection aborted.', RemoteDisconnected('Remote end closed connection without response'))
2026-06-22 00:07:09,562 [WARNING] __main__ — KIS 토큰 발급 실패: ('Connection aborted.', RemoteDisconnected('Remote end closed connection without response'))
2026-06-22 00:07:10,034 [WARNING] __main__ — KIS 토큰 발급 실패: ('Connection aborted.', RemoteDisconnected('Remote end closed connection without response'))
2026-06-22 00:07:10,503 [WARNING] __main__ — KIS 토큰 발급 실패: ('Connection aborted.', RemoteDisconnected('Remote end closed connection without response'))
2026-06-22 00:07:10,971 [WARNING] __main__ — KIS 토큰 발급 실패: ('Connection aborted.', RemoteDisconnected('Remote end closed connection without response'))
2026-06-22 00:07:11,424 [WARNING] __main__ — KIS 토큰 발급 실패: ('Connection aborted.', RemoteDisconnected('Remote end closed connection without response'))
2026-06-22 00:07:11,887 [WARNING] __main__ — KIS 토큰 발급 실패: ('Connection aborted.', RemoteDisconnected('Remote end closed connection without response'))
2026-06-22 00:07:12,365 [WARNING] __main__ — KIS 토큰 발급 실패: ('Connection aborted.', RemoteDisconnected('Remote end closed connection without response'))
2026-06-22 00:07:12,838 [WARNING] __main__ — KIS 토큰 발급 실패: ('Connection aborted.', RemoteDisconnected('Remote end closed connection without response'))
2026-06-22 00:07:13,305 [WARNING] __main__ — KIS 토큰 발급 실패: ('Connection aborted.', RemoteDisconnected('Remote end closed connection without response'))
2026-06-22 00:07:13,757 [WARNING] __main__ — KIS 토큰 발급 실패: ('Connection aborted.', RemoteDisconnected('Remote end closed connection without response'))
2026-06-22 00:07:14,227 [WARNING] __main__ — KIS 토큰 발급 실패: ('Connection aborted.', RemoteDisconnected('Remote end closed connection without response'))
2026-06-22 00:07:14,688 [WARNING] __main__ — KIS 토큰 발급 실패: ('Connection aborted.', RemoteDisconnected('Remote end closed connection without response'))
2026-06-22 00:07:15,143 [WARNING] __main__ — KIS 토큰 발급 실패: ('Connection aborted.', RemoteDisconnected('Remote end closed connection without response'))
2026-06-22 00:07:15,615 [WARNING] __main__ — KIS 토큰 발급 실패: ('Connection aborted.', RemoteDisconnected('Remote end closed connection without response'))
2026-06-22 00:07:16,063 [WARNING] __main__ — KIS 토큰 발급 실패: ('Connection aborted.', RemoteDisconnected('Remote end closed connection without response'))
2026-06-22 00:07:16,530 [WARNING] __main__ — KIS 토큰 발급 실패: ('Connection aborted.', RemoteDisconnected('Remote end closed connection without response'))
2026-06-22 00:07:16,996 [WARNING] __main__ — KIS 토큰 발급 실패: ('Connection aborted.', RemoteDisconnected('Remote end closed connection without response'))
2026-06-22 00:07:17,466 [WARNING] __main__ — KIS 토큰 발급 실패: ('Connection aborted.', RemoteDisconnected('Remote end closed connection without response'))
2026-06-22 00:07:17,916 [WARNING] __main__ — KIS 토큰 발급 실패: ('Connection aborted.', RemoteDisconnected('Remote end closed connection without response'))
2026-06-22 00:07:18,381 [WARNING] __main__ — KIS 토큰 발급 실패: ('Connection aborted.', RemoteDisconnected('Remote end closed connection without response'))
2026-06-22 00:07:18,837 [WARNING] __main__ — KIS 토큰 발급 실패: ('Connection aborted.', RemoteDisconnected('Remote end closed connection without response'))
2026-06-22 00:07:19,295 [WARNING] __main__ — KIS 토큰 발급 실패: ('Connection aborted.', RemoteDisconnected('Remote end closed connection without response'))
2026-06-22 00:07:19,741 [WARNING] __main__ — KIS 토큰 발급 실패: ('Connection aborted.', RemoteDisconnected('Remote end closed connection without response'))
2026-06-22 00:07:20,203 [WARNING] __main__ — KIS 토큰 발급 실패: ('Connection aborted.', RemoteDisconnected('Remote end closed connection without response'))
2026-06-22 00:07:20,655 [WARNING] __main__ — KIS 토큰 발급 실패: ('Connection aborted.', RemoteDisconnected('Remote end closed connection without response'))
2026-06-22 00:07:21,115 [WARNING] __main__ — KIS 토큰 발급 실패: ('Connection aborted.', RemoteDisconnected('Remote end closed connection without response'))
2026-06-22 00:07:21,589 [WARNING] __main__ — KIS 토큰 발급 실패: ('Connection aborted.', RemoteDisconnected('Remote end closed connection without response'))
2026-06-22 00:07:22,048 [WARNING] __main__ — KIS 토큰 발급 실패: ('Connection aborted.', RemoteDisconnected('Remote end closed connection without response'))
2026-06-22 00:07:22,506 [WARNING] __main__ — KIS 토큰 발급 실패: ('Connection aborted.', RemoteDisconnected('Remote end closed connection without response'))
2026-06-22 00:07:22,976 [WARNING] __main__ — KIS 토큰 발급 실패: ('Connection aborted.', RemoteDisconnected('Remote end closed connection without response'))
2026-06-22 00:07:23,421 [WARNING] __main__ — KIS 토큰 발급 실패: ('Connection aborted.', RemoteDisconnected('Remote end closed connection without response'))
2026-06-22 00:07:23,860 [WARNING] __main__ — KIS 토큰 발급 실패: ('Connection aborted.', RemoteDisconnected('Remote end closed connection without response'))
2026-06-22 00:07:24,335 [WARNING] __main__ — KIS 토큰 발급 실패: ('Connection aborted.', RemoteDisconnected('Remote end closed connection without response'))
2026-06-22 00:07:24,802 [WARNING] __main__ — KIS 토큰 발급 실패: ('Connection aborted.', RemoteDisconnected('Remote end closed connection without response'))
2026-06-22 00:07:25,256 [WARNING] __main__ — KIS 토큰 발급 실패: ('Connection aborted.', RemoteDisconnected('Remote end closed connection without response'))
2026-06-22 00:07:25,719 [WARNING] __main__ — KIS 토큰 발급 실패: ('Connection aborted.', RemoteDisconnected('Remote end closed connection without response'))
2026-06-22 00:07:26,175 [WARNING] __main__ — KIS 토큰 발급 실패: ('Connection aborted.', RemoteDisconnected('Remote end closed connection without response'))
2026-06-22 00:07:26,640 [WARNING] __main__ — KIS 토큰 발급 실패: ('Connection aborted.', RemoteDisconnected('Remote end closed connection without response'))
2026-06-22 00:07:27,090 [WARNING] __main__ — KIS 토큰 발급 실패: ('Connection aborted.', RemoteDisconnected('Remote end closed connection without response'))
2026-06-22 00:07:27,550 [WARNING] __main__ — KIS 토큰 발급 실패: ('Connection aborted.', RemoteDisconnected('Remote end closed connection without response'))
2026-06-22 00:07:28,007 [WARNING] __main__ — KIS 토큰 발급 실패: ('Connection aborted.', RemoteDisconnected('Remote end closed connection without response'))
2026-06-22 00:07:28,461 [WARNING] __main__ — KIS 토큰 발급 실패: ('Connection aborted.', RemoteDisconnected('Remote end closed connection without response'))
2026-06-22 00:07:28,913 [WARNING] __main__ — KIS 토큰 발급 실패: ('Connection aborted.', RemoteDisconnected('Remote end closed connection without response'))
2026-06-22 00:07:29,369 [WARNING] __main__ — KIS 토큰 발급 실패: ('Connection aborted.', RemoteDisconnected('Remote end closed connection without response'))
2026-06-22 00:07:29,825 [WARNING] __main__ — KIS 토큰 발급 실패: ('Connection aborted.', RemoteDisconnected('Remote end closed connection without response'))
2026-06-22 00:07:30,285 [WARNING] __main__ — KIS 토큰 발급 실패: ('Connection aborted.', RemoteDisconnected('Remote end closed connection without response'))
2026-06-22 00:07:30,745 [WARNING] __main__ — KIS 토큰 발급 실패: ('Connection aborted.', RemoteDisconnected('Remote end closed connection without response'))
2026-06-22 00:07:31,194 [WARNING] __main__ — KIS 토큰 발급 실패: ('Connection aborted.', RemoteDisconnected('Remote end closed connection without response'))
2026-06-22 00:07:31,641 [WARNING] __main__ — KIS 토큰 발급 실패: ('Connection aborted.', RemoteDisconnected('Remote end closed connection without response'))
2026-06-22 00:07:32,102 [WARNING] __main__ — KIS 토큰 발급 실패: ('Connection aborted.', RemoteDisconnected('Remote end closed connection without response'))
2026-06-22 00:07:32,567 [WARNING] __main__ — KIS 토큰 발급 실패: ('Connection aborted.', RemoteDisconnected('Remote end closed connection without response'))
2026-06-22 00:07:33,029 [WARNING] __main__ — KIS 토큰 발급 실패: ('Connection aborted.', RemoteDisconnected('Remote end closed connection without response'))
2026-06-22 00:07:33,479 [WARNING] __main__ — KIS 토큰 발급 실패: ('Connection aborted.', RemoteDisconnected('Remote end closed connection without response'))
2026-06-22 00:07:33,937 [WARNING] __main__ — KIS 토큰 발급 실패: ('Connection aborted.', RemoteDisconnected('Remote end closed connection without response'))
2026-06-22 00:07:34,411 [WARNING] __main__ — KIS 토큰 발급 실패: ('Connection aborted.', RemoteDisconnected('Remote end closed connection without response'))
2026-06-22 00:07:34,865 [WARNING] __main__ — KIS 토큰 발급 실패: ('Connection aborted.', RemoteDisconnected('Remote end closed connection without response'))
2026-06-22 00:07:35,328 [WARNING] __main__ — KIS 토큰 발급 실패: ('Connection aborted.', RemoteDisconnected('Remote end closed connection without response'))
2026-06-22 00:07:35,792 [WARNING] __main__ — KIS 토큰 발급 실패: ('Connection aborted.', RemoteDisconnected('Remote end closed connection without response'))
2026-06-22 00:07:36,261 [WARNING] __main__ — KIS 토큰 발급 실패: ('Connection aborted.', RemoteDisconnected('Remote end closed connection without response'))
2026-06-22 00:07:36,720 [WARNING] __main__ — KIS 토큰 발급 실패: ('Connection aborted.', RemoteDisconnected('Remote end closed connection without response'))
2026-06-22 00:07:37,171 [WARNING] __main__ — KIS 토큰 발급 실패: ('Connection aborted.', RemoteDisconnected('Remote end closed connection without response'))
2026-06-22 00:07:37,623 [WARNING] __main__ — KIS 토큰 발급 실패: ('Connection aborted.', RemoteDisconnected('Remote end closed connection without response'))
2026-06-22 00:07:38,101 [WARNING] __main__ — KIS 토큰 발급 실패: ('Connection aborted.', RemoteDisconnected('Remote end closed connection without response'))
2026-06-22 00:07:38,573 [WARNING] __main__ — KIS 토큰 발급 실패: ('Connection aborted.', RemoteDisconnected('Remote end closed connection without response'))
2026-06-22 00:07:39,026 [WARNING] __main__ — KIS 토큰 발급 실패: ('Connection aborted.', RemoteDisconnected('Remote end closed connection without response'))
2026-06-22 00:07:39,478 [WARNING] __main__ — KIS 토큰 발급 실패: ('Connection aborted.', RemoteDisconnected('Remote end closed connection without response'))
2026-06-22 00:07:39,933 [WARNING] __main__ — KIS 토큰 발급 실패: ('Connection aborted.', RemoteDisconnected('Remote end closed connection without response'))
2026-06-22 00:07:40,387 [WARNING] __main__ — KIS 토큰 발급 실패: ('Connection aborted.', RemoteDisconnected('Remote end closed connection without response'))
2026-06-22 00:07:40,848 [WARNING] __main__ — KIS 토큰 발급 실패: ('Connection aborted.', RemoteDisconnected('Remote end closed connection without response'))
2026-06-22 00:07:41,306 [WARNING] __main__ — KIS 토큰 발급 실패: ('Connection aborted.', RemoteDisconnected('Remote end closed connection without response'))
2026-06-22 00:07:41,782 [WARNING] __main__ — KIS 토큰 발급 실패: ('Connection aborted.', RemoteDisconnected('Remote end closed connection without response'))
2026-06-22 00:07:42,249 [WARNING] __main__ — KIS 토큰 발급 실패: ('Connection aborted.', RemoteDisconnected('Remote end closed connection without response'))
2026-06-22 00:07:42,714 [WARNING] __main__ — KIS 토큰 발급 실패: ('Connection aborted.', RemoteDisconnected('Remote end closed connection without response'))
2026-06-22 00:07:43,178 [WARNING] __main__ — KIS 토큰 발급 실패: ('Connection aborted.', RemoteDisconnected('Remote end closed connection without response'))
2026-06-22 00:07:43,654 [WARNING] __main__ — KIS 토큰 발급 실패: ('Connection aborted.', RemoteDisconnected('Remote end closed connection without response'))
2026-06-22 00:07:44,113 [WARNING] __main__ — KIS 토큰 발급 실패: ('Connection aborted.', RemoteDisconnected('Remote end closed connection without response'))
2026-06-22 00:07:44,576 [WARNING] __main__ — KIS 토큰 발급 실패: ('Connection aborted.', RemoteDisconnected('Remote end closed connection without response'))
2026-06-22 00:07:45,048 [WARNING] __main__ — KIS 토큰 발급 실패: ('Connection aborted.', RemoteDisconnected('Remote end closed connection without response'))
2026-06-22 00:07:45,509 [WARNING] __main__ — KIS 토큰 발급 실패: ('Connection aborted.', RemoteDisconnected('Remote end closed connection without response'))
2026-06-22 00:07:45,970 [WARNING] __main__ — KIS 토큰 발급 실패: ('Connection aborted.', RemoteDisconnected('Remote end closed connection without response'))
2026-06-22 00:07:46,433 [WARNING] __main__ — KIS 토큰 발급 실패: ('Connection aborted.', RemoteDisconnected('Remote end closed connection without response'))
2026-06-22 00:07:46,904 [WARNING] __main__ — KIS 토큰 발급 실패: ('Connection aborted.', RemoteDisconnected('Remote end closed connection without response'))
2026-06-22 00:07:47,364 [WARNING] __main__ — KIS 토큰 발급 실패: ('Connection aborted.', RemoteDisconnected('Remote end closed connection without response'))
2026-06-22 00:07:47,810 [WARNING] __main__ — KIS 토큰 발급 실패: ('Connection aborted.', RemoteDisconnected('Remote end closed connection without response'))
2026-06-22 00:07:48,286 [WARNING] __main__ — KIS 토큰 발급 실패: ('Connection aborted.', RemoteDisconnected('Remote end closed connection without response'))
2026-06-22 00:07:48,745 [WARNING] __main__ — KIS 토큰 발급 실패: ('Connection aborted.', RemoteDisconnected('Remote end closed connection without response'))
2026-06-22 00:07:49,199 [WARNING] __main__ — KIS 토큰 발급 실패: ('Connection aborted.', RemoteDisconnected('Remote end closed connection without response'))
2026-06-22 00:07:49,647 [WARNING] __main__ — KIS 토큰 발급 실패: ('Connection aborted.', RemoteDisconnected('Remote end closed connection without response'))
2026-06-22 00:07:50,094 [WARNING] __main__ — KIS 토큰 발급 실패: ('Connection aborted.', RemoteDisconnected('Remote end closed connection without response'))
2026-06-22 00:07:50,560 [WARNING] __main__ — KIS 토큰 발급 실패: ('Connection aborted.', RemoteDisconnected('Remote end closed connection without response'))
2026-06-22 00:07:51,031 [WARNING] __main__ — KIS 토큰 발급 실패: ('Connection aborted.', RemoteDisconnected('Remote end closed connection without response'))
2026-06-22 00:07:51,500 [WARNING] __main__ — KIS 토큰 발급 실패: ('Connection aborted.', RemoteDisconnected('Remote end closed connection without response'))
2026-06-22 00:07:51,967 [WARNING] __main__ — KIS 토큰 발급 실패: ('Connection aborted.', RemoteDisconnected('Remote end closed connection without response'))
2026-06-22 00:07:52,418 [WARNING] __main__ — KIS 토큰 발급 실패: ('Connection aborted.', RemoteDisconnected('Remote end closed connection without response'))
2026-06-22 00:07:52,893 [WARNING] __main__ — KIS 토큰 발급 실패: ('Connection aborted.', RemoteDisconnected('Remote end closed connection without response'))
2026-06-22 00:07:53,349 [WARNING] __main__ — KIS 토큰 발급 실패: ('Connection aborted.', RemoteDisconnected('Remote end closed connection without response'))
2026-06-22 00:07:53,807 [WARNING] __main__ — KIS 토큰 발급 실패: ('Connection aborted.', RemoteDisconnected('Remote end closed connection without response'))
2026-06-22 00:07:54,281 [WARNING] __main__ — KIS 토큰 발급 실패: ('Connection aborted.', RemoteDisconnected('Remote end closed connection without response'))
2026-06-22 00:07:54,748 [WARNING] __main__ — KIS 토큰 발급 실패: ('Connection aborted.', RemoteDisconnected('Remote end closed connection without response'))
2026-06-22 00:07:55,216 [WARNING] __main__ — KIS 토큰 발급 실패: ('Connection aborted.', RemoteDisconnected('Remote end closed connection without response'))
2026-06-22 00:07:55,687 [WARNING] __main__ — KIS 토큰 발급 실패: ('Connection aborted.', RemoteDisconnected('Remote end closed connection without response'))
2026-06-22 00:07:56,258 [WARNING] __main__ — KIS 토큰 발급 실패: ('Connection aborted.', RemoteDisconnected('Remote end closed connection without response'))
2026-06-22 00:07:56,737 [WARNING] __main__ — KIS 토큰 발급 실패: ('Connection aborted.', RemoteDisconnected('Remote end closed connection without response'))
2026-06-22 00:07:57,190 [WARNING] __main__ — KIS 토큰 발급 실패: ('Connection aborted.', RemoteDisconnected('Remote end closed connection without response'))
2026-06-22 00:07:57,651 [WARNING] __main__ — KIS 토큰 발급 실패: ('Connection aborted.', RemoteDisconnected('Remote end closed connection without response'))
2026-06-22 00:07:58,101 [WARNING] __main__ — KIS 토큰 발급 실패: ('Connection aborted.', RemoteDisconnected('Remote end closed connection without response'))
2026-06-22 00:07:58,571 [WARNING] __main__ — KIS 토큰 발급 실패: ('Connection aborted.', RemoteDisconnected('Remote end closed connection without response'))
2026-06-22 00:07:59,047 [WARNING] __main__ — KIS 토큰 발급 실패: ('Connection aborted.', RemoteDisconnected('Remote end closed connection without response'))
2026-06-22 00:07:59,509 [WARNING] __main__ — KIS 토큰 발급 실패: ('Connection aborted.', RemoteDisconnected('Remote end closed connection without response'))
2026-06-22 00:07:59,961 [WARNING] __main__ — KIS 토큰 발급 실패: ('Connection aborted.', RemoteDisconnected('Remote end closed connection without response'))
2026-06-22 00:08:00,429 [WARNING] __main__ — KIS 토큰 발급 실패: ('Connection aborted.', RemoteDisconnected('Remote end closed connection without response'))
2026-06-22 00:08:00,910 [WARNING] __main__ — KIS 토큰 발급 실패: ('Connection aborted.', RemoteDisconnected('Remote end closed connection without response'))
2026-06-22 00:08:01,389 [WARNING] __main__ — KIS 토큰 발급 실패: ('Connection aborted.', RemoteDisconnected('Remote end closed connection without response'))
2026-06-22 00:08:01,866 [WARNING] __main__ — KIS 토큰 발급 실패: ('Connection aborted.', RemoteDisconnected('Remote end closed connection without response'))
2026-06-22 00:08:02,359 [WARNING] __main__ — KIS 토큰 발급 실패: ('Connection aborted.', RemoteDisconnected('Remote end closed connection without response'))
2026-06-22 00:08:02,825 [WARNING] __main__ — KIS 토큰 발급 실패: ('Connection aborted.', RemoteDisconnected('Remote end closed connection without response'))
2026-06-22 00:08:03,282 [WARNING] __main__ — KIS 토큰 발급 실패: ('Connection aborted.', RemoteDisconnected('Remote end closed connection without response'))
2026-06-22 00:08:03,746 [WARNING] __main__ — KIS 토큰 발급 실패: ('Connection aborted.', RemoteDisconnected('Remote end closed connection without response'))
2026-06-22 00:08:04,196 [WARNING] __main__ — KIS 토큰 발급 실패: ('Connection aborted.', RemoteDisconnected('Remote end closed connection without response'))
2026-06-22 00:08:04,653 [WARNING] __main__ — KIS 토큰 발급 실패: ('Connection aborted.', RemoteDisconnected('Remote end closed connection without response'))
2026-06-22 00:08:05,104 [WARNING] __main__ — KIS 토큰 발급 실패: ('Connection aborted.', RemoteDisconnected('Remote end closed connection without response'))
2026-06-22 00:08:05,568 [WARNING] __main__ — KIS 토큰 발급 실패: ('Connection aborted.', RemoteDisconnected('Remote end closed connection without response'))
2026-06-22 00:08:06,029 [WARNING] __main__ — KIS 토큰 발급 실패: ('Connection aborted.', RemoteDisconnected('Remote end closed connection without response'))
2026-06-22 00:08:06,477 [WARNING] __main__ — KIS 토큰 발급 실패: ('Connection aborted.', RemoteDisconnected('Remote end closed connection without response'))
2026-06-22 00:08:06,927 [WARNING] __main__ — KIS 토큰 발급 실패: ('Connection aborted.', RemoteDisconnected('Remote end closed connection without response'))
2026-06-22 00:08:07,389 [WARNING] __main__ — KIS 토큰 발급 실패: ('Connection aborted.', RemoteDisconnected('Remote end closed connection without response'))
2026-06-22 00:08:08,006 [WARNING] __main__ — KIS 토큰 발급 실패: ('Connection aborted.', RemoteDisconnected('Remote end closed connection without response'))
2026-06-22 00:08:08,475 [WARNING] __main__ — KIS 토큰 발급 실패: ('Connection aborted.', RemoteDisconnected('Remote end closed connection without response'))
2026-06-22 00:08:08,934 [WARNING] __main__ — KIS 토큰 발급 실패: ('Connection aborted.', RemoteDisconnected('Remote end closed connection without response'))
2026-06-22 00:08:09,406 [WARNING] __main__ — KIS 토큰 발급 실패: ('Connection aborted.', RemoteDisconnected('Remote end closed connection without response'))
2026-06-22 00:08:09,855 [WARNING] __main__ — KIS 토큰 발급 실패: ('Connection aborted.', RemoteDisconnected('Remote end closed connection without response'))
2026-06-22 00:08:10,305 [WARNING] __main__ — KIS 토큰 발급 실패: ('Connection aborted.', RemoteDisconnected('Remote end closed connection without response'))
2026-06-22 00:08:10,780 [WARNING] __main__ — KIS 토큰 발급 실패: ('Connection aborted.', RemoteDisconnected('Remote end closed connection without response'))
2026-06-22 00:08:11,236 [WARNING] __main__ — KIS 토큰 발급 실패: ('Connection aborted.', RemoteDisconnected('Remote end closed connection without response'))
2026-06-22 00:08:11,701 [WARNING] __main__ — KIS 토큰 발급 실패: ('Connection aborted.', RemoteDisconnected('Remote end closed connection without response'))
2026-06-22 00:08:12,152 [WARNING] __main__ — KIS 토큰 발급 실패: ('Connection aborted.', RemoteDisconnected('Remote end closed connection without response'))
2026-06-22 00:08:12,594 [WARNING] __main__ — KIS 토큰 발급 실패: ('Connection aborted.', RemoteDisconnected('Remote end closed connection without response'))
2026-06-22 00:08:13,061 [WARNING] __main__ — KIS 토큰 발급 실패: ('Connection aborted.', RemoteDisconnected('Remote end closed connection without response'))
2026-06-22 00:08:13,515 [WARNING] __main__ — KIS 토큰 발급 실패: ('Connection aborted.', RemoteDisconnected('Remote end closed connection without response'))
2026-06-22 00:08:13,992 [WARNING] __main__ — KIS 토큰 발급 실패: ('Connection aborted.', RemoteDisconnected('Remote end closed connection without response'))
2026-06-22 00:08:14,451 [WARNING] __main__ — KIS 토큰 발급 실패: ('Connection aborted.', RemoteDisconnected('Remote end closed connection without response'))
2026-06-22 00:08:14,910 [WARNING] __main__ — KIS 토큰 발급 실패: ('Connection aborted.', RemoteDisconnected('Remote end closed connection without response'))
2026-06-22 00:08:15,370 [WARNING] __main__ — KIS 토큰 발급 실패: ('Connection aborted.', RemoteDisconnected('Remote end closed connection without response'))
2026-06-22 00:08:15,832 [WARNING] __main__ — KIS 토큰 발급 실패: ('Connection aborted.', RemoteDisconnected('Remote end closed connection without response'))
2026-06-22 00:08:16,297 [WARNING] __main__ — KIS 토큰 발급 실패: ('Connection aborted.', RemoteDisconnected('Remote end closed connection without response'))
2026-06-22 00:08:16,760 [WARNING] __main__ — KIS 토큰 발급 실패: ('Connection aborted.', RemoteDisconnected('Remote end closed connection without response'))
2026-06-22 00:08:17,216 [WARNING] __main__ — KIS 토큰 발급 실패: ('Connection aborted.', RemoteDisconnected('Remote end closed connection without response'))
2026-06-22 00:08:17,686 [WARNING] __main__ — KIS 토큰 발급 실패: ('Connection aborted.', RemoteDisconnected('Remote end closed connection without response'))
2026-06-22 00:08:18,145 [WARNING] __main__ — KIS 토큰 발급 실패: ('Connection aborted.', RemoteDisconnected('Remote end closed connection without response'))
2026-06-22 00:08:18,616 [WARNING] __main__ — KIS 토큰 발급 실패: ('Connection aborted.', RemoteDisconnected('Remote end closed connection without response'))
2026-06-22 00:08:19,090 [WARNING] __main__ — KIS 토큰 발급 실패: ('Connection aborted.', RemoteDisconnected('Remote end closed connection without response'))
2026-06-22 00:08:19,544 [WARNING] __main__ — KIS 토큰 발급 실패: ('Connection aborted.', RemoteDisconnected('Remote end closed connection without response'))
2026-06-22 00:08:20,017 [WARNING] __main__ — KIS 토큰 발급 실패: ('Connection aborted.', RemoteDisconnected('Remote end closed connection without response'))
2026-06-22 00:08:20,473 [WARNING] __main__ — KIS 토큰 발급 실패: ('Connection aborted.', RemoteDisconnected('Remote end closed connection without response'))
2026-06-22 00:08:20,945 [WARNING] __main__ — KIS 토큰 발급 실패: ('Connection aborted.', RemoteDisconnected('Remote end closed connection without response'))
2026-06-22 00:08:21,417 [WARNING] __main__ — KIS 토큰 발급 실패: ('Connection aborted.', RemoteDisconnected('Remote end closed connection without response'))
2026-06-22 00:08:21,871 [WARNING] __main__ — KIS 토큰 발급 실패: ('Connection aborted.', RemoteDisconnected('Remote end closed connection without response'))
2026-06-22 00:08:22,313 [WARNING] __main__ — KIS 토큰 발급 실패: ('Connection aborted.', RemoteDisconnected('Remote end closed connection without response'))
2026-06-22 00:08:22,769 [WARNING] __main__ — KIS 토큰 발급 실패: ('Connection aborted.', RemoteDisconnected('Remote end closed connection without response'))
2026-06-22 00:08:23,234 [WARNING] __main__ — KIS 토큰 발급 실패: ('Connection aborted.', RemoteDisconnected('Remote end closed connection without response'))
2026-06-22 00:08:23,719 [WARNING] __main__ — KIS 토큰 발급 실패: ('Connection aborted.', RemoteDisconnected('Remote end closed connection without response'))
2026-06-22 00:08:24,181 [WARNING] __main__ — KIS 토큰 발급 실패: ('Connection aborted.', RemoteDisconnected('Remote end closed connection without response'))
2026-06-22 00:08:24,650 [WARNING] __main__ — KIS 토큰 발급 실패: ('Connection aborted.', RemoteDisconnected('Remote end closed connection without response'))
2026-06-22 00:08:25,119 [WARNING] __main__ — KIS 토큰 발급 실패: ('Connection aborted.', RemoteDisconnected('Remote end closed connection without response'))
2026-06-22 00:08:25,591 [WARNING] __main__ — KIS 토큰 발급 실패: ('Connection aborted.', RemoteDisconnected('Remote end closed connection without response'))
2026-06-22 00:08:26,041 [WARNING] __main__ — KIS 토큰 발급 실패: ('Connection aborted.', RemoteDisconnected('Remote end closed connection without response'))
2026-06-22 00:08:26,508 [WARNING] __main__ — KIS 토큰 발급 실패: ('Connection aborted.', RemoteDisconnected('Remote end closed connection without response'))
2026-06-22 00:08:26,943 [WARNING] __main__ — KIS 토큰 발급 실패: ('Connection aborted.', RemoteDisconnected('Remote end closed connection without response'))
2026-06-22 00:08:27,420 [WARNING] __main__ — KIS 토큰 발급 실패: ('Connection aborted.', RemoteDisconnected('Remote end closed connection without response'))
2026-06-22 00:08:27,882 [WARNING] __main__ — KIS 토큰 발급 실패: ('Connection aborted.', RemoteDisconnected('Remote end closed connection without response'))
2026-06-22 00:08:28,343 [WARNING] __main__ — KIS 토큰 발급 실패: ('Connection aborted.', RemoteDisconnected('Remote end closed connection without response'))
2026-06-22 00:08:28,802 [WARNING] __main__ — KIS 토큰 발급 실패: ('Connection aborted.', RemoteDisconnected('Remote end closed connection without response'))
2026-06-22 00:08:29,267 [WARNING] __main__ — KIS 토큰 발급 실패: ('Connection aborted.', RemoteDisconnected('Remote end closed connection without response'))
2026-06-22 00:08:29,726 [WARNING] __main__ — KIS 토큰 발급 실패: ('Connection aborted.', RemoteDisconnected('Remote end closed connection without response'))
2026-06-22 00:08:30,183 [WARNING] __main__ — KIS 토큰 발급 실패: ('Connection aborted.', RemoteDisconnected('Remote end closed connection without response'))
2026-06-22 00:08:30,661 [WARNING] __main__ — KIS 토큰 발급 실패: ('Connection aborted.', RemoteDisconnected('Remote end closed connection without response'))
2026-06-22 00:08:31,108 [WARNING] __main__ — KIS 토큰 발급 실패: ('Connection aborted.', RemoteDisconnected('Remote end closed connection without response'))
2026-06-22 00:08:31,552 [WARNING] __main__ — KIS 토큰 발급 실패: ('Connection aborted.', RemoteDisconnected('Remote end closed connection without response'))
2026-06-22 00:08:32,025 [WARNING] __main__ — KIS 토큰 발급 실패: ('Connection aborted.', RemoteDisconnected('Remote end closed connection without response'))
2026-06-22 00:08:32,507 [WARNING] __main__ — KIS 토큰 발급 실패: ('Connection aborted.', RemoteDisconnected('Remote end closed connection without response'))
2026-06-22 00:08:32,959 [WARNING] __main__ — KIS 토큰 발급 실패: ('Connection aborted.', RemoteDisconnected('Remote end closed connection without response'))
2026-06-22 00:08:33,416 [WARNING] __main__ — KIS 토큰 발급 실패: ('Connection aborted.', RemoteDisconnected('Remote end closed connection without response'))
2026-06-22 00:08:33,879 [WARNING] __main__ — KIS 토큰 발급 실패: ('Connection aborted.', RemoteDisconnected('Remote end closed connection without response'))
2026-06-22 00:08:34,340 [WARNING] __main__ — KIS 토큰 발급 실패: ('Connection aborted.', RemoteDisconnected('Remote end closed connection without response'))
2026-06-22 00:08:34,793 [WARNING] __main__ — KIS 토큰 발급 실패: ('Connection aborted.', RemoteDisconnected('Remote end closed connection without response'))
2026-06-22 00:08:35,252 [WARNING] __main__ — KIS 토큰 발급 실패: ('Connection aborted.', RemoteDisconnected('Remote end closed connection without response'))
2026-06-22 00:08:35,715 [WARNING] __main__ — KIS 토큰 발급 실패: ('Connection aborted.', RemoteDisconnected('Remote end closed connection without response'))
2026-06-22 00:08:36,171 [WARNING] __main__ — KIS 토큰 발급 실패: ('Connection aborted.', RemoteDisconnected('Remote end closed connection without response'))
2026-06-22 00:08:36,624 [WARNING] __main__ — KIS 토큰 발급 실패: ('Connection aborted.', RemoteDisconnected('Remote end closed connection without response'))
2026-06-22 00:08:37,072 [WARNING] __main__ — KIS 토큰 발급 실패: ('Connection aborted.', RemoteDisconnected('Remote end closed connection without response'))
2026-06-22 00:08:37,517 [WARNING] __main__ — KIS 토큰 발급 실패: ('Connection aborted.', RemoteDisconnected('Remote end closed connection without response'))
2026-06-22 00:08:37,980 [WARNING] __main__ — KIS 토큰 발급 실패: ('Connection aborted.', RemoteDisconnected('Remote end closed connection without response'))
2026-06-22 00:08:38,458 [WARNING] __main__ — KIS 토큰 발급 실패: ('Connection aborted.', RemoteDisconnected('Remote end closed connection without response'))
2026-06-22 00:08:38,903 [WARNING] __main__ — KIS 토큰 발급 실패: ('Connection aborted.', RemoteDisconnected('Remote end closed connection without response'))
2026-06-22 00:08:39,372 [WARNING] __main__ — KIS 토큰 발급 실패: ('Connection aborted.', RemoteDisconnected('Remote end closed connection without response'))
2026-06-22 00:08:39,830 [WARNING] __main__ — KIS 토큰 발급 실패: ('Connection aborted.', RemoteDisconnected('Remote end closed connection without response'))
2026-06-22 00:08:40,293 [WARNING] __main__ — KIS 토큰 발급 실패: ('Connection aborted.', RemoteDisconnected('Remote end closed connection without response'))
2026-06-22 00:08:40,757 [WARNING] __main__ — KIS 토큰 발급 실패: ('Connection aborted.', RemoteDisconnected('Remote end closed connection without response'))
2026-06-22 00:08:41,204 [WARNING] __main__ — KIS 토큰 발급 실패: ('Connection aborted.', RemoteDisconnected('Remote end closed connection without response'))
2026-06-22 00:08:41,665 [WARNING] __main__ — KIS 토큰 발급 실패: ('Connection aborted.', RemoteDisconnected('Remote end closed connection without response'))
2026-06-22 00:08:42,133 [WARNING] __main__ — KIS 토큰 발급 실패: ('Connection aborted.', RemoteDisconnected('Remote end closed connection without response'))
2026-06-22 00:08:42,583 [WARNING] __main__ — KIS 토큰 발급 실패: ('Connection aborted.', RemoteDisconnected('Remote end closed connection without response'))
2026-06-22 00:08:43,053 [WARNING] __main__ — KIS 토큰 발급 실패: ('Connection aborted.', RemoteDisconnected('Remote end closed connection without response'))
2026-06-22 00:08:43,500 [WARNING] __main__ — KIS 토큰 발급 실패: ('Connection aborted.', RemoteDisconnected('Remote end closed connection without response'))
2026-06-22 00:08:43,983 [WARNING] __main__ — KIS 토큰 발급 실패: ('Connection aborted.', RemoteDisconnected('Remote end closed connection without response'))
2026-06-22 00:08:44,466 [WARNING] __main__ — KIS 토큰 발급 실패: ('Connection aborted.', RemoteDisconnected('Remote end closed connection without response'))
2026-06-22 00:08:44,940 [WARNING] __main__ — KIS 토큰 발급 실패: ('Connection aborted.', RemoteDisconnected('Remote end closed connection without response'))
2026-06-22 00:08:45,393 [WARNING] __main__ — KIS 토큰 발급 실패: ('Connection aborted.', RemoteDisconnected('Remote end closed connection without response'))
2026-06-22 00:08:45,842 [WARNING] __main__ — KIS 토큰 발급 실패: ('Connection aborted.', RemoteDisconnected('Remote end closed connection without response'))
2026-06-22 00:08:46,312 [WARNING] __main__ — KIS 토큰 발급 실패: ('Connection aborted.', RemoteDisconnected('Remote end closed connection without response'))
2026-06-22 00:08:46,773 [WARNING] __main__ — KIS 토큰 발급 실패: ('Connection aborted.', RemoteDisconnected('Remote end closed connection without response'))
2026-06-22 00:08:47,223 [WARNING] __main__ — KIS 토큰 발급 실패: ('Connection aborted.', RemoteDisconnected('Remote end closed connection without response'))
2026-06-22 00:08:47,686 [WARNING] __main__ — KIS 토큰 발급 실패: ('Connection aborted.', RemoteDisconnected('Remote end closed connection without response'))
2026-06-22 00:08:48,158 [WARNING] __main__ — KIS 토큰 발급 실패: ('Connection aborted.', RemoteDisconnected('Remote end closed connection without response'))
2026-06-22 00:08:48,618 [WARNING] __main__ — KIS 토큰 발급 실패: ('Connection aborted.', RemoteDisconnected('Remote end closed connection without response'))
2026-06-22 00:08:49,061 [WARNING] __main__ — KIS 토큰 발급 실패: ('Connection aborted.', RemoteDisconnected('Remote end closed connection without response'))
2026-06-22 00:08:49,525 [WARNING] __main__ — KIS 토큰 발급 실패: ('Connection aborted.', RemoteDisconnected('Remote end closed connection without response'))
2026-06-22 00:08:49,992 [WARNING] __main__ — KIS 토큰 발급 실패: ('Connection aborted.', RemoteDisconnected('Remote end closed connection without response'))
2026-06-22 00:08:50,447 [WARNING] __main__ — KIS 토큰 발급 실패: ('Connection aborted.', RemoteDisconnected('Remote end closed connection without response'))
2026-06-22 00:08:50,926 [WARNING] __main__ — KIS 토큰 발급 실패: ('Connection aborted.', RemoteDisconnected('Remote end closed connection without response'))
2026-06-22 00:08:51,384 [WARNING] __main__ — KIS 토큰 발급 실패: ('Connection aborted.', RemoteDisconnected('Remote end closed connection without response'))
2026-06-22 00:08:51,843 [WARNING] __main__ — KIS 토큰 발급 실패: ('Connection aborted.', RemoteDisconnected('Remote end closed connection without response'))
2026-06-22 00:08:52,314 [WARNING] __main__ — KIS 토큰 발급 실패: ('Connection aborted.', RemoteDisconnected('Remote end closed connection without response'))
2026-06-22 00:08:52,789 [WARNING] __main__ — KIS 토큰 발급 실패: ('Connection aborted.', RemoteDisconnected('Remote end closed connection without response'))
2026-06-22 00:08:53,261 [WARNING] __main__ — KIS 토큰 발급 실패: ('Connection aborted.', RemoteDisconnected('Remote end closed connection without response'))
2026-06-22 00:08:53,718 [WARNING] __main__ — KIS 토큰 발급 실패: ('Connection aborted.', RemoteDisconnected('Remote end closed connection without response'))
2026-06-22 00:08:54,186 [WARNING] __main__ — KIS 토큰 발급 실패: ('Connection aborted.', RemoteDisconnected('Remote end closed connection without response'))
2026-06-22 00:08:54,657 [WARNING] __main__ — KIS 토큰 발급 실패: ('Connection aborted.', RemoteDisconnected('Remote end closed connection without response'))
2026-06-22 00:08:55,120 [WARNING] __main__ — KIS 토큰 발급 실패: ('Connection aborted.', RemoteDisconnected('Remote end closed connection without response'))
2026-06-22 00:08:55,580 [WARNING] __main__ — KIS 토큰 발급 실패: ('Connection aborted.', RemoteDisconnected('Remote end closed connection without response'))
2026-06-22 00:08:56,032 [WARNING] __main__ — KIS 토큰 발급 실패: ('Connection aborted.', RemoteDisconnected('Remote end closed connection without response'))
2026-06-22 00:08:56,494 [WARNING] __main__ — KIS 토큰 발급 실패: ('Connection aborted.', RemoteDisconnected('Remote end closed connection without response'))
2026-06-22 00:08:56,946 [WARNING] __main__ — KIS 토큰 발급 실패: ('Connection aborted.', RemoteDisconnected('Remote end closed connection without response'))
2026-06-22 00:08:57,426 [WARNING] __main__ — KIS 토큰 발급 실패: ('Connection aborted.', RemoteDisconnected('Remote end closed connection without response'))
2026-06-22 00:08:57,897 [WARNING] __main__ — KIS 토큰 발급 실패: ('Connection aborted.', RemoteDisconnected('Remote end closed connection without response'))
2026-06-22 00:08:58,361 [WARNING] __main__ — KIS 토큰 발급 실패: ('Connection aborted.', RemoteDisconnected('Remote end closed connection without response'))
2026-06-22 00:08:58,841 [WARNING] __main__ — KIS 토큰 발급 실패: ('Connection aborted.', RemoteDisconnected('Remote end closed connection without response'))
2026-06-22 00:08:59,316 [WARNING] __main__ — KIS 토큰 발급 실패: ('Connection aborted.', RemoteDisconnected('Remote end closed connection without response'))
2026-06-22 00:08:59,778 [WARNING] __main__ — KIS 토큰 발급 실패: ('Connection aborted.', RemoteDisconnected('Remote end closed connection without response'))
2026-06-22 00:09:00,208 [WARNING] __main__ — KIS 토큰 발급 실패: ('Connection aborted.', RemoteDisconnected('Remote end closed connection without response'))
2026-06-22 00:09:00,670 [WARNING] __main__ — KIS 토큰 발급 실패: ('Connection aborted.', RemoteDisconnected('Remote end closed connection without response'))
2026-06-22 00:09:01,138 [WARNING] __main__ — KIS 토큰 발급 실패: ('Connection aborted.', RemoteDisconnected('Remote end closed connection without response'))
2026-06-22 00:09:01,612 [WARNING] __main__ — KIS 토큰 발급 실패: ('Connection aborted.', RemoteDisconnected('Remote end closed connection without response'))
2026-06-22 00:09:02,066 [WARNING] __main__ — KIS 토큰 발급 실패: ('Connection aborted.', RemoteDisconnected('Remote end closed connection without response'))
2026-06-22 00:09:02,532 [WARNING] __main__ — KIS 토큰 발급 실패: ('Connection aborted.', RemoteDisconnected('Remote end closed connection without response'))
2026-06-22 00:09:02,983 [WARNING] __main__ — KIS 토큰 발급 실패: ('Connection aborted.', RemoteDisconnected('Remote end closed connection without response'))
2026-06-22 00:09:03,439 [WARNING] __main__ — KIS 토큰 발급 실패: ('Connection aborted.', RemoteDisconnected('Remote end closed connection without response'))
2026-06-22 00:09:03,896 [WARNING] __main__ — KIS 토큰 발급 실패: ('Connection aborted.', RemoteDisconnected('Remote end closed connection without response'))
2026-06-22 00:09:04,356 [WARNING] __main__ — KIS 토큰 발급 실패: ('Connection aborted.', RemoteDisconnected('Remote end closed connection without response'))
2026-06-22 00:09:04,828 [WARNING] __main__ — KIS 토큰 발급 실패: ('Connection aborted.', RemoteDisconnected('Remote end closed connection without response'))
2026-06-22 00:09:05,283 [WARNING] __main__ — KIS 토큰 발급 실패: ('Connection aborted.', RemoteDisconnected('Remote end closed connection without response'))
2026-06-22 00:09:05,726 [WARNING] __main__ — KIS 토큰 발급 실패: ('Connection aborted.', RemoteDisconnected('Remote end closed connection without response'))
2026-06-22 00:09:06,198 [WARNING] __main__ — KIS 토큰 발급 실패: ('Connection aborted.', RemoteDisconnected('Remote end closed connection without response'))
2026-06-22 00:09:06,646 [WARNING] __main__ — KIS 토큰 발급 실패: ('Connection aborted.', RemoteDisconnected('Remote end closed connection without response'))
2026-06-22 00:09:07,120 [WARNING] __main__ — KIS 토큰 발급 실패: ('Connection aborted.', RemoteDisconnected('Remote end closed connection without response'))
2026-06-22 00:09:07,582 [WARNING] __main__ — KIS 토큰 발급 실패: ('Connection aborted.', RemoteDisconnected('Remote end closed connection without response'))
2026-06-22 00:09:08,041 [WARNING] __main__ — KIS 토큰 발급 실패: ('Connection aborted.', RemoteDisconnected('Remote end closed connection without response'))
2026-06-22 00:09:08,506 [WARNING] __main__ — KIS 토큰 발급 실패: ('Connection aborted.', RemoteDisconnected('Remote end closed connection without response'))
2026-06-22 00:09:08,968 [WARNING] __main__ — KIS 토큰 발급 실패: ('Connection aborted.', RemoteDisconnected('Remote end closed connection without response'))
2026-06-22 00:09:09,422 [WARNING] __main__ — KIS 토큰 발급 실패: ('Connection aborted.', RemoteDisconnected('Remote end closed connection without response'))
2026-06-22 00:09:09,869 [WARNING] __main__ — KIS 토큰 발급 실패: ('Connection aborted.', RemoteDisconnected('Remote end closed connection without response'))
2026-06-22 00:09:10,340 [WARNING] __main__ — KIS 토큰 발급 실패: ('Connection aborted.', RemoteDisconnected('Remote end closed connection without response'))
2026-06-22 00:09:10,810 [WARNING] __main__ — KIS 토큰 발급 실패: ('Connection aborted.', RemoteDisconnected('Remote end closed connection without response'))
2026-06-22 00:09:11,262 [WARNING] __main__ — KIS 토큰 발급 실패: ('Connection aborted.', RemoteDisconnected('Remote end closed connection without response'))
2026-06-22 00:09:11,738 [WARNING] __main__ — KIS 토큰 발급 실패: ('Connection aborted.', RemoteDisconnected('Remote end closed connection without response'))
2026-06-22 00:09:12,207 [WARNING] __main__ — KIS 토큰 발급 실패: ('Connection aborted.', RemoteDisconnected('Remote end closed connection without response'))
2026-06-22 00:09:12,663 [WARNING] __main__ — KIS 토큰 발급 실패: ('Connection aborted.', RemoteDisconnected('Remote end closed connection without response'))
2026-06-22 00:09:13,135 [WARNING] __main__ — KIS 토큰 발급 실패: ('Connection aborted.', RemoteDisconnected('Remote end closed connection without response'))
2026-06-22 00:09:13,604 [WARNING] __main__ — KIS 토큰 발급 실패: ('Connection aborted.', RemoteDisconnected('Remote end closed connection without response'))
2026-06-22 00:09:14,050 [WARNING] __main__ — KIS 토큰 발급 실패: ('Connection aborted.', RemoteDisconnected('Remote end closed connection without response'))
2026-06-22 00:09:14,524 [WARNING] __main__ — KIS 토큰 발급 실패: ('Connection aborted.', RemoteDisconnected('Remote end closed connection without response'))
2026-06-22 00:09:14,986 [WARNING] __main__ — KIS 토큰 발급 실패: ('Connection aborted.', RemoteDisconnected('Remote end closed connection without response'))
2026-06-22 00:09:15,448 [WARNING] __main__ — KIS 토큰 발급 실패: ('Connection aborted.', RemoteDisconnected('Remote end closed connection without response'))
2026-06-22 00:09:15,920 [WARNING] __main__ — KIS 토큰 발급 실패: ('Connection aborted.', RemoteDisconnected('Remote end closed connection without response'))
2026-06-22 00:09:16,369 [WARNING] __main__ — KIS 토큰 발급 실패: ('Connection aborted.', RemoteDisconnected('Remote end closed connection without response'))
2026-06-22 00:09:16,815 [WARNING] __main__ — KIS 토큰 발급 실패: ('Connection aborted.', RemoteDisconnected('Remote end closed connection without response'))
2026-06-22 00:09:17,282 [WARNING] __main__ — KIS 토큰 발급 실패: ('Connection aborted.', RemoteDisconnected('Remote end closed connection without response'))
2026-06-22 00:09:17,736 [WARNING] __main__ — KIS 토큰 발급 실패: ('Connection aborted.', RemoteDisconnected('Remote end closed connection without response'))
2026-06-22 00:09:18,210 [WARNING] __main__ — KIS 토큰 발급 실패: ('Connection aborted.', RemoteDisconnected('Remote end closed connection without response'))
2026-06-22 00:09:18,675 [WARNING] __main__ — KIS 토큰 발급 실패: ('Connection aborted.', RemoteDisconnected('Remote end closed connection without response'))
2026-06-22 00:09:19,136 [WARNING] __main__ — KIS 토큰 발급 실패: ('Connection aborted.', RemoteDisconnected('Remote end closed connection without response'))
2026-06-22 00:09:19,594 [WARNING] __main__ — KIS 토큰 발급 실패: ('Connection aborted.', RemoteDisconnected('Remote end closed connection without response'))
2026-06-22 00:09:20,062 [WARNING] __main__ — KIS 토큰 발급 실패: ('Connection aborted.', RemoteDisconnected('Remote end closed connection without response'))
2026-06-22 00:09:20,527 [WARNING] __main__ — KIS 토큰 발급 실패: ('Connection aborted.', RemoteDisconnected('Remote end closed connection without response'))
2026-06-22 00:09:20,993 [WARNING] __main__ — KIS 토큰 발급 실패: ('Connection aborted.', RemoteDisconnected('Remote end closed connection without response'))
2026-06-22 00:09:21,461 [WARNING] __main__ — KIS 토큰 발급 실패: ('Connection aborted.', RemoteDisconnected('Remote end closed connection without response'))
2026-06-22 00:09:21,918 [WARNING] __main__ — KIS 토큰 발급 실패: ('Connection aborted.', RemoteDisconnected('Remote end closed connection without response'))
2026-06-22 00:09:22,370 [WARNING] __main__ — KIS 토큰 발급 실패: ('Connection aborted.', RemoteDisconnected('Remote end closed connection without response'))
2026-06-22 00:09:22,834 [WARNING] __main__ — KIS 토큰 발급 실패: ('Connection aborted.', RemoteDisconnected('Remote end closed connection without response'))
2026-06-22 00:09:23,307 [WARNING] __main__ — KIS 토큰 발급 실패: ('Connection aborted.', RemoteDisconnected('Remote end closed connection without response'))
2026-06-22 00:09:23,760 [WARNING] __main__ — KIS 토큰 발급 실패: ('Connection aborted.', RemoteDisconnected('Remote end closed connection without response'))
2026-06-22 00:09:24,210 [WARNING] __main__ — KIS 토큰 발급 실패: ('Connection aborted.', RemoteDisconnected('Remote end closed connection without response'))
2026-06-22 00:09:24,662 [WARNING] __main__ — KIS 토큰 발급 실패: ('Connection aborted.', RemoteDisconnected('Remote end closed connection without response'))
2026-06-22 00:09:25,115 [WARNING] __main__ — KIS 토큰 발급 실패: ('Connection aborted.', RemoteDisconnected('Remote end closed connection without response'))
2026-06-22 00:09:25,584 [WARNING] __main__ — KIS 토큰 발급 실패: ('Connection aborted.', RemoteDisconnected('Remote end closed connection without response'))
2026-06-22 00:09:26,025 [WARNING] __main__ — KIS 토큰 발급 실패: ('Connection aborted.', RemoteDisconnected('Remote end closed connection without response'))
2026-06-22 00:09:26,471 [WARNING] __main__ — KIS 토큰 발급 실패: ('Connection aborted.', RemoteDisconnected('Remote end closed connection without response'))
2026-06-22 00:09:26,938 [WARNING] __main__ — KIS 토큰 발급 실패: ('Connection aborted.', RemoteDisconnected('Remote end closed connection without response'))
2026-06-22 00:09:27,410 [WARNING] __main__ — KIS 토큰 발급 실패: ('Connection aborted.', RemoteDisconnected('Remote end closed connection without response'))
2026-06-22 00:09:27,863 [WARNING] __main__ — KIS 토큰 발급 실패: ('Connection aborted.', RemoteDisconnected('Remote end closed connection without response'))
2026-06-22 00:09:28,332 [WARNING] __main__ — KIS 토큰 발급 실패: ('Connection aborted.', RemoteDisconnected('Remote end closed connection without response'))
2026-06-22 00:09:28,794 [WARNING] __main__ — KIS 토큰 발급 실패: ('Connection aborted.', RemoteDisconnected('Remote end closed connection without response'))
2026-06-22 00:09:29,241 [WARNING] __main__ — KIS 토큰 발급 실패: ('Connection aborted.', RemoteDisconnected('Remote end closed connection without response'))
2026-06-22 00:09:29,704 [WARNING] __main__ — KIS 토큰 발급 실패: ('Connection aborted.', RemoteDisconnected('Remote end closed connection without response'))
2026-06-22 00:09:30,162 [WARNING] __main__ — KIS 토큰 발급 실패: ('Connection aborted.', RemoteDisconnected('Remote end closed connection without response'))
2026-06-22 00:09:30,625 [WARNING] __main__ — KIS 토큰 발급 실패: ('Connection aborted.', RemoteDisconnected('Remote end closed connection without response'))
2026-06-22 00:09:31,082 [WARNING] __main__ — KIS 토큰 발급 실패: ('Connection aborted.', RemoteDisconnected('Remote end closed connection without response'))
2026-06-22 00:09:31,568 [WARNING] __main__ — KIS 토큰 발급 실패: ('Connection aborted.', RemoteDisconnected('Remote end closed connection without response'))
2026-06-22 00:09:32,019 [WARNING] __main__ — KIS 토큰 발급 실패: ('Connection aborted.', RemoteDisconnected('Remote end closed connection without response'))
2026-06-22 00:09:32,480 [WARNING] __main__ — KIS 토큰 발급 실패: ('Connection aborted.', RemoteDisconnected('Remote end closed connection without response'))
2026-06-22 00:09:32,942 [WARNING] __main__ — KIS 토큰 발급 실패: ('Connection aborted.', RemoteDisconnected('Remote end closed connection without response'))
2026-06-22 00:09:33,406 [WARNING] __main__ — KIS 토큰 발급 실패: ('Connection aborted.', RemoteDisconnected('Remote end closed connection without response'))
2026-06-22 00:09:33,883 [WARNING] __main__ — KIS 토큰 발급 실패: ('Connection aborted.', RemoteDisconnected('Remote end closed connection without response'))
2026-06-22 00:09:34,353 [WARNING] __main__ — KIS 토큰 발급 실패: ('Connection aborted.', RemoteDisconnected('Remote end closed connection without response'))
2026-06-22 00:09:34,820 [WARNING] __main__ — KIS 토큰 발급 실패: ('Connection aborted.', RemoteDisconnected('Remote end closed connection without response'))
2026-06-22 00:09:35,280 [WARNING] __main__ — KIS 토큰 발급 실패: ('Connection aborted.', RemoteDisconnected('Remote end closed connection without response'))
2026-06-22 00:09:35,745 [WARNING] __main__ — KIS 토큰 발급 실패: ('Connection aborted.', RemoteDisconnected('Remote end closed connection without response'))
2026-06-22 00:09:36,204 [WARNING] __main__ — KIS 토큰 발급 실패: ('Connection aborted.', RemoteDisconnected('Remote end closed connection without response'))
2026-06-22 00:09:36,659 [WARNING] __main__ — KIS 토큰 발급 실패: ('Connection aborted.', RemoteDisconnected('Remote end closed connection without response'))
2026-06-22 00:09:37,110 [WARNING] __main__ — KIS 토큰 발급 실패: ('Connection aborted.', RemoteDisconnected('Remote end closed connection without response'))
2026-06-22 00:09:37,558 [WARNING] __main__ — KIS 토큰 발급 실패: ('Connection aborted.', RemoteDisconnected('Remote end closed connection without response'))
2026-06-22 00:09:38,012 [WARNING] __main__ — KIS 토큰 발급 실패: ('Connection aborted.', RemoteDisconnected('Remote end closed connection without response'))
2026-06-22 00:09:38,473 [WARNING] __main__ — KIS 토큰 발급 실패: ('Connection aborted.', RemoteDisconnected('Remote end closed connection without response'))
2026-06-22 00:09:38,943 [WARNING] __main__ — KIS 토큰 발급 실패: ('Connection aborted.', RemoteDisconnected('Remote end closed connection without response'))
2026-06-22 00:09:39,398 [WARNING] __main__ — KIS 토큰 발급 실패: ('Connection aborted.', RemoteDisconnected('Remote end closed connection without response'))
2026-06-22 00:09:39,859 [WARNING] __main__ — KIS 토큰 발급 실패: ('Connection aborted.', RemoteDisconnected('Remote end closed connection without response'))
2026-06-22 00:09:40,317 [WARNING] __main__ — KIS 토큰 발급 실패: ('Connection aborted.', RemoteDisconnected('Remote end closed connection without response'))
2026-06-22 00:09:40,769 [WARNING] __main__ — KIS 토큰 발급 실패: ('Connection aborted.', RemoteDisconnected('Remote end closed connection without response'))
2026-06-22 00:09:41,246 [WARNING] __main__ — KIS 토큰 발급 실패: ('Connection aborted.', RemoteDisconnected('Remote end closed connection without response'))
2026-06-22 00:09:41,705 [WARNING] __main__ — KIS 토큰 발급 실패: ('Connection aborted.', RemoteDisconnected('Remote end closed connection without response'))
2026-06-22 00:09:42,172 [WARNING] __main__ — KIS 토큰 발급 실패: ('Connection aborted.', RemoteDisconnected('Remote end closed connection without response'))
2026-06-22 00:09:42,618 [WARNING] __main__ — KIS 토큰 발급 실패: ('Connection aborted.', RemoteDisconnected('Remote end closed connection without response'))
2026-06-22 00:09:43,077 [WARNING] __main__ — KIS 토큰 발급 실패: ('Connection aborted.', RemoteDisconnected('Remote end closed connection without response'))
2026-06-22 00:09:43,549 [WARNING] __main__ — KIS 토큰 발급 실패: ('Connection aborted.', RemoteDisconnected('Remote end closed connection without response'))
2026-06-22 00:09:44,029 [WARNING] __main__ — KIS 토큰 발급 실패: ('Connection aborted.', RemoteDisconnected('Remote end closed connection without response'))
2026-06-22 00:09:44,473 [WARNING] __main__ — KIS 토큰 발급 실패: ('Connection aborted.', RemoteDisconnected('Remote end closed connection without response'))
2026-06-22 00:09:44,929 [WARNING] __main__ — KIS 토큰 발급 실패: ('Connection aborted.', RemoteDisconnected('Remote end closed connection without response'))
2026-06-22 00:09:45,383 [WARNING] __main__ — KIS 토큰 발급 실패: ('Connection aborted.', RemoteDisconnected('Remote end closed connection without response'))
2026-06-22 00:09:45,852 [WARNING] __main__ — KIS 토큰 발급 실패: ('Connection aborted.', RemoteDisconnected('Remote end closed connection without response'))
2026-06-22 00:09:46,323 [WARNING] __main__ — KIS 토큰 발급 실패: ('Connection aborted.', RemoteDisconnected('Remote end closed connection without response'))
2026-06-22 00:09:46,789 [WARNING] __main__ — KIS 토큰 발급 실패: ('Connection aborted.', RemoteDisconnected('Remote end closed connection without response'))
2026-06-22 00:09:47,247 [WARNING] __main__ — KIS 토큰 발급 실패: ('Connection aborted.', RemoteDisconnected('Remote end closed connection without response'))
2026-06-22 00:09:47,710 [WARNING] __main__ — KIS 토큰 발급 실패: ('Connection aborted.', RemoteDisconnected('Remote end closed connection without response'))
2026-06-22 00:09:48,172 [WARNING] __main__ — KIS 토큰 발급 실패: ('Connection aborted.', RemoteDisconnected('Remote end closed connection without response'))
2026-06-22 00:09:48,631 [WARNING] __main__ — KIS 토큰 발급 실패: ('Connection aborted.', RemoteDisconnected('Remote end closed connection without response'))
2026-06-22 00:09:49,079 [WARNING] __main__ — KIS 토큰 발급 실패: ('Connection aborted.', RemoteDisconnected('Remote end closed connection without response'))
2026-06-22 00:09:49,552 [WARNING] __main__ — KIS 토큰 발급 실패: ('Connection aborted.', RemoteDisconnected('Remote end closed connection without response'))
2026-06-22 00:09:50,014 [WARNING] __main__ — KIS 토큰 발급 실패: ('Connection aborted.', RemoteDisconnected('Remote end closed connection without response'))
2026-06-22 00:09:50,477 [WARNING] __main__ — KIS 토큰 발급 실패: ('Connection aborted.', RemoteDisconnected('Remote end closed connection without response'))
2026-06-22 00:09:50,938 [WARNING] __main__ — KIS 토큰 발급 실패: ('Connection aborted.', RemoteDisconnected('Remote end closed connection without response'))
2026-06-22 00:09:51,403 [WARNING] __main__ — KIS 토큰 발급 실패: ('Connection aborted.', RemoteDisconnected('Remote end closed connection without response'))
2026-06-22 00:09:51,866 [WARNING] __main__ — KIS 토큰 발급 실패: ('Connection aborted.', RemoteDisconnected('Remote end closed connection without response'))
2026-06-22 00:09:52,347 [WARNING] __main__ — KIS 토큰 발급 실패: ('Connection aborted.', RemoteDisconnected('Remote end closed connection without response'))
2026-06-22 00:09:52,816 [WARNING] __main__ — KIS 토큰 발급 실패: ('Connection aborted.', RemoteDisconnected('Remote end closed connection without response'))
2026-06-22 00:09:53,265 [WARNING] __main__ — KIS 토큰 발급 실패: ('Connection aborted.', RemoteDisconnected('Remote end closed connection without response'))
2026-06-22 00:09:53,718 [WARNING] __main__ — KIS 토큰 발급 실패: ('Connection aborted.', RemoteDisconnected('Remote end closed connection without response'))
2026-06-22 00:09:54,177 [WARNING] __main__ — KIS 토큰 발급 실패: ('Connection aborted.', RemoteDisconnected('Remote end closed connection without response'))
2026-06-22 00:09:54,641 [WARNING] __main__ — KIS 토큰 발급 실패: ('Connection aborted.', RemoteDisconnected('Remote end closed connection without response'))
2026-06-22 00:09:55,107 [WARNING] __main__ — KIS 토큰 발급 실패: ('Connection aborted.', RemoteDisconnected('Remote end closed connection without response'))
2026-06-22 00:09:55,556 [WARNING] __main__ — KIS 토큰 발급 실패: ('Connection aborted.', RemoteDisconnected('Remote end closed connection without response'))
2026-06-22 00:09:56,015 [WARNING] __main__ — KIS 토큰 발급 실패: ('Connection aborted.', RemoteDisconnected('Remote end closed connection without response'))
2026-06-22 00:09:56,491 [WARNING] __main__ — KIS 토큰 발급 실패: ('Connection aborted.', RemoteDisconnected('Remote end closed connection without response'))
2026-06-22 00:09:56,967 [WARNING] __main__ — KIS 토큰 발급 실패: ('Connection aborted.', RemoteDisconnected('Remote end closed connection without response'))
2026-06-22 00:09:57,429 [WARNING] __main__ — KIS 토큰 발급 실패: ('Connection aborted.', RemoteDisconnected('Remote end closed connection without response'))
2026-06-22 00:09:57,899 [WARNING] __main__ — KIS 토큰 발급 실패: ('Connection aborted.', RemoteDisconnected('Remote end closed connection without response'))
2026-06-22 00:09:58,358 [WARNING] __main__ — KIS 토큰 발급 실패: ('Connection aborted.', RemoteDisconnected('Remote end closed connection without response'))
2026-06-22 00:09:58,803 [WARNING] __main__ — KIS 토큰 발급 실패: ('Connection aborted.', RemoteDisconnected('Remote end closed connection without response'))
2026-06-22 00:09:59,261 [WARNING] __main__ — KIS 토큰 발급 실패: ('Connection aborted.', RemoteDisconnected('Remote end closed connection without response'))
2026-06-22 00:09:59,735 [WARNING] __main__ — KIS 토큰 발급 실패: ('Connection aborted.', RemoteDisconnected('Remote end closed connection without response'))
2026-06-22 00:10:00,200 [WARNING] __main__ — KIS 토큰 발급 실패: ('Connection aborted.', RemoteDisconnected('Remote end closed connection without response'))
2026-06-22 00:10:00,660 [WARNING] __main__ — KIS 토큰 발급 실패: ('Connection aborted.', RemoteDisconnected('Remote end closed connection without response'))
2026-06-22 00:10:01,119 [WARNING] __main__ — KIS 토큰 발급 실패: ('Connection aborted.', RemoteDisconnected('Remote end closed connection without response'))
2026-06-22 00:10:01,582 [WARNING] __main__ — KIS 토큰 발급 실패: ('Connection aborted.', RemoteDisconnected('Remote end closed connection without response'))
2026-06-22 00:10:02,049 [WARNING] __main__ — KIS 토큰 발급 실패: ('Connection aborted.', RemoteDisconnected('Remote end closed connection without response'))
2026-06-22 00:10:02,499 [WARNING] __main__ — KIS 토큰 발급 실패: ('Connection aborted.', RemoteDisconnected('Remote end closed connection without response'))
2026-06-22 00:10:02,994 [WARNING] __main__ — KIS 토큰 발급 실패: ('Connection aborted.', RemoteDisconnected('Remote end closed connection without response'))
2026-06-22 00:10:03,442 [WARNING] __main__ — KIS 토큰 발급 실패: ('Connection aborted.', RemoteDisconnected('Remote end closed connection without response'))
2026-06-22 00:10:03,895 [WARNING] __main__ — KIS 토큰 발급 실패: ('Connection aborted.', RemoteDisconnected('Remote end closed connection without response'))
2026-06-22 00:10:04,524 [WARNING] __main__ — KIS 토큰 발급 실패: ('Connection aborted.', RemoteDisconnected('Remote end closed connection without response'))
2026-06-22 00:10:04,996 [WARNING] __main__ — KIS 토큰 발급 실패: ('Connection aborted.', RemoteDisconnected('Remote end closed connection without response'))
2026-06-22 00:10:05,445 [WARNING] __main__ — KIS 토큰 발급 실패: ('Connection aborted.', RemoteDisconnected('Remote end closed connection without response'))
2026-06-22 00:10:05,888 [WARNING] __main__ — KIS 토큰 발급 실패: ('Connection aborted.', RemoteDisconnected('Remote end closed connection without response'))
2026-06-22 00:10:06,328 [WARNING] __main__ — KIS 토큰 발급 실패: ('Connection aborted.', RemoteDisconnected('Remote end closed connection without response'))
2026-06-22 00:10:06,783 [WARNING] __main__ — KIS 토큰 발급 실패: ('Connection aborted.', RemoteDisconnected('Remote end closed connection without response'))
2026-06-22 00:10:07,239 [WARNING] __main__ — KIS 토큰 발급 실패: ('Connection aborted.', RemoteDisconnected('Remote end closed connection without response'))
2026-06-22 00:10:07,705 [WARNING] __main__ — KIS 토큰 발급 실패: ('Connection aborted.', RemoteDisconnected('Remote end closed connection without response'))
2026-06-22 00:10:08,171 [WARNING] __main__ — KIS 토큰 발급 실패: ('Connection aborted.', RemoteDisconnected('Remote end closed connection without response'))
2026-06-22 00:10:08,635 [WARNING] __main__ — KIS 토큰 발급 실패: ('Connection aborted.', RemoteDisconnected('Remote end closed connection without response'))
2026-06-22 00:10:09,096 [WARNING] __main__ — KIS 토큰 발급 실패: ('Connection aborted.', RemoteDisconnected('Remote end closed connection without response'))
2026-06-22 00:10:09,562 [WARNING] __main__ — KIS 토큰 발급 실패: ('Connection aborted.', RemoteDisconnected('Remote end closed connection without response'))
2026-06-22 00:10:10,024 [WARNING] __main__ — KIS 토큰 발급 실패: ('Connection aborted.', RemoteDisconnected('Remote end closed connection without response'))
2026-06-22 00:10:10,495 [WARNING] __main__ — KIS 토큰 발급 실패: ('Connection aborted.', RemoteDisconnected('Remote end closed connection without response'))
2026-06-22 00:10:10,950 [WARNING] __main__ — KIS 토큰 발급 실패: ('Connection aborted.', RemoteDisconnected('Remote end closed connection without response'))
2026-06-22 00:10:11,404 [WARNING] __main__ — KIS 토큰 발급 실패: ('Connection aborted.', RemoteDisconnected('Remote end closed connection without response'))
2026-06-22 00:10:11,869 [WARNING] __main__ — KIS 토큰 발급 실패: ('Connection aborted.', RemoteDisconnected('Remote end closed connection without response'))
2026-06-22 00:10:12,319 [WARNING] __main__ — KIS 토큰 발급 실패: ('Connection aborted.', RemoteDisconnected('Remote end closed connection without response'))
2026-06-22 00:10:12,783 [WARNING] __main__ — KIS 토큰 발급 실패: ('Connection aborted.', RemoteDisconnected('Remote end closed connection without response'))
2026-06-22 00:10:13,250 [WARNING] __main__ — KIS 토큰 발급 실패: ('Connection aborted.', RemoteDisconnected('Remote end closed connection without response'))
2026-06-22 00:10:13,713 [WARNING] __main__ — KIS 토큰 발급 실패: ('Connection aborted.', RemoteDisconnected('Remote end closed connection without response'))
2026-06-22 00:10:14,171 [WARNING] __main__ — KIS 토큰 발급 실패: ('Connection aborted.', RemoteDisconnected('Remote end closed connection without response'))
2026-06-22 00:10:14,622 [WARNING] __main__ — KIS 토큰 발급 실패: ('Connection aborted.', RemoteDisconnected('Remote end closed connection without response'))
2026-06-22 00:10:15,098 [WARNING] __main__ — KIS 토큰 발급 실패: ('Connection aborted.', RemoteDisconnected('Remote end closed connection without response'))
2026-06-22 00:10:15,555 [WARNING] __main__ — KIS 토큰 발급 실패: ('Connection aborted.', RemoteDisconnected('Remote end closed connection without response'))
2026-06-22 00:10:16,017 [WARNING] __main__ — KIS 토큰 발급 실패: ('Connection aborted.', RemoteDisconnected('Remote end closed connection without response'))
2026-06-22 00:10:16,480 [WARNING] __main__ — KIS 토큰 발급 실패: ('Connection aborted.', RemoteDisconnected('Remote end closed connection without response'))
2026-06-22 00:10:16,945 [WARNING] __main__ — KIS 토큰 발급 실패: ('Connection aborted.', RemoteDisconnected('Remote end closed connection without response'))
2026-06-22 00:10:17,410 [WARNING] __main__ — KIS 토큰 발급 실패: ('Connection aborted.', RemoteDisconnected('Remote end closed connection without response'))
2026-06-22 00:10:17,869 [WARNING] __main__ — KIS 토큰 발급 실패: ('Connection aborted.', RemoteDisconnected('Remote end closed connection without response'))
2026-06-22 00:10:18,345 [WARNING] __main__ — KIS 토큰 발급 실패: ('Connection aborted.', RemoteDisconnected('Remote end closed connection without response'))
2026-06-22 00:10:18,789 [WARNING] __main__ — KIS 토큰 발급 실패: ('Connection aborted.', RemoteDisconnected('Remote end closed connection without response'))
2026-06-22 00:10:19,235 [WARNING] __main__ — KIS 토큰 발급 실패: ('Connection aborted.', RemoteDisconnected('Remote end closed connection without response'))
2026-06-22 00:10:19,700 [WARNING] __main__ — KIS 토큰 발급 실패: ('Connection aborted.', RemoteDisconnected('Remote end closed connection without response'))
2026-06-22 00:10:20,149 [WARNING] __main__ — KIS 토큰 발급 실패: ('Connection aborted.', RemoteDisconnected('Remote end closed connection without response'))
2026-06-22 00:10:20,598 [WARNING] __main__ — KIS 토큰 발급 실패: ('Connection aborted.', RemoteDisconnected('Remote end closed connection without response'))
2026-06-22 00:10:21,055 [WARNING] __main__ — KIS 토큰 발급 실패: ('Connection aborted.', RemoteDisconnected('Remote end closed connection without response'))
2026-06-22 00:10:21,522 [WARNING] __main__ — KIS 토큰 발급 실패: ('Connection aborted.', RemoteDisconnected('Remote end closed connection without response'))
2026-06-22 00:10:21,973 [WARNING] __main__ — KIS 토큰 발급 실패: ('Connection aborted.', RemoteDisconnected('Remote end closed connection without response'))
2026-06-22 00:10:22,428 [WARNING] __main__ — KIS 토큰 발급 실패: ('Connection aborted.', RemoteDisconnected('Remote end closed connection without response'))
2026-06-22 00:10:22,900 [WARNING] __main__ — KIS 토큰 발급 실패: ('Connection aborted.', RemoteDisconnected('Remote end closed connection without response'))
2026-06-22 00:10:23,364 [WARNING] __main__ — KIS 토큰 발급 실패: ('Connection aborted.', RemoteDisconnected('Remote end closed connection without response'))
2026-06-22 00:10:23,820 [WARNING] __main__ — KIS 토큰 발급 실패: ('Connection aborted.', RemoteDisconnected('Remote end closed connection without response'))
2026-06-22 00:10:24,275 [WARNING] __main__ — KIS 토큰 발급 실패: ('Connection aborted.', RemoteDisconnected('Remote end closed connection without response'))
2026-06-22 00:10:24,740 [WARNING] __main__ — KIS 토큰 발급 실패: ('Connection aborted.', RemoteDisconnected('Remote end closed connection without response'))
2026-06-22 00:10:25,193 [WARNING] __main__ — KIS 토큰 발급 실패: ('Connection aborted.', RemoteDisconnected('Remote end closed connection without response'))
2026-06-22 00:10:25,668 [WARNING] __main__ — KIS 토큰 발급 실패: ('Connection aborted.', RemoteDisconnected('Remote end closed connection without response'))
2026-06-22 00:10:26,110 [WARNING] __main__ — KIS 토큰 발급 실패: ('Connection aborted.', RemoteDisconnected('Remote end closed connection without response'))
2026-06-22 00:10:26,563 [WARNING] __main__ — KIS 토큰 발급 실패: ('Connection aborted.', RemoteDisconnected('Remote end closed connection without response'))
2026-06-22 00:10:27,021 [WARNING] __main__ — KIS 토큰 발급 실패: ('Connection aborted.', RemoteDisconnected('Remote end closed connection without response'))
2026-06-22 00:10:27,493 [WARNING] __main__ — KIS 토큰 발급 실패: ('Connection aborted.', RemoteDisconnected('Remote end closed connection without response'))
2026-06-22 00:10:27,938 [WARNING] __main__ — KIS 토큰 발급 실패: ('Connection aborted.', RemoteDisconnected('Remote end closed connection without response'))
2026-06-22 00:10:28,390 [WARNING] __main__ — KIS 토큰 발급 실패: ('Connection aborted.', RemoteDisconnected('Remote end closed connection without response'))
2026-06-22 00:10:28,836 [WARNING] __main__ — KIS 토큰 발급 실패: ('Connection aborted.', RemoteDisconnected('Remote end closed connection without response'))
2026-06-22 00:10:29,302 [WARNING] __main__ — KIS 토큰 발급 실패: ('Connection aborted.', RemoteDisconnected('Remote end closed connection without response'))
2026-06-22 00:10:29,751 [WARNING] __main__ — KIS 토큰 발급 실패: ('Connection aborted.', RemoteDisconnected('Remote end closed connection without response'))
2026-06-22 00:10:30,209 [WARNING] __main__ — KIS 토큰 발급 실패: ('Connection aborted.', RemoteDisconnected('Remote end closed connection without response'))
2026-06-22 00:10:30,662 [WARNING] __main__ — KIS 토큰 발급 실패: ('Connection aborted.', RemoteDisconnected('Remote end closed connection without response'))
2026-06-22 00:10:31,141 [WARNING] __main__ — KIS 토큰 발급 실패: ('Connection aborted.', RemoteDisconnected('Remote end closed connection without response'))
2026-06-22 00:10:31,611 [WARNING] __main__ — KIS 토큰 발급 실패: ('Connection aborted.', RemoteDisconnected('Remote end closed connection without response'))
2026-06-22 00:10:32,059 [WARNING] __main__ — KIS 토큰 발급 실패: ('Connection aborted.', RemoteDisconnected('Remote end closed connection without response'))
2026-06-22 00:10:32,513 [WARNING] __main__ — KIS 토큰 발급 실패: ('Connection aborted.', RemoteDisconnected('Remote end closed connection without response'))
2026-06-22 00:10:32,988 [WARNING] __main__ — KIS 토큰 발급 실패: ('Connection aborted.', RemoteDisconnected('Remote end closed connection without response'))
2026-06-22 00:10:33,454 [WARNING] __main__ — KIS 토큰 발급 실패: ('Connection aborted.', RemoteDisconnected('Remote end closed connection without response'))
2026-06-22 00:10:33,924 [WARNING] __main__ — KIS 토큰 발급 실패: ('Connection aborted.', RemoteDisconnected('Remote end closed connection without response'))
2026-06-22 00:10:34,407 [WARNING] __main__ — KIS 토큰 발급 실패: ('Connection aborted.', RemoteDisconnected('Remote end closed connection without response'))
2026-06-22 00:10:34,868 [WARNING] __main__ — KIS 토큰 발급 실패: ('Connection aborted.', RemoteDisconnected('Remote end closed connection without response'))
2026-06-22 00:10:35,334 [WARNING] __main__ — KIS 토큰 발급 실패: ('Connection aborted.', RemoteDisconnected('Remote end closed connection without response'))
2026-06-22 00:10:35,785 [WARNING] __main__ — KIS 토큰 발급 실패: ('Connection aborted.', RemoteDisconnected('Remote end closed connection without response'))
2026-06-22 00:10:36,244 [WARNING] __main__ — KIS 토큰 발급 실패: ('Connection aborted.', RemoteDisconnected('Remote end closed connection without response'))
2026-06-22 00:10:36,717 [WARNING] __main__ — KIS 토큰 발급 실패: ('Connection aborted.', RemoteDisconnected('Remote end closed connection without response'))
2026-06-22 00:10:37,180 [WARNING] __main__ — KIS 토큰 발급 실패: ('Connection aborted.', RemoteDisconnected('Remote end closed connection without response'))
2026-06-22 00:10:37,641 [WARNING] __main__ — KIS 토큰 발급 실패: ('Connection aborted.', RemoteDisconnected('Remote end closed connection without response'))
2026-06-22 00:10:38,093 [WARNING] __main__ — KIS 토큰 발급 실패: ('Connection aborted.', RemoteDisconnected('Remote end closed connection without response'))
2026-06-22 00:10:38,571 [WARNING] __main__ — KIS 토큰 발급 실패: ('Connection aborted.', RemoteDisconnected('Remote end closed connection without response'))
2026-06-22 00:10:39,029 [WARNING] __main__ — KIS 토큰 발급 실패: ('Connection aborted.', RemoteDisconnected('Remote end closed connection without response'))
2026-06-22 00:10:39,482 [WARNING] __main__ — KIS 토큰 발급 실패: ('Connection aborted.', RemoteDisconnected('Remote end closed connection without response'))
2026-06-22 00:10:39,945 [WARNING] __main__ — KIS 토큰 발급 실패: ('Connection aborted.', RemoteDisconnected('Remote end closed connection without response'))
2026-06-22 00:10:40,416 [WARNING] __main__ — KIS 토큰 발급 실패: ('Connection aborted.', RemoteDisconnected('Remote end closed connection without response'))
2026-06-22 00:10:40,869 [WARNING] __main__ — KIS 토큰 발급 실패: ('Connection aborted.', RemoteDisconnected('Remote end closed connection without response'))
2026-06-22 00:10:41,332 [WARNING] __main__ — KIS 토큰 발급 실패: ('Connection aborted.', RemoteDisconnected('Remote end closed connection without response'))
2026-06-22 00:10:41,800 [WARNING] __main__ — KIS 토큰 발급 실패: ('Connection aborted.', RemoteDisconnected('Remote end closed connection without response'))
2026-06-22 00:10:42,267 [WARNING] __main__ — KIS 토큰 발급 실패: ('Connection aborted.', RemoteDisconnected('Remote end closed connection without response'))
2026-06-22 00:10:42,731 [WARNING] __main__ — KIS 토큰 발급 실패: ('Connection aborted.', RemoteDisconnected('Remote end closed connection without response'))
2026-06-22 00:10:43,189 [WARNING] __main__ — KIS 토큰 발급 실패: ('Connection aborted.', RemoteDisconnected('Remote end closed connection without response'))
2026-06-22 00:10:43,647 [WARNING] __main__ — KIS 토큰 발급 실패: ('Connection aborted.', RemoteDisconnected('Remote end closed connection without response'))
2026-06-22 00:10:44,106 [WARNING] __main__ — KIS 토큰 발급 실패: ('Connection aborted.', RemoteDisconnected('Remote end closed connection without response'))
2026-06-22 00:10:44,562 [WARNING] __main__ — KIS 토큰 발급 실패: ('Connection aborted.', RemoteDisconnected('Remote end closed connection without response'))
2026-06-22 00:10:45,014 [WARNING] __main__ — KIS 토큰 발급 실패: ('Connection aborted.', RemoteDisconnected('Remote end closed connection without response'))
2026-06-22 00:10:45,467 [WARNING] __main__ — KIS 토큰 발급 실패: ('Connection aborted.', RemoteDisconnected('Remote end closed connection without response'))
2026-06-22 00:10:45,930 [WARNING] __main__ — KIS 토큰 발급 실패: ('Connection aborted.', RemoteDisconnected('Remote end closed connection without response'))
2026-06-22 00:10:46,390 [WARNING] __main__ — KIS 토큰 발급 실패: ('Connection aborted.', RemoteDisconnected('Remote end closed connection without response'))
2026-06-22 00:10:46,839 [WARNING] __main__ — KIS 토큰 발급 실패: ('Connection aborted.', RemoteDisconnected('Remote end closed connection without response'))
2026-06-22 00:10:47,314 [WARNING] __main__ — KIS 토큰 발급 실패: ('Connection aborted.', RemoteDisconnected('Remote end closed connection without response'))
2026-06-22 00:10:47,774 [WARNING] __main__ — KIS 토큰 발급 실패: ('Connection aborted.', RemoteDisconnected('Remote end closed connection without response'))
2026-06-22 00:10:48,251 [WARNING] __main__ — KIS 토큰 발급 실패: ('Connection aborted.', RemoteDisconnected('Remote end closed connection without response'))
2026-06-22 00:10:48,708 [WARNING] __main__ — KIS 토큰 발급 실패: ('Connection aborted.', RemoteDisconnected('Remote end closed connection without response'))
2026-06-22 00:10:49,177 [WARNING] __main__ — KIS 토큰 발급 실패: ('Connection aborted.', RemoteDisconnected('Remote end closed connection without response'))
2026-06-22 00:10:49,647 [WARNING] __main__ — KIS 토큰 발급 실패: ('Connection aborted.', RemoteDisconnected('Remote end closed connection without response'))
2026-06-22 00:10:50,094 [WARNING] __main__ — KIS 토큰 발급 실패: ('Connection aborted.', RemoteDisconnected('Remote end closed connection without response'))
2026-06-22 00:10:50,545 [WARNING] __main__ — KIS 토큰 발급 실패: ('Connection aborted.', RemoteDisconnected('Remote end closed connection without response'))
2026-06-22 00:10:51,023 [WARNING] __main__ — KIS 토큰 발급 실패: ('Connection aborted.', RemoteDisconnected('Remote end closed connection without response'))
2026-06-22 00:10:51,482 [WARNING] __main__ — KIS 토큰 발급 실패: ('Connection aborted.', RemoteDisconnected('Remote end closed connection without response'))
2026-06-22 00:10:51,952 [WARNING] __main__ — KIS 토큰 발급 실패: ('Connection aborted.', RemoteDisconnected('Remote end closed connection without response'))
2026-06-22 00:10:52,408 [WARNING] __main__ — KIS 토큰 발급 실패: ('Connection aborted.', RemoteDisconnected('Remote end closed connection without response'))
2026-06-22 00:10:52,871 [WARNING] __main__ — KIS 토큰 발급 실패: ('Connection aborted.', RemoteDisconnected('Remote end closed connection without response'))
2026-06-22 00:10:53,348 [WARNING] __main__ — KIS 토큰 발급 실패: ('Connection aborted.', RemoteDisconnected('Remote end closed connection without response'))
2026-06-22 00:10:53,816 [WARNING] __main__ — KIS 토큰 발급 실패: ('Connection aborted.', RemoteDisconnected('Remote end closed connection without response'))
2026-06-22 00:10:54,280 [WARNING] __main__ — KIS 토큰 발급 실패: ('Connection aborted.', RemoteDisconnected('Remote end closed connection without response'))
2026-06-22 00:10:54,738 [WARNING] __main__ — KIS 토큰 발급 실패: ('Connection aborted.', RemoteDisconnected('Remote end closed connection without response'))
2026-06-22 00:10:55,194 [WARNING] __main__ — KIS 토큰 발급 실패: ('Connection aborted.', RemoteDisconnected('Remote end closed connection without response'))
2026-06-22 00:10:55,656 [WARNING] __main__ — KIS 토큰 발급 실패: ('Connection aborted.', RemoteDisconnected('Remote end closed connection without response'))
2026-06-22 00:10:56,128 [WARNING] __main__ — KIS 토큰 발급 실패: ('Connection aborted.', RemoteDisconnected('Remote end closed connection without response'))
2026-06-22 00:10:56,583 [WARNING] __main__ — KIS 토큰 발급 실패: ('Connection aborted.', RemoteDisconnected('Remote end closed connection without response'))
2026-06-22 00:10:57,061 [WARNING] __main__ — KIS 토큰 발급 실패: ('Connection aborted.', RemoteDisconnected('Remote end closed connection without response'))
2026-06-22 00:10:57,518 [WARNING] __main__ — KIS 토큰 발급 실패: ('Connection aborted.', RemoteDisconnected('Remote end closed connection without response'))
2026-06-22 00:10:57,990 [WARNING] __main__ — KIS 토큰 발급 실패: ('Connection aborted.', RemoteDisconnected('Remote end closed connection without response'))
2026-06-22 00:10:58,446 [WARNING] __main__ — KIS 토큰 발급 실패: ('Connection aborted.', RemoteDisconnected('Remote end closed connection without response'))
2026-06-22 00:10:58,901 [WARNING] __main__ — KIS 토큰 발급 실패: ('Connection aborted.', RemoteDisconnected('Remote end closed connection without response'))
2026-06-22 00:10:59,365 [WARNING] __main__ — KIS 토큰 발급 실패: ('Connection aborted.', RemoteDisconnected('Remote end closed connection without response'))
2026-06-22 00:10:59,814 [WARNING] __main__ — KIS 토큰 발급 실패: ('Connection aborted.', RemoteDisconnected('Remote end closed connection without response'))
2026-06-22 00:11:00,280 [WARNING] __main__ — KIS 토큰 발급 실패: ('Connection aborted.', RemoteDisconnected('Remote end closed connection without response'))
2026-06-22 00:11:00,742 [WARNING] __main__ — KIS 토큰 발급 실패: ('Connection aborted.', RemoteDisconnected('Remote end closed connection without response'))
2026-06-22 00:11:01,207 [WARNING] __main__ — KIS 토큰 발급 실패: ('Connection aborted.', RemoteDisconnected('Remote end closed connection without response'))
2026-06-22 00:11:01,665 [WARNING] __main__ — KIS 토큰 발급 실패: ('Connection aborted.', RemoteDisconnected('Remote end closed connection without response'))
2026-06-22 00:11:02,117 [WARNING] __main__ — KIS 토큰 발급 실패: ('Connection aborted.', RemoteDisconnected('Remote end closed connection without response'))
2026-06-22 00:11:02,591 [WARNING] __main__ — KIS 토큰 발급 실패: ('Connection aborted.', RemoteDisconnected('Remote end closed connection without response'))
2026-06-22 00:11:03,051 [WARNING] __main__ — KIS 토큰 발급 실패: ('Connection aborted.', RemoteDisconnected('Remote end closed connection without response'))
2026-06-22 00:11:03,509 [WARNING] __main__ — KIS 토큰 발급 실패: ('Connection aborted.', RemoteDisconnected('Remote end closed connection without response'))
2026-06-22 00:11:03,965 [WARNING] __main__ — KIS 토큰 발급 실패: ('Connection aborted.', RemoteDisconnected('Remote end closed connection without response'))
2026-06-22 00:11:04,420 [WARNING] __main__ — KIS 토큰 발급 실패: ('Connection aborted.', RemoteDisconnected('Remote end closed connection without response'))
2026-06-22 00:11:04,877 [WARNING] __main__ — KIS 토큰 발급 실패: ('Connection aborted.', RemoteDisconnected('Remote end closed connection without response'))
2026-06-22 00:11:05,329 [WARNING] __main__ — KIS 토큰 발급 실패: ('Connection aborted.', RemoteDisconnected('Remote end closed connection without response'))
2026-06-22 00:11:05,776 [WARNING] __main__ — KIS 토큰 발급 실패: ('Connection aborted.', RemoteDisconnected('Remote end closed connection without response'))
2026-06-22 00:11:06,239 [WARNING] __main__ — KIS 토큰 발급 실패: ('Connection aborted.', RemoteDisconnected('Remote end closed connection without response'))
2026-06-22 00:11:06,716 [WARNING] __main__ — KIS 토큰 발급 실패: ('Connection aborted.', RemoteDisconnected('Remote end closed connection without response'))
2026-06-22 00:11:07,157 [WARNING] __main__ — KIS 토큰 발급 실패: ('Connection aborted.', RemoteDisconnected('Remote end closed connection without response'))
2026-06-22 00:11:07,603 [WARNING] __main__ — KIS 토큰 발급 실패: ('Connection aborted.', RemoteDisconnected('Remote end closed connection without response'))
2026-06-22 00:11:08,078 [WARNING] __main__ — KIS 토큰 발급 실패: ('Connection aborted.', RemoteDisconnected('Remote end closed connection without response'))
2026-06-22 00:11:08,531 [WARNING] __main__ — KIS 토큰 발급 실패: ('Connection aborted.', RemoteDisconnected('Remote end closed connection without response'))
2026-06-22 00:11:09,001 [WARNING] __main__ — KIS 토큰 발급 실패: ('Connection aborted.', RemoteDisconnected('Remote end closed connection without response'))
2026-06-22 00:11:09,462 [WARNING] __main__ — KIS 토큰 발급 실패: ('Connection aborted.', RemoteDisconnected('Remote end closed connection without response'))
2026-06-22 00:11:09,939 [WARNING] __main__ — KIS 토큰 발급 실패: ('Connection aborted.', RemoteDisconnected('Remote end closed connection without response'))
2026-06-22 00:11:10,395 [WARNING] __main__ — KIS 토큰 발급 실패: ('Connection aborted.', RemoteDisconnected('Remote end closed connection without response'))
2026-06-22 00:11:10,884 [WARNING] __main__ — KIS 토큰 발급 실패: ('Connection aborted.', RemoteDisconnected('Remote end closed connection without response'))
2026-06-22 00:11:11,348 [WARNING] __main__ — KIS 토큰 발급 실패: ('Connection aborted.', RemoteDisconnected('Remote end closed connection without response'))
2026-06-22 00:11:11,821 [WARNING] __main__ — KIS 토큰 발급 실패: ('Connection aborted.', RemoteDisconnected('Remote end closed connection without response'))
2026-06-22 00:11:12,287 [WARNING] __main__ — KIS 토큰 발급 실패: ('Connection aborted.', RemoteDisconnected('Remote end closed connection without response'))
2026-06-22 00:11:12,736 [WARNING] __main__ — KIS 토큰 발급 실패: ('Connection aborted.', RemoteDisconnected('Remote end closed connection without response'))
2026-06-22 00:11:13,200 [WARNING] __main__ — KIS 토큰 발급 실패: ('Connection aborted.', RemoteDisconnected('Remote end closed connection without response'))
2026-06-22 00:11:13,666 [WARNING] __main__ — KIS 토큰 발급 실패: ('Connection aborted.', RemoteDisconnected('Remote end closed connection without response'))
2026-06-22 00:11:14,125 [WARNING] __main__ — KIS 토큰 발급 실패: ('Connection aborted.', RemoteDisconnected('Remote end closed connection without response'))
2026-06-22 00:11:14,574 [WARNING] __main__ — KIS 토큰 발급 실패: ('Connection aborted.', RemoteDisconnected('Remote end closed connection without response'))
2026-06-22 00:11:15,026 [WARNING] __main__ — KIS 토큰 발급 실패: ('Connection aborted.', RemoteDisconnected('Remote end closed connection without response'))
2026-06-22 00:11:15,503 [WARNING] __main__ — KIS 토큰 발급 실패: ('Connection aborted.', RemoteDisconnected('Remote end closed connection without response'))
2026-06-22 00:11:15,955 [WARNING] __main__ — KIS 토큰 발급 실패: ('Connection aborted.', RemoteDisconnected('Remote end closed connection without response'))
2026-06-22 00:11:16,450 [WARNING] __main__ — KIS 토큰 발급 실패: ('Connection aborted.', RemoteDisconnected('Remote end closed connection without response'))
2026-06-22 00:11:16,917 [WARNING] __main__ — KIS 토큰 발급 실패: ('Connection aborted.', RemoteDisconnected('Remote end closed connection without response'))
2026-06-22 00:11:17,365 [WARNING] __main__ — KIS 토큰 발급 실패: ('Connection aborted.', RemoteDisconnected('Remote end closed connection without response'))
2026-06-22 00:11:17,842 [WARNING] __main__ — KIS 토큰 발급 실패: ('Connection aborted.', RemoteDisconnected('Remote end closed connection without response'))
2026-06-22 00:11:18,295 [WARNING] __main__ — KIS 토큰 발급 실패: ('Connection aborted.', RemoteDisconnected('Remote end closed connection without response'))
2026-06-22 00:11:18,765 [WARNING] __main__ — KIS 토큰 발급 실패: ('Connection aborted.', RemoteDisconnected('Remote end closed connection without response'))
2026-06-22 00:11:19,235 [WARNING] __main__ — KIS 토큰 발급 실패: ('Connection aborted.', RemoteDisconnected('Remote end closed connection without response'))
2026-06-22 00:11:19,691 [WARNING] __main__ — KIS 토큰 발급 실패: ('Connection aborted.', RemoteDisconnected('Remote end closed connection without response'))
2026-06-22 00:11:20,162 [WARNING] __main__ — KIS 토큰 발급 실패: ('Connection aborted.', RemoteDisconnected('Remote end closed connection without response'))
2026-06-22 00:11:20,645 [WARNING] __main__ — KIS 토큰 발급 실패: ('Connection aborted.', RemoteDisconnected('Remote end closed connection without response'))
2026-06-22 00:11:21,118 [WARNING] __main__ — KIS 토큰 발급 실패: ('Connection aborted.', RemoteDisconnected('Remote end closed connection without response'))
2026-06-22 00:11:21,584 [WARNING] __main__ — KIS 토큰 발급 실패: ('Connection aborted.', RemoteDisconnected('Remote end closed connection without response'))
2026-06-22 00:11:22,047 [WARNING] __main__ — KIS 토큰 발급 실패: ('Connection aborted.', RemoteDisconnected('Remote end closed connection without response'))
2026-06-22 00:11:22,532 [WARNING] __main__ — KIS 토큰 발급 실패: ('Connection aborted.', RemoteDisconnected('Remote end closed connection without response'))
2026-06-22 00:11:22,990 [WARNING] __main__ — KIS 토큰 발급 실패: ('Connection aborted.', RemoteDisconnected('Remote end closed connection without response'))
2026-06-22 00:11:23,440 [WARNING] __main__ — KIS 토큰 발급 실패: ('Connection aborted.', RemoteDisconnected('Remote end closed connection without response'))
2026-06-22 00:11:23,907 [WARNING] __main__ — KIS 토큰 발급 실패: ('Connection aborted.', RemoteDisconnected('Remote end closed connection without response'))
2026-06-22 00:11:24,360 [WARNING] __main__ — KIS 토큰 발급 실패: ('Connection aborted.', RemoteDisconnected('Remote end closed connection without response'))
2026-06-22 00:11:24,826 [WARNING] __main__ — KIS 토큰 발급 실패: ('Connection aborted.', RemoteDisconnected('Remote end closed connection without response'))
2026-06-22 00:11:25,277 [WARNING] __main__ — KIS 토큰 발급 실패: ('Connection aborted.', RemoteDisconnected('Remote end closed connection without response'))
2026-06-22 00:11:25,747 [WARNING] __main__ — KIS 토큰 발급 실패: ('Connection aborted.', RemoteDisconnected('Remote end closed connection without response'))
2026-06-22 00:11:26,214 [WARNING] __main__ — KIS 토큰 발급 실패: ('Connection aborted.', RemoteDisconnected('Remote end closed connection without response'))
2026-06-22 00:11:26,688 [WARNING] __main__ — KIS 토큰 발급 실패: ('Connection aborted.', RemoteDisconnected('Remote end closed connection without response'))
2026-06-22 00:11:27,148 [WARNING] __main__ — KIS 토큰 발급 실패: ('Connection aborted.', RemoteDisconnected('Remote end closed connection without response'))
2026-06-22 00:11:27,614 [WARNING] __main__ — KIS 토큰 발급 실패: ('Connection aborted.', RemoteDisconnected('Remote end closed connection without response'))
2026-06-22 00:11:28,094 [WARNING] __main__ — KIS 토큰 발급 실패: ('Connection aborted.', RemoteDisconnected('Remote end closed connection without response'))
2026-06-22 00:11:28,563 [WARNING] __main__ — KIS 토큰 발급 실패: ('Connection aborted.', RemoteDisconnected('Remote end closed connection without response'))
2026-06-22 00:11:29,040 [WARNING] __main__ — KIS 토큰 발급 실패: ('Connection aborted.', RemoteDisconnected('Remote end closed connection without response'))
2026-06-22 00:11:29,509 [WARNING] __main__ — KIS 토큰 발급 실패: ('Connection aborted.', RemoteDisconnected('Remote end closed connection without response'))
2026-06-22 00:11:29,976 [WARNING] __main__ — KIS 토큰 발급 실패: ('Connection aborted.', RemoteDisconnected('Remote end closed connection without response'))
2026-06-22 00:11:30,436 [WARNING] __main__ — KIS 토큰 발급 실패: ('Connection aborted.', RemoteDisconnected('Remote end closed connection without response'))
2026-06-22 00:11:30,881 [WARNING] __main__ — KIS 토큰 발급 실패: ('Connection aborted.', RemoteDisconnected('Remote end closed connection without response'))
2026-06-22 00:11:31,339 [WARNING] __main__ — KIS 토큰 발급 실패: ('Connection aborted.', RemoteDisconnected('Remote end closed connection without response'))
2026-06-22 00:11:31,797 [WARNING] __main__ — KIS 토큰 발급 실패: ('Connection aborted.', RemoteDisconnected('Remote end closed connection without response'))
2026-06-22 00:11:32,247 [WARNING] __main__ — KIS 토큰 발급 실패: ('Connection aborted.', RemoteDisconnected('Remote end closed connection without response'))
2026-06-22 00:11:32,722 [WARNING] __main__ — KIS 토큰 발급 실패: ('Connection aborted.', RemoteDisconnected('Remote end closed connection without response'))
2026-06-22 00:11:33,183 [WARNING] __main__ — KIS 토큰 발급 실패: ('Connection aborted.', RemoteDisconnected('Remote end closed connection without response'))
2026-06-22 00:11:33,650 [WARNING] __main__ — KIS 토큰 발급 실패: ('Connection aborted.', RemoteDisconnected('Remote end closed connection without response'))
2026-06-22 00:11:34,120 [WARNING] __main__ — KIS 토큰 발급 실패: ('Connection aborted.', RemoteDisconnected('Remote end closed connection without response'))
2026-06-22 00:11:34,584 [WARNING] __main__ — KIS 토큰 발급 실패: ('Connection aborted.', RemoteDisconnected('Remote end closed connection without response'))
2026-06-22 00:11:35,046 [WARNING] __main__ — KIS 토큰 발급 실패: ('Connection aborted.', RemoteDisconnected('Remote end closed connection without response'))
2026-06-22 00:11:35,518 [WARNING] __main__ — KIS 토큰 발급 실패: ('Connection aborted.', RemoteDisconnected('Remote end closed connection without response'))
2026-06-22 00:11:35,982 [WARNING] __main__ — KIS 토큰 발급 실패: ('Connection aborted.', RemoteDisconnected('Remote end closed connection without response'))
2026-06-22 00:11:36,448 [WARNING] __main__ — KIS 토큰 발급 실패: ('Connection aborted.', RemoteDisconnected('Remote end closed connection without response'))
2026-06-22 00:11:36,918 [WARNING] __main__ — KIS 토큰 발급 실패: ('Connection aborted.', RemoteDisconnected('Remote end closed connection without response'))
2026-06-22 00:11:37,381 [WARNING] __main__ — KIS 토큰 발급 실패: ('Connection aborted.', RemoteDisconnected('Remote end closed connection without response'))
2026-06-22 00:11:37,867 [WARNING] __main__ — KIS 토큰 발급 실패: ('Connection aborted.', RemoteDisconnected('Remote end closed connection without response'))
2026-06-22 00:11:38,313 [WARNING] __main__ — KIS 토큰 발급 실패: ('Connection aborted.', RemoteDisconnected('Remote end closed connection without response'))
2026-06-22 00:11:38,773 [WARNING] __main__ — KIS 토큰 발급 실패: ('Connection aborted.', RemoteDisconnected('Remote end closed connection without response'))
2026-06-22 00:11:39,236 [WARNING] __main__ — KIS 토큰 발급 실패: ('Connection aborted.', RemoteDisconnected('Remote end closed connection without response'))
2026-06-22 00:11:39,706 [WARNING] __main__ — KIS 토큰 발급 실패: ('Connection aborted.', RemoteDisconnected('Remote end closed connection without response'))
2026-06-22 00:11:40,173 [WARNING] __main__ — KIS 토큰 발급 실패: ('Connection aborted.', RemoteDisconnected('Remote end closed connection without response'))
2026-06-22 00:11:40,641 [WARNING] __main__ — KIS 토큰 발급 실패: ('Connection aborted.', RemoteDisconnected('Remote end closed connection without response'))
2026-06-22 00:11:41,112 [WARNING] __main__ — KIS 토큰 발급 실패: ('Connection aborted.', RemoteDisconnected('Remote end closed connection without response'))
2026-06-22 00:11:41,596 [WARNING] __main__ — KIS 토큰 발급 실패: ('Connection aborted.', RemoteDisconnected('Remote end closed connection without response'))
2026-06-22 00:11:42,076 [WARNING] __main__ — KIS 토큰 발급 실패: ('Connection aborted.', RemoteDisconnected('Remote end closed connection without response'))
2026-06-22 00:11:42,536 [WARNING] __main__ — KIS 토큰 발급 실패: ('Connection aborted.', RemoteDisconnected('Remote end closed connection without response'))
2026-06-22 00:11:43,002 [WARNING] __main__ — KIS 토큰 발급 실패: ('Connection aborted.', RemoteDisconnected('Remote end closed connection without response'))
2026-06-22 00:11:43,475 [WARNING] __main__ — KIS 토큰 발급 실패: ('Connection aborted.', RemoteDisconnected('Remote end closed connection without response'))
2026-06-22 00:11:43,934 [WARNING] __main__ — KIS 토큰 발급 실패: ('Connection aborted.', RemoteDisconnected('Remote end closed connection without response'))
2026-06-22 00:11:44,393 [WARNING] __main__ — KIS 토큰 발급 실패: ('Connection aborted.', RemoteDisconnected('Remote end closed connection without response'))
2026-06-22 00:11:44,869 [WARNING] __main__ — KIS 토큰 발급 실패: ('Connection aborted.', RemoteDisconnected('Remote end closed connection without response'))
2026-06-22 00:11:45,345 [WARNING] __main__ — KIS 토큰 발급 실패: ('Connection aborted.', RemoteDisconnected('Remote end closed connection without response'))
2026-06-22 00:11:45,812 [WARNING] __main__ — KIS 토큰 발급 실패: ('Connection aborted.', RemoteDisconnected('Remote end closed connection without response'))
2026-06-22 00:11:46,280 [WARNING] __main__ — KIS 토큰 발급 실패: ('Connection aborted.', RemoteDisconnected('Remote end closed connection without response'))
2026-06-22 00:11:46,743 [WARNING] __main__ — KIS 토큰 발급 실패: ('Connection aborted.', RemoteDisconnected('Remote end closed connection without response'))
2026-06-22 00:11:47,217 [WARNING] __main__ — KIS 토큰 발급 실패: ('Connection aborted.', RemoteDisconnected('Remote end closed connection without response'))
2026-06-22 00:11:47,688 [WARNING] __main__ — KIS 토큰 발급 실패: ('Connection aborted.', RemoteDisconnected('Remote end closed connection without response'))
2026-06-22 00:11:48,158 [WARNING] __main__ — KIS 토큰 발급 실패: ('Connection aborted.', RemoteDisconnected('Remote end closed connection without response'))
2026-06-22 00:11:48,621 [WARNING] __main__ — KIS 토큰 발급 실패: ('Connection aborted.', RemoteDisconnected('Remote end closed connection without response'))
2026-06-22 00:11:49,076 [WARNING] __main__ — KIS 토큰 발급 실패: ('Connection aborted.', RemoteDisconnected('Remote end closed connection without response'))
2026-06-22 00:11:49,549 [WARNING] __main__ — KIS 토큰 발급 실패: ('Connection aborted.', RemoteDisconnected('Remote end closed connection without response'))
2026-06-22 00:11:50,015 [WARNING] __main__ — KIS 토큰 발급 실패: ('Connection aborted.', RemoteDisconnected('Remote end closed connection without response'))
2026-06-22 00:11:50,482 [WARNING] __main__ — KIS 토큰 발급 실패: ('Connection aborted.', RemoteDisconnected('Remote end closed connection without response'))
2026-06-22 00:11:50,958 [WARNING] __main__ — KIS 토큰 발급 실패: ('Connection aborted.', RemoteDisconnected('Remote end closed connection without response'))
2026-06-22 00:11:51,415 [WARNING] __main__ — KIS 토큰 발급 실패: ('Connection aborted.', RemoteDisconnected('Remote end closed connection without response'))
2026-06-22 00:11:51,890 [WARNING] __main__ — KIS 토큰 발급 실패: ('Connection aborted.', RemoteDisconnected('Remote end closed connection without response'))
2026-06-22 00:11:52,355 [WARNING] __main__ — KIS 토큰 발급 실패: ('Connection aborted.', RemoteDisconnected('Remote end closed connection without response'))
2026-06-22 00:11:52,812 [WARNING] __main__ — KIS 토큰 발급 실패: ('Connection aborted.', RemoteDisconnected('Remote end closed connection without response'))
2026-06-22 00:11:53,281 [WARNING] __main__ — KIS 토큰 발급 실패: ('Connection aborted.', RemoteDisconnected('Remote end closed connection without response'))
2026-06-22 00:11:53,733 [WARNING] __main__ — KIS 토큰 발급 실패: ('Connection aborted.', RemoteDisconnected('Remote end closed connection without response'))
2026-06-22 00:11:54,194 [WARNING] __main__ — KIS 토큰 발급 실패: ('Connection aborted.', RemoteDisconnected('Remote end closed connection without response'))
2026-06-22 00:11:54,648 [WARNING] __main__ — KIS 토큰 발급 실패: ('Connection aborted.', RemoteDisconnected('Remote end closed connection without response'))
2026-06-22 00:11:55,116 [WARNING] __main__ — KIS 토큰 발급 실패: ('Connection aborted.', RemoteDisconnected('Remote end closed connection without response'))
2026-06-22 00:11:55,580 [WARNING] __main__ — KIS 토큰 발급 실패: ('Connection aborted.', RemoteDisconnected('Remote end closed connection without response'))
2026-06-22 00:11:56,026 [WARNING] __main__ — KIS 토큰 발급 실패: ('Connection aborted.', RemoteDisconnected('Remote end closed connection without response'))
2026-06-22 00:11:56,485 [WARNING] __main__ — KIS 토큰 발급 실패: ('Connection aborted.', RemoteDisconnected('Remote end closed connection without response'))
2026-06-22 00:11:56,962 [WARNING] __main__ — KIS 토큰 발급 실패: ('Connection aborted.', RemoteDisconnected('Remote end closed connection without response'))
2026-06-22 00:11:57,423 [WARNING] __main__ — KIS 토큰 발급 실패: ('Connection aborted.', RemoteDisconnected('Remote end closed connection without response'))
2026-06-22 00:11:57,867 [WARNING] __main__ — KIS 토큰 발급 실패: ('Connection aborted.', RemoteDisconnected('Remote end closed connection without response'))
2026-06-22 00:11:58,321 [WARNING] __main__ — KIS 토큰 발급 실패: ('Connection aborted.', RemoteDisconnected('Remote end closed connection without response'))
2026-06-22 00:11:58,775 [WARNING] __main__ — KIS 토큰 발급 실패: ('Connection aborted.', RemoteDisconnected('Remote end closed connection without response'))
2026-06-22 00:11:59,239 [WARNING] __main__ — KIS 토큰 발급 실패: ('Connection aborted.', RemoteDisconnected('Remote end closed connection without response'))
2026-06-22 00:11:59,701 [WARNING] __main__ — KIS 토큰 발급 실패: ('Connection aborted.', RemoteDisconnected('Remote end closed connection without response'))
2026-06-22 00:12:00,155 [WARNING] __main__ — KIS 토큰 발급 실패: ('Connection aborted.', RemoteDisconnected('Remote end closed connection without response'))
2026-06-22 00:12:00,617 [WARNING] __main__ — KIS 토큰 발급 실패: ('Connection aborted.', RemoteDisconnected('Remote end closed connection without response'))
2026-06-22 00:12:01,084 [WARNING] __main__ — KIS 토큰 발급 실패: ('Connection aborted.', RemoteDisconnected('Remote end closed connection without response'))
2026-06-22 00:12:01,557 [WARNING] __main__ — KIS 토큰 발급 실패: ('Connection aborted.', RemoteDisconnected('Remote end closed connection without response'))
2026-06-22 00:12:02,016 [WARNING] __main__ — KIS 토큰 발급 실패: ('Connection aborted.', RemoteDisconnected('Remote end closed connection without response'))
2026-06-22 00:12:02,476 [WARNING] __main__ — KIS 토큰 발급 실패: ('Connection aborted.', RemoteDisconnected('Remote end closed connection without response'))
2026-06-22 00:12:02,944 [WARNING] __main__ — KIS 토큰 발급 실패: ('Connection aborted.', RemoteDisconnected('Remote end closed connection without response'))
2026-06-22 00:12:03,416 [WARNING] __main__ — KIS 토큰 발급 실패: ('Connection aborted.', RemoteDisconnected('Remote end closed connection without response'))
2026-06-22 00:12:03,870 [WARNING] __main__ — KIS 토큰 발급 실패: ('Connection aborted.', RemoteDisconnected('Remote end closed connection without response'))
2026-06-22 00:12:04,326 [WARNING] __main__ — KIS 토큰 발급 실패: ('Connection aborted.', RemoteDisconnected('Remote end closed connection without response'))
2026-06-22 00:12:04,781 [WARNING] __main__ — KIS 토큰 발급 실패: ('Connection aborted.', RemoteDisconnected('Remote end closed connection without response'))
2026-06-22 00:12:05,269 [WARNING] __main__ — KIS 토큰 발급 실패: ('Connection aborted.', RemoteDisconnected('Remote end closed connection without response'))
2026-06-22 00:12:05,732 [WARNING] __main__ — KIS 토큰 발급 실패: ('Connection aborted.', RemoteDisconnected('Remote end closed connection without response'))
2026-06-22 00:12:06,206 [WARNING] __main__ — KIS 토큰 발급 실패: ('Connection aborted.', RemoteDisconnected('Remote end closed connection without response'))
2026-06-22 00:12:06,652 [WARNING] __main__ — KIS 토큰 발급 실패: ('Connection aborted.', RemoteDisconnected('Remote end closed connection without response'))
2026-06-22 00:12:07,112 [WARNING] __main__ — KIS 토큰 발급 실패: ('Connection aborted.', RemoteDisconnected('Remote end closed connection without response'))
2026-06-22 00:12:07,592 [WARNING] __main__ — KIS 토큰 발급 실패: ('Connection aborted.', RemoteDisconnected('Remote end closed connection without response'))
2026-06-22 00:12:08,052 [WARNING] __main__ — KIS 토큰 발급 실패: ('Connection aborted.', RemoteDisconnected('Remote end closed connection without response'))
2026-06-22 00:12:08,522 [WARNING] __main__ — KIS 토큰 발급 실패: ('Connection aborted.', RemoteDisconnected('Remote end closed connection without response'))
2026-06-22 00:12:08,978 [WARNING] __main__ — KIS 토큰 발급 실패: ('Connection aborted.', RemoteDisconnected('Remote end closed connection without response'))
2026-06-22 00:12:09,450 [WARNING] __main__ — KIS 토큰 발급 실패: ('Connection aborted.', RemoteDisconnected('Remote end closed connection without response'))
2026-06-22 00:12:09,921 [WARNING] __main__ — KIS 토큰 발급 실패: ('Connection aborted.', RemoteDisconnected('Remote end closed connection without response'))
2026-06-22 00:12:10,393 [WARNING] __main__ — KIS 토큰 발급 실패: ('Connection aborted.', RemoteDisconnected('Remote end closed connection without response'))
2026-06-22 00:12:10,866 [WARNING] __main__ — KIS 토큰 발급 실패: ('Connection aborted.', RemoteDisconnected('Remote end closed connection without response'))
2026-06-22 00:12:11,331 [WARNING] __main__ — KIS 토큰 발급 실패: ('Connection aborted.', RemoteDisconnected('Remote end closed connection without response'))
2026-06-22 00:12:11,794 [WARNING] __main__ — KIS 토큰 발급 실패: ('Connection aborted.', RemoteDisconnected('Remote end closed connection without response'))
2026-06-22 00:12:17,254 [WARNING] __main__ — KIS 토큰 발급 실패: ('Connection aborted.', RemoteDisconnected('Remote end closed connection without response'))
2026-06-22 00:12:17,706 [WARNING] __main__ — KIS 토큰 발급 실패: ('Connection aborted.', RemoteDisconnected('Remote end closed connection without response'))
2026-06-22 00:12:18,168 [WARNING] __main__ — KIS 토큰 발급 실패: ('Connection aborted.', RemoteDisconnected('Remote end closed connection without response'))
2026-06-22 00:12:18,641 [WARNING] __main__ — KIS 토큰 발급 실패: ('Connection aborted.', RemoteDisconnected('Remote end closed connection without response'))
2026-06-22 00:12:19,105 [WARNING] __main__ — KIS 토큰 발급 실패: ('Connection aborted.', RemoteDisconnected('Remote end closed connection without response'))
2026-06-22 00:12:19,572 [WARNING] __main__ — KIS 토큰 발급 실패: ('Connection aborted.', RemoteDisconnected('Remote end closed connection without response'))
2026-06-22 00:12:20,024 [WARNING] __main__ — KIS 토큰 발급 실패: ('Connection aborted.', RemoteDisconnected('Remote end closed connection without response'))
2026-06-22 00:12:20,474 [WARNING] __main__ — KIS 토큰 발급 실패: ('Connection aborted.', RemoteDisconnected('Remote end closed connection without response'))
2026-06-22 00:12:20,932 [WARNING] __main__ — KIS 토큰 발급 실패: ('Connection aborted.', RemoteDisconnected('Remote end closed connection without response'))
2026-06-22 00:12:21,409 [WARNING] __main__ — KIS 토큰 발급 실패: ('Connection aborted.', RemoteDisconnected('Remote end closed connection without response'))
2026-06-22 00:12:21,882 [WARNING] __main__ — KIS 토큰 발급 실패: ('Connection aborted.', RemoteDisconnected('Remote end closed connection without response'))
2026-06-22 00:12:22,351 [WARNING] __main__ — KIS 토큰 발급 실패: ('Connection aborted.', RemoteDisconnected('Remote end closed connection without response'))
2026-06-22 00:12:22,801 [WARNING] __main__ — KIS 토큰 발급 실패: ('Connection aborted.', RemoteDisconnected('Remote end closed connection without response'))
2026-06-22 00:12:23,253 [WARNING] __main__ — KIS 토큰 발급 실패: ('Connection aborted.', RemoteDisconnected('Remote end closed connection without response'))
2026-06-22 00:12:23,706 [WARNING] __main__ — KIS 토큰 발급 실패: ('Connection aborted.', RemoteDisconnected('Remote end closed connection without response'))
2026-06-22 00:12:24,168 [WARNING] __main__ — KIS 토큰 발급 실패: ('Connection aborted.', RemoteDisconnected('Remote end closed connection without response'))
2026-06-22 00:12:24,629 [WARNING] __main__ — KIS 토큰 발급 실패: ('Connection aborted.', RemoteDisconnected('Remote end closed connection without response'))
2026-06-22 00:12:25,075 [WARNING] __main__ — KIS 토큰 발급 실패: ('Connection aborted.', RemoteDisconnected('Remote end closed connection without response'))
2026-06-22 00:12:25,524 [WARNING] __main__ — KIS 토큰 발급 실패: ('Connection aborted.', RemoteDisconnected('Remote end closed connection without response'))
2026-06-22 00:12:25,986 [WARNING] __main__ — KIS 토큰 발급 실패: ('Connection aborted.', RemoteDisconnected('Remote end closed connection without response'))
2026-06-22 00:12:26,461 [WARNING] __main__ — KIS 토큰 발급 실패: ('Connection aborted.', RemoteDisconnected('Remote end closed connection without response'))
2026-06-22 00:12:26,943 [WARNING] __main__ — KIS 토큰 발급 실패: ('Connection aborted.', RemoteDisconnected('Remote end closed connection without response'))
2026-06-22 00:12:27,405 [WARNING] __main__ — KIS 토큰 발급 실패: ('Connection aborted.', RemoteDisconnected('Remote end closed connection without response'))
2026-06-22 00:12:27,867 [WARNING] __main__ — KIS 토큰 발급 실패: ('Connection aborted.', RemoteDisconnected('Remote end closed connection without response'))
2026-06-22 00:12:28,341 [WARNING] __main__ — KIS 토큰 발급 실패: ('Connection aborted.', RemoteDisconnected('Remote end closed connection without response'))
2026-06-22 00:12:28,803 [WARNING] __main__ — KIS 토큰 발급 실패: ('Connection aborted.', RemoteDisconnected('Remote end closed connection without response'))
2026-06-22 00:12:29,274 [WARNING] __main__ — KIS 토큰 발급 실패: ('Connection aborted.', RemoteDisconnected('Remote end closed connection without response'))
2026-06-22 00:12:29,751 [WARNING] __main__ — KIS 토큰 발급 실패: ('Connection aborted.', RemoteDisconnected('Remote end closed connection without response'))
2026-06-22 00:12:30,225 [WARNING] __main__ — KIS 토큰 발급 실패: ('Connection aborted.', RemoteDisconnected('Remote end closed connection without response'))
2026-06-22 00:12:30,679 [WARNING] __main__ — KIS 토큰 발급 실패: ('Connection aborted.', RemoteDisconnected('Remote end closed connection without response'))
2026-06-22 00:12:31,156 [WARNING] __main__ — KIS 토큰 발급 실패: ('Connection aborted.', RemoteDisconnected('Remote end closed connection without response'))
2026-06-22 00:12:31,616 [WARNING] __main__ — KIS 토큰 발급 실패: ('Connection aborted.', RemoteDisconnected('Remote end closed connection without response'))
2026-06-22 00:12:32,080 [WARNING] __main__ — KIS 토큰 발급 실패: ('Connection aborted.', RemoteDisconnected('Remote end closed connection without response'))
2026-06-22 00:12:32,550 [WARNING] __main__ — KIS 토큰 발급 실패: ('Connection aborted.', RemoteDisconnected('Remote end closed connection without response'))
2026-06-22 00:12:33,008 [WARNING] __main__ — KIS 토큰 발급 실패: ('Connection aborted.', RemoteDisconnected('Remote end closed connection without response'))
2026-06-22 00:12:33,473 [WARNING] __main__ — KIS 토큰 발급 실패: ('Connection aborted.', RemoteDisconnected('Remote end closed connection without response'))
2026-06-22 00:12:33,936 [WARNING] __main__ — KIS 토큰 발급 실패: ('Connection aborted.', RemoteDisconnected('Remote end closed connection without response'))
2026-06-22 00:12:34,390 [WARNING] __main__ — KIS 토큰 발급 실패: ('Connection aborted.', RemoteDisconnected('Remote end closed connection without response'))
2026-06-22 00:12:34,856 [WARNING] __main__ — KIS 토큰 발급 실패: ('Connection aborted.', RemoteDisconnected('Remote end closed connection without response'))
2026-06-22 00:12:35,314 [WARNING] __main__ — KIS 토큰 발급 실패: ('Connection aborted.', RemoteDisconnected('Remote end closed connection without response'))
2026-06-22 00:12:35,777 [WARNING] __main__ — KIS 토큰 발급 실패: ('Connection aborted.', RemoteDisconnected('Remote end closed connection without response'))
2026-06-22 00:12:36,256 [WARNING] __main__ — KIS 토큰 발급 실패: ('Connection aborted.', RemoteDisconnected('Remote end closed connection without response'))
2026-06-22 00:12:36,725 [WARNING] __main__ — KIS 토큰 발급 실패: ('Connection aborted.', RemoteDisconnected('Remote end closed connection without response'))
2026-06-22 00:12:37,193 [WARNING] __main__ — KIS 토큰 발급 실패: ('Connection aborted.', RemoteDisconnected('Remote end closed connection without response'))
2026-06-22 00:12:37,659 [WARNING] __main__ — KIS 토큰 발급 실패: ('Connection aborted.', RemoteDisconnected('Remote end closed connection without response'))
2026-06-22 00:12:38,135 [WARNING] __main__ — KIS 토큰 발급 실패: ('Connection aborted.', RemoteDisconnected('Remote end closed connection without response'))
2026-06-22 00:12:38,593 [WARNING] __main__ — KIS 토큰 발급 실패: ('Connection aborted.', RemoteDisconnected('Remote end closed connection without response'))
2026-06-22 00:12:39,043 [WARNING] __main__ — KIS 토큰 발급 실패: ('Connection aborted.', RemoteDisconnected('Remote end closed connection without response'))
2026-06-22 00:12:39,500 [WARNING] __main__ — KIS 토큰 발급 실패: ('Connection aborted.', RemoteDisconnected('Remote end closed connection without response'))
2026-06-22 00:12:39,973 [WARNING] __main__ — KIS 토큰 발급 실패: ('Connection aborted.', RemoteDisconnected('Remote end closed connection without response'))
2026-06-22 00:12:40,433 [WARNING] __main__ — KIS 토큰 발급 실패: ('Connection aborted.', RemoteDisconnected('Remote end closed connection without response'))
2026-06-22 00:12:40,889 [WARNING] __main__ — KIS 토큰 발급 실패: ('Connection aborted.', RemoteDisconnected('Remote end closed connection without response'))
2026-06-22 00:12:41,348 [WARNING] __main__ — KIS 토큰 발급 실패: ('Connection aborted.', RemoteDisconnected('Remote end closed connection without response'))
2026-06-22 00:12:41,824 [WARNING] __main__ — KIS 토큰 발급 실패: ('Connection aborted.', RemoteDisconnected('Remote end closed connection without response'))
2026-06-22 00:12:42,284 [WARNING] __main__ — KIS 토큰 발급 실패: ('Connection aborted.', RemoteDisconnected('Remote end closed connection without response'))
2026-06-22 00:12:42,764 [WARNING] __main__ — KIS 토큰 발급 실패: ('Connection aborted.', RemoteDisconnected('Remote end closed connection without response'))
2026-06-22 00:12:43,211 [WARNING] __main__ — KIS 토큰 발급 실패: ('Connection aborted.', RemoteDisconnected('Remote end closed connection without response'))
2026-06-22 00:12:43,687 [WARNING] __main__ — KIS 토큰 발급 실패: ('Connection aborted.', RemoteDisconnected('Remote end closed connection without response'))
2026-06-22 00:12:44,151 [WARNING] __main__ — KIS 토큰 발급 실패: ('Connection aborted.', RemoteDisconnected('Remote end closed connection without response'))
2026-06-22 00:12:44,622 [WARNING] __main__ — KIS 토큰 발급 실패: ('Connection aborted.', RemoteDisconnected('Remote end closed connection without response'))
2026-06-22 00:12:45,078 [WARNING] __main__ — KIS 토큰 발급 실패: ('Connection aborted.', RemoteDisconnected('Remote end closed connection without response'))
2026-06-22 00:12:45,539 [WARNING] __main__ — KIS 토큰 발급 실패: ('Connection aborted.', RemoteDisconnected('Remote end closed connection without response'))
2026-06-22 00:12:46,005 [WARNING] __main__ — KIS 토큰 발급 실패: ('Connection aborted.', RemoteDisconnected('Remote end closed connection without response'))
2026-06-22 00:12:46,471 [WARNING] __main__ — KIS 토큰 발급 실패: ('Connection aborted.', RemoteDisconnected('Remote end closed connection without response'))
2026-06-22 00:12:46,941 [WARNING] __main__ — KIS 토큰 발급 실패: ('Connection aborted.', RemoteDisconnected('Remote end closed connection without response'))
2026-06-22 00:12:47,415 [WARNING] __main__ — KIS 토큰 발급 실패: ('Connection aborted.', RemoteDisconnected('Remote end closed connection without response'))
2026-06-22 00:12:47,898 [WARNING] __main__ — KIS 토큰 발급 실패: ('Connection aborted.', RemoteDisconnected('Remote end closed connection without response'))
2026-06-22 00:12:48,358 [WARNING] __main__ — KIS 토큰 발급 실패: ('Connection aborted.', RemoteDisconnected('Remote end closed connection without response'))
2026-06-22 00:12:48,842 [WARNING] __main__ — KIS 토큰 발급 실패: ('Connection aborted.', RemoteDisconnected('Remote end closed connection without response'))
2026-06-22 00:12:49,287 [WARNING] __main__ — KIS 토큰 발급 실패: ('Connection aborted.', RemoteDisconnected('Remote end closed connection without response'))
2026-06-22 00:12:49,756 [WARNING] __main__ — KIS 토큰 발급 실패: ('Connection aborted.', RemoteDisconnected('Remote end closed connection without response'))
2026-06-22 00:12:50,212 [WARNING] __main__ — KIS 토큰 발급 실패: ('Connection aborted.', RemoteDisconnected('Remote end closed connection without response'))
2026-06-22 00:12:50,691 [WARNING] __main__ — KIS 토큰 발급 실패: ('Connection aborted.', RemoteDisconnected('Remote end closed connection without response'))
2026-06-22 00:12:51,162 [WARNING] __main__ — KIS 토큰 발급 실패: ('Connection aborted.', RemoteDisconnected('Remote end closed connection without response'))
2026-06-22 00:12:51,614 [WARNING] __main__ — KIS 토큰 발급 실패: ('Connection aborted.', RemoteDisconnected('Remote end closed connection without response'))
2026-06-22 00:12:52,071 [WARNING] __main__ — KIS 토큰 발급 실패: ('Connection aborted.', RemoteDisconnected('Remote end closed connection without response'))
2026-06-22 00:12:52,532 [WARNING] __main__ — KIS 토큰 발급 실패: ('Connection aborted.', RemoteDisconnected('Remote end closed connection without response'))
2026-06-22 00:12:53,001 [WARNING] __main__ — KIS 토큰 발급 실패: ('Connection aborted.', RemoteDisconnected('Remote end closed connection without response'))
2026-06-22 00:12:53,475 [WARNING] __main__ — KIS 토큰 발급 실패: ('Connection aborted.', RemoteDisconnected('Remote end closed connection without response'))
2026-06-22 00:12:53,935 [WARNING] __main__ — KIS 토큰 발급 실패: ('Connection aborted.', RemoteDisconnected('Remote end closed connection without response'))
2026-06-22 00:12:54,387 [WARNING] __main__ — KIS 토큰 발급 실패: ('Connection aborted.', RemoteDisconnected('Remote end closed connection without response'))
2026-06-22 00:12:54,839 [WARNING] __main__ — KIS 토큰 발급 실패: ('Connection aborted.', RemoteDisconnected('Remote end closed connection without response'))
2026-06-22 00:12:55,306 [WARNING] __main__ — KIS 토큰 발급 실패: ('Connection aborted.', RemoteDisconnected('Remote end closed connection without response'))
2026-06-22 00:12:55,789 [WARNING] __main__ — KIS 토큰 발급 실패: ('Connection aborted.', RemoteDisconnected('Remote end closed connection without response'))
2026-06-22 00:12:56,263 [WARNING] __main__ — KIS 토큰 발급 실패: ('Connection aborted.', RemoteDisconnected('Remote end closed connection without response'))
2026-06-22 00:12:56,714 [WARNING] __main__ — KIS 토큰 발급 실패: ('Connection aborted.', RemoteDisconnected('Remote end closed connection without response'))
2026-06-22 00:12:57,183 [WARNING] __main__ — KIS 토큰 발급 실패: ('Connection aborted.', RemoteDisconnected('Remote end closed connection without response'))
2026-06-22 00:12:57,685 [WARNING] __main__ — KIS 토큰 발급 실패: ('Connection aborted.', RemoteDisconnected('Remote end closed connection without response'))
2026-06-22 00:12:58,155 [WARNING] __main__ — KIS 토큰 발급 실패: ('Connection aborted.', RemoteDisconnected('Remote end closed connection without response'))
2026-06-22 00:12:58,617 [WARNING] __main__ — KIS 토큰 발급 실패: ('Connection aborted.', RemoteDisconnected('Remote end closed connection without response'))
2026-06-22 00:12:59,089 [WARNING] __main__ — KIS 토큰 발급 실패: ('Connection aborted.', RemoteDisconnected('Remote end closed connection without response'))
2026-06-22 00:12:59,550 [WARNING] __main__ — KIS 토큰 발급 실패: ('Connection aborted.', RemoteDisconnected('Remote end closed connection without response'))
2026-06-22 00:13:00,009 [WARNING] __main__ — KIS 토큰 발급 실패: ('Connection aborted.', RemoteDisconnected('Remote end closed connection without response'))
2026-06-22 00:13:00,476 [WARNING] __main__ — KIS 토큰 발급 실패: ('Connection aborted.', RemoteDisconnected('Remote end closed connection without response'))
2026-06-22 00:13:00,929 [WARNING] __main__ — KIS 토큰 발급 실패: ('Connection aborted.', RemoteDisconnected('Remote end closed connection without response'))
2026-06-22 00:13:01,392 [WARNING] __main__ — KIS 토큰 발급 실패: ('Connection aborted.', RemoteDisconnected('Remote end closed connection without response'))
2026-06-22 00:13:01,871 [WARNING] __main__ — KIS 토큰 발급 실패: ('Connection aborted.', RemoteDisconnected('Remote end closed connection without response'))
2026-06-22 00:13:02,342 [WARNING] __main__ — KIS 토큰 발급 실패: ('Connection aborted.', RemoteDisconnected('Remote end closed connection without response'))
2026-06-22 00:13:02,787 [WARNING] __main__ — KIS 토큰 발급 실패: ('Connection aborted.', RemoteDisconnected('Remote end closed connection without response'))
2026-06-22 00:13:03,256 [WARNING] __main__ — KIS 토큰 발급 실패: ('Connection aborted.', RemoteDisconnected('Remote end closed connection without response'))
2026-06-22 00:13:03,722 [WARNING] __main__ — KIS 토큰 발급 실패: ('Connection aborted.', RemoteDisconnected('Remote end closed connection without response'))
2026-06-22 00:13:04,230 [WARNING] __main__ — KIS 토큰 발급 실패: ('Connection aborted.', RemoteDisconnected('Remote end closed connection without response'))
2026-06-22 00:13:04,696 [WARNING] __main__ — KIS 토큰 발급 실패: ('Connection aborted.', RemoteDisconnected('Remote end closed connection without response'))
2026-06-22 00:13:05,154 [WARNING] __main__ — KIS 토큰 발급 실패: ('Connection aborted.', RemoteDisconnected('Remote end closed connection without response'))
2026-06-22 00:13:05,614 [WARNING] __main__ — KIS 토큰 발급 실패: ('Connection aborted.', RemoteDisconnected('Remote end closed connection without response'))
2026-06-22 00:13:06,071 [WARNING] __main__ — KIS 토큰 발급 실패: ('Connection aborted.', RemoteDisconnected('Remote end closed connection without response'))
2026-06-22 00:13:06,568 [WARNING] __main__ — KIS 토큰 발급 실패: ('Connection aborted.', RemoteDisconnected('Remote end closed connection without response'))
2026-06-22 00:13:07,031 [WARNING] __main__ — KIS 토큰 발급 실패: ('Connection aborted.', RemoteDisconnected('Remote end closed connection without response'))
2026-06-22 00:13:07,505 [WARNING] __main__ — KIS 토큰 발급 실패: ('Connection aborted.', RemoteDisconnected('Remote end closed connection without response'))
2026-06-22 00:13:07,967 [WARNING] __main__ — KIS 토큰 발급 실패: ('Connection aborted.', RemoteDisconnected('Remote end closed connection without response'))
2026-06-22 00:13:08,422 [WARNING] __main__ — KIS 토큰 발급 실패: ('Connection aborted.', RemoteDisconnected('Remote end closed connection without response'))
2026-06-22 00:13:08,881 [WARNING] __main__ — KIS 토큰 발급 실패: ('Connection aborted.', RemoteDisconnected('Remote end closed connection without response'))
2026-06-22 00:13:09,333 [WARNING] __main__ — KIS 토큰 발급 실패: ('Connection aborted.', RemoteDisconnected('Remote end closed connection without response'))
2026-06-22 00:13:09,811 [WARNING] __main__ — KIS 토큰 발급 실패: ('Connection aborted.', RemoteDisconnected('Remote end closed connection without response'))
2026-06-22 00:13:10,287 [WARNING] __main__ — KIS 토큰 발급 실패: ('Connection aborted.', RemoteDisconnected('Remote end closed connection without response'))
2026-06-22 00:13:10,776 [WARNING] __main__ — KIS 토큰 발급 실패: ('Connection aborted.', RemoteDisconnected('Remote end closed connection without response'))
2026-06-22 00:13:11,251 [WARNING] __main__ — KIS 토큰 발급 실패: ('Connection aborted.', RemoteDisconnected('Remote end closed connection without response'))
2026-06-22 00:13:11,773 [WARNING] __main__ — KIS 토큰 발급 실패: ('Connection aborted.', RemoteDisconnected('Remote end closed connection without response'))
2026-06-22 00:13:12,236 [WARNING] __main__ — KIS 토큰 발급 실패: ('Connection aborted.', RemoteDisconnected('Remote end closed connection without response'))
2026-06-22 00:13:12,694 [WARNING] __main__ — KIS 토큰 발급 실패: ('Connection aborted.', RemoteDisconnected('Remote end closed connection without response'))
2026-06-22 00:13:13,150 [WARNING] __main__ — KIS 토큰 발급 실패: ('Connection aborted.', RemoteDisconnected('Remote end closed connection without response'))
2026-06-22 00:13:13,613 [WARNING] __main__ — KIS 토큰 발급 실패: ('Connection aborted.', RemoteDisconnected('Remote end closed connection without response'))
2026-06-22 00:13:14,093 [WARNING] __main__ — KIS 토큰 발급 실패: ('Connection aborted.', RemoteDisconnected('Remote end closed connection without response'))
2026-06-22 00:13:14,559 [WARNING] __main__ — KIS 토큰 발급 실패: ('Connection aborted.', RemoteDisconnected('Remote end closed connection without response'))
2026-06-22 00:13:15,022 [WARNING] __main__ — KIS 토큰 발급 실패: ('Connection aborted.', RemoteDisconnected('Remote end closed connection without response'))
2026-06-22 00:13:15,498 [WARNING] __main__ — KIS 토큰 발급 실패: ('Connection aborted.', RemoteDisconnected('Remote end closed connection without response'))
2026-06-22 00:13:15,945 [WARNING] __main__ — KIS 토큰 발급 실패: ('Connection aborted.', RemoteDisconnected('Remote end closed connection without response'))
2026-06-22 00:13:16,403 [WARNING] __main__ — KIS 토큰 발급 실패: ('Connection aborted.', RemoteDisconnected('Remote end closed connection without response'))
2026-06-22 00:13:16,867 [WARNING] __main__ — KIS 토큰 발급 실패: ('Connection aborted.', RemoteDisconnected('Remote end closed connection without response'))
2026-06-22 00:13:17,346 [WARNING] __main__ — KIS 토큰 발급 실패: ('Connection aborted.', RemoteDisconnected('Remote end closed connection without response'))
2026-06-22 00:13:17,810 [WARNING] __main__ — KIS 토큰 발급 실패: ('Connection aborted.', RemoteDisconnected('Remote end closed connection without response'))
2026-06-22 00:13:18,258 [WARNING] __main__ — KIS 토큰 발급 실패: ('Connection aborted.', RemoteDisconnected('Remote end closed connection without response'))
2026-06-22 00:13:18,732 [WARNING] __main__ — KIS 토큰 발급 실패: ('Connection aborted.', RemoteDisconnected('Remote end closed connection without response'))
2026-06-22 00:13:19,191 [WARNING] __main__ — KIS 토큰 발급 실패: ('Connection aborted.', RemoteDisconnected('Remote end closed connection without response'))
2026-06-22 00:13:19,648 [WARNING] __main__ — KIS 토큰 발급 실패: ('Connection aborted.', RemoteDisconnected('Remote end closed connection without response'))
2026-06-22 00:13:20,116 [WARNING] __main__ — KIS 토큰 발급 실패: ('Connection aborted.', RemoteDisconnected('Remote end closed connection without response'))
2026-06-22 00:13:20,585 [WARNING] __main__ — KIS 토큰 발급 실패: ('Connection aborted.', RemoteDisconnected('Remote end closed connection without response'))
2026-06-22 00:13:21,052 [WARNING] __main__ — KIS 토큰 발급 실패: ('Connection aborted.', RemoteDisconnected('Remote end closed connection without response'))
2026-06-22 00:13:21,520 [WARNING] __main__ — KIS 토큰 발급 실패: ('Connection aborted.', RemoteDisconnected('Remote end closed connection without response'))
2026-06-22 00:13:21,994 [WARNING] __main__ — KIS 토큰 발급 실패: ('Connection aborted.', RemoteDisconnected('Remote end closed connection without response'))
2026-06-22 00:13:22,457 [WARNING] __main__ — KIS 토큰 발급 실패: ('Connection aborted.', RemoteDisconnected('Remote end closed connection without response'))
2026-06-22 00:13:22,937 [WARNING] __main__ — KIS 토큰 발급 실패: ('Connection aborted.', RemoteDisconnected('Remote end closed connection without response'))
2026-06-22 00:13:23,403 [WARNING] __main__ — KIS 토큰 발급 실패: ('Connection aborted.', RemoteDisconnected('Remote end closed connection without response'))
2026-06-22 00:13:23,853 [WARNING] __main__ — KIS 토큰 발급 실패: ('Connection aborted.', RemoteDisconnected('Remote end closed connection without response'))
2026-06-22 00:13:24,302 [WARNING] __main__ — KIS 토큰 발급 실패: ('Connection aborted.', RemoteDisconnected('Remote end closed connection without response'))
2026-06-22 00:13:24,776 [WARNING] __main__ — KIS 토큰 발급 실패: ('Connection aborted.', RemoteDisconnected('Remote end closed connection without response'))
2026-06-22 00:13:25,249 [WARNING] __main__ — KIS 토큰 발급 실패: ('Connection aborted.', RemoteDisconnected('Remote end closed connection without response'))
2026-06-22 00:13:25,731 [WARNING] __main__ — KIS 토큰 발급 실패: ('Connection aborted.', RemoteDisconnected('Remote end closed connection without response'))
2026-06-22 00:13:26,179 [WARNING] __main__ — KIS 토큰 발급 실패: ('Connection aborted.', RemoteDisconnected('Remote end closed connection without response'))
2026-06-22 00:13:26,655 [WARNING] __main__ — KIS 토큰 발급 실패: ('Connection aborted.', RemoteDisconnected('Remote end closed connection without response'))
2026-06-22 00:13:27,121 [WARNING] __main__ — KIS 토큰 발급 실패: ('Connection aborted.', RemoteDisconnected('Remote end closed connection without response'))
2026-06-22 00:13:27,554 [WARNING] __main__ — KIS 토큰 발급 실패: ('Connection aborted.', RemoteDisconnected('Remote end closed connection without response'))
2026-06-22 00:13:28,027 [WARNING] __main__ — KIS 토큰 발급 실패: ('Connection aborted.', RemoteDisconnected('Remote end closed connection without response'))
2026-06-22 00:13:28,496 [WARNING] __main__ — KIS 토큰 발급 실패: ('Connection aborted.', RemoteDisconnected('Remote end closed connection without response'))
2026-06-22 00:13:28,960 [WARNING] __main__ — KIS 토큰 발급 실패: ('Connection aborted.', RemoteDisconnected('Remote end closed connection without response'))
2026-06-22 00:13:29,431 [WARNING] __main__ — KIS 토큰 발급 실패: ('Connection aborted.', RemoteDisconnected('Remote end closed connection without response'))
2026-06-22 00:13:29,902 [WARNING] __main__ — KIS 토큰 발급 실패: ('Connection aborted.', RemoteDisconnected('Remote end closed connection without response'))
2026-06-22 00:13:30,363 [WARNING] __main__ — KIS 토큰 발급 실패: ('Connection aborted.', RemoteDisconnected('Remote end closed connection without response'))
2026-06-22 00:13:30,843 [WARNING] __main__ — KIS 토큰 발급 실패: ('Connection aborted.', RemoteDisconnected('Remote end closed connection without response'))
2026-06-22 00:14:01,306 [INFO] __main__ — DART corp_code 매핑: 2201/2255개 (97%)
2026-06-22 00:14:01,306 [INFO] __main__ — 유효 유니버스: 2255개
2026-06-22 00:14:01,316 [INFO] __main__ —   → 2255개
2026-06-22 00:14:01,316 [INFO] __main__ — ▶ Step 1: 신호 탐지
2026-06-22 00:14:01,316 [INFO] __main__ — NaverClient: 3개 키 로드 (DataLab·검색 독립 회전)
2026-06-22 00:14:01,316 [INFO] __main__ — 관심 지수 및 부정 뉴스 비율 조회 중...
2026-06-22 00:16:57,691 [INFO] __main__ — 부정 키워드 감지: 30개 종목 (neg_ratio > 0)
2026-06-22 00:16:57,695 [INFO] __main__ — POOL_A: 166개 (A:150 B:6 동시:10)
  대형:8 중형:31 소형:127
2026-06-22 00:16:57,698 [INFO] __main__ —   → POOL_A: 166개
2026-06-22 00:16:57,698 [INFO] __main__ — ▶ Step 2: 하드 필터링
2026-06-22 00:16:57,698 [INFO] __main__ — 하드 필터 제거: 144개 | 이격도상한 24 | 이격도하한 38 | MA추세 74 | RSI과열 2 | 거래대금 6
2026-06-22 00:16:57,698 [INFO] __main__ — POOL_B: 22개 | 대형:2 중형:7 소형:13
2026-06-22 00:16:57,699 [INFO] __main__ —   → POOL_B: 22개
2026-06-22 00:16:57,699 [INFO] __main__ — ▶ Step 3: 스코어링 (FinBERT 감성 분석)
2026-06-22 00:16:57,699 [INFO] __main__ — NaverClient: 3개 키 로드 (DataLab·검색 독립 회전)
2026-06-22 00:16:57,699 [INFO] __main__ — 텍스트 신규 수집: 22종목 (캐시 적중 0종목)
2026-06-22 00:17:27,861 [INFO] __main__ — 수집 완료: 뉴스 217건 | 공시 195건
2026-06-22 00:17:27,861 [INFO] __main__ — FinBERT 감성 분석 (finbert 모드)...
2026-06-22 00:17:27,861 [INFO] __main__ — FinBERT 로딩: snunlp/KR-FinBert-SC (CPU, batch=8)
2026-06-22 00:17:28,013 [INFO] httpx — HTTP Request: GET https://huggingface.co/api/agent-harnesses "HTTP/1.1 200 OK"
2026-06-22 00:17:28,100 [INFO] httpx — HTTP Request: HEAD https://huggingface.co/snunlp/KR-FinBert-SC/resolve/main/config.json "HTTP/1.1 307 Temporary Redirect"
2026-06-22 00:17:28,101 [WARNING] huggingface_hub.utils._http — Warning: You are sending unauthenticated requests to the HF Hub. Please set a HF_TOKEN to enable higher rate limits and faster downloads.
2026-06-22 00:17:28,113 [INFO] httpx — HTTP Request: HEAD https://huggingface.co/api/resolve-cache/models/snunlp/KR-FinBert-SC/f8586286cc3161fb648e9fee09a456069fd846d0/config.json "HTTP/1.1 200 OK"
2026-06-22 00:17:28,232 [INFO] httpx — HTTP Request: HEAD https://huggingface.co/snunlp/KR-FinBert-SC/resolve/main/model.safetensors "HTTP/1.1 404 Not Found"
2026-06-22 00:17:28,320 [INFO] httpx — HTTP Request: GET https://huggingface.co/api/models/snunlp/KR-FinBert-SC "HTTP/1.1 200 OK"
2026-06-22 00:17:28,447 [INFO] httpx — HTTP Request: GET https://huggingface.co/api/models/snunlp/KR-FinBert-SC/commits/main "HTTP/1.1 200 OK"
2026-06-22 00:17:28,473 [INFO] httpx — HTTP Request: GET https://huggingface.co/api/models/snunlp/KR-FinBert-SC/tree/main/additional_chat_templates?recursive=false&expand=false "HTTP/1.1 404 Not Found"
2026-06-22 00:17:28,543 [INFO] httpx — HTTP Request: GET https://huggingface.co/api/models/snunlp/KR-FinBert-SC/discussions?p=0 "HTTP/1.1 200 OK"
2026-06-22 00:17:28,578 [INFO] httpx — HTTP Request: GET https://huggingface.co/api/models/snunlp/KR-FinBert-SC/tree/main?recursive=true&expand=false "HTTP/1.1 200 OK"
2026-06-22 00:17:28,642 [INFO] httpx — HTTP Request: GET https://huggingface.co/api/models/snunlp/KR-FinBert-SC/commits/refs%2Fpr%2F3 "HTTP/1.1 200 OK"
2026-06-22 00:17:28,734 [INFO] httpx — HTTP Request: HEAD https://huggingface.co/snunlp/KR-FinBert-SC/resolve/refs%2Fpr%2F3/model.safetensors.index.json "HTTP/1.1 404 Not Found"
2026-06-22 00:17:28,754 [INFO] httpx — HTTP Request: HEAD https://huggingface.co/snunlp/KR-FinBert-SC/resolve/main/processor_config.json "HTTP/1.1 404 Not Found"
2026-06-22 00:17:28,825 [INFO] httpx — HTTP Request: HEAD https://huggingface.co/snunlp/KR-FinBert-SC/resolve/refs%2Fpr%2F3/model.safetensors "HTTP/1.1 302 Found"
2026-06-22 00:17:28,845 [INFO] httpx — HTTP Request: HEAD https://huggingface.co/snunlp/KR-FinBert-SC/resolve/main/video_preprocessor_config.json "HTTP/1.1 404 Not Found"
2026-06-22 00:17:28,934 [INFO] httpx — HTTP Request: HEAD https://huggingface.co/snunlp/KR-FinBert-SC/resolve/main/preprocessor_config.json "HTTP/1.1 404 Not Found"
2026-06-22 00:17:28,935 [INFO] __main__ — FinBERT 로드 완료 (CPU)
2026-06-22 00:17:41,814 [INFO] __main__ — Phase A.1: 매핑 신뢰도 < 0.5 → 감성 점수 폐기 18건
2026-06-22 00:17:41,814 [INFO] __main__ — 스코어링: 22개 | 집중:0 | FinBERT:finbert
2026-06-22 00:17:41,830 [INFO] __main__ —   → 22개
2026-06-22 00:17:41,831 [INFO] __main__ — ▶ Step 4: 발송
2026-06-22 00:17:46,348 [INFO] __main__ — DB 기록: 2개 / 전체 to_send 2개
2026-06-22 00:17:46,349 [INFO] __main__ — 발송: 집중 0 / 주시 1
2026-06-22 00:17:46,349 [INFO] __main__ — 완료  |  소요: 1316.9초
